Prot.ID,NO,Residue,ATPseq Binding Sites,ATPseq Probability,ATPbind Binding Sites,ATPbind Probability
1fit_chainA,1,S,N,0.01858,N,0.016756
1fit_chainA,2,F,N,0.021944,N,0.024064
1fit_chainA,3,R,N,0.02866,N,0.036987
1fit_chainA,4,F,N,0.058123,N,0.093894
1fit_chainA,5,G,N,0.06587,N,0.072591
1fit_chainA,6,Q,N,0.022844,N,0.030043
1fit_chainA,7,H,N,0.085663,N,0.0498
1fit_chainA,8,L,N,0.110058,N,0.084954
1fit_chainA,9,I,N,0.135152,N,0.074347
1fit_chainA,10,K,N,0.077407,N,0.046748
1fit_chainA,11,P,N,0.042836,N,0.028372
1fit_chainA,12,S,N,0.072418,N,0.0407
1fit_chainA,13,V,N,0.031013,N,0.027108
1fit_chainA,14,V,N,0.060224,N,0.069843
1fit_chainA,15,F,N,0.059948,N,0.055599
1fit_chainA,16,L,N,0.055829,N,0.066153
1fit_chainA,17,K,N,0.049755,N,0.06797
1fit_chainA,18,T,N,0.048791,N,0.061694
1fit_chainA,19,E,N,0.024097,N,0.038799
1fit_chainA,20,L,N,0.021283,N,0.033807
1fit_chainA,21,S,N,0.034742,N,0.049172
1fit_chainA,22,F,N,0.060254,N,0.068731
1fit_chainA,23,A,N,0.082402,N,0.113095
1fit_chainA,24,L,N,0.073573,N,0.218097
1fit_chainA,25,V,N,0.154407,N,0.341175
1fit_chainA,26,N,N,0.256537,N,0.294084
1fit_chainA,27,R,N,0.143222,N,0.1512
1fit_chainA,28,K,N,0.148951,N,0.109133
1fit_chainA,29,P,N,0.184058,N,0.079861
1fit_chainA,30,V,N,0.132404,N,0.065534
1fit_chainA,31,V,N,0.145051,N,0.083412
1fit_chainA,32,P,N,0.207683,N,0.102978
1fit_chainA,33,G,N,0.0868,N,0.062737
1fit_chainA,34,H,N,0.148679,N,0.080921
1fit_chainA,35,V,N,0.355469,N,0.302581
1fit_chainA,36,L,N,0.117849,N,0.362464
1fit_chainA,37,V,B,0.685244,B,0.768041
1fit_chainA,38,C,N,0.108866,N,0.241794
1fit_chainA,39,P,N,0.30145,N,0.187601
1fit_chainA,40,L,N,0.329917,N,0.16062
1fit_chainA,41,R,N,0.105251,N,0.103034
1fit_chainA,42,P,N,0.148459,N,0.085857
1fit_chainA,43,V,N,0.079991,N,0.082603
1fit_chainA,44,E,N,0.065245,N,0.048705
1fit_chainA,45,R,N,0.209894,N,0.102442
1fit_chainA,46,F,N,0.095887,N,0.068559
1fit_chainA,47,H,N,0.031484,N,0.026973
1fit_chainA,48,D,N,0.027531,N,0.040971
1fit_chainA,49,L,N,0.047509,N,0.038795
1fit_chainA,50,R,N,0.053231,N,0.083627
1fit_chainA,51,P,N,0.042065,N,0.052707
1fit_chainA,52,D,N,0.090862,N,0.094071
1fit_chainA,53,E,N,0.052545,N,0.058881
1fit_chainA,54,V,N,0.018392,N,0.016303
1fit_chainA,55,A,N,0.043758,N,0.033946
1fit_chainA,56,D,N,0.087935,N,0.054816
1fit_chainA,57,L,N,0.05518,N,0.030794
1fit_chainA,58,F,N,0.027928,N,0.021083
1fit_chainA,59,Q,N,0.07836,N,0.094955
1fit_chainA,60,T,N,0.080619,N,0.128033
1fit_chainA,61,T,N,0.032949,N,0.024172
1fit_chainA,62,Q,N,0.046331,N,0.058786
1fit_chainA,63,R,N,0.049885,N,0.09036
1fit_chainA,64,V,N,0.031134,N,0.075111
1fit_chainA,65,G,N,0.030196,N,0.024495
1fit_chainA,66,T,N,0.03479,N,0.038739
1fit_chainA,67,V,N,0.063527,N,0.077282
1fit_chainA,68,V,N,0.033714,N,0.028961
1fit_chainA,69,E,N,0.047223,N,0.036087
1fit_chainA,70,K,N,0.068461,N,0.036192
1fit_chainA,71,H,N,0.088973,N,0.056145
1fit_chainA,72,F,N,0.063202,N,0.041821
1fit_chainA,73,H,N,0.0265,N,0.023267
1fit_chainA,74,G,N,0.0313,N,0.025561
1fit_chainA,75,T,N,0.024522,N,0.018297
1fit_chainA,76,S,N,0.058567,N,0.046357
1fit_chainA,77,L,N,0.022184,N,0.021481
1fit_chainA,78,T,N,0.02521,N,0.014805
1fit_chainA,79,F,N,0.042963,N,0.027272
1fit_chainA,80,S,N,0.081471,N,0.045437
1fit_chainA,81,Q,N,0.098894,N,0.066291
1fit_chainA,82,D,N,0.081761,N,0.043109
1fit_chainA,83,G,N,0.13472,N,0.087777
1fit_chainA,84,P,N,0.086822,N,0.05384
1fit_chainA,85,E,N,0.119261,N,0.054813
1fit_chainA,86,A,N,0.133012,N,0.054306
1fit_chainA,87,G,N,0.307036,N,0.136359
1fit_chainA,88,Q,N,0.180231,N,0.06848
1fit_chainA,89,T,N,0.154727,N,0.06353
1fit_chainA,90,V,N,0.367744,N,0.113945
1fit_chainA,91,K,N,0.092906,N,0.033455
1fit_chainA,92,H,B,0.596018,N,0.202438
1fit_chainA,93,V,N,0.188202,N,0.051106
1fit_chainA,94,H,N,0.302939,N,0.130355
1fit_chainA,95,V,N,0.069475,N,0.046437
1fit_chainA,96,H,N,0.270854,N,0.158696
1fit_chainA,97,V,N,0.19779,N,0.103135
1fit_chainA,98,L,N,0.190594,N,0.136878
1fit_chainA,99,P,N,0.075923,N,0.054428
1fit_chainA,100,R,N,0.142564,N,0.116012
1fit_chainA,101,K,N,0.314784,N,0.201094
1fit_chainA,102,A,N,0.157543,N,0.112512
1fit_chainA,103,G,N,0.050935,N,0.053263
1fit_chainA,104,D,N,0.099815,N,0.057666
1fit_chainA,105,A,N,0.057844,N,0.038325
1fit_chainA,106,S,N,0.092172,N,0.050592
1fit_chainA,107,W,N,0.083356,N,0.051824
1fit_chainA,108,R,N,0.095193,N,0.055324
1fit_chainA,109,S,N,0.082456,N,0.034692
1fit_chainA,110,E,N,0.077092,N,0.054454
1fit_chainA,111,E,N,0.061311,N,0.028728
1fit_chainA,112,E,N,0.025837,N,0.016039
1fit_chainA,113,A,N,0.047892,N,0.03761
1fit_chainA,114,A,N,0.023842,N,0.016418
1fit_chainA,115,E,N,0.031386,N,0.021609
1fit_chainA,116,A,N,0.057613,N,0.030591
1fit_chainA,117,A,N,0.019665,N,0.015067
1fit_chainA,118,A,N,0.019052,N,0.016122
1fit_chainA,119,L,N,0.012046,N,0.011371
1fit_chainA,120,R,N,0.025233,N,0.020116
1fit_chainA,121,V,N,0.018675,N,0.017025
1fit_chainA,122,Y,N,0.030836,N,0.026401
1fit_chainA,123,F,N,0.033233,N,0.019311
1fit_chainA,124,Q,N,0.040687,N,0.029223
