Prot.ID,NO,Residue,ATPseq Binding Sites,ATPseq Probability,ATPbind Binding Sites,ATPbind Probability
1twf_chainB,1,F,N,0.033377,N,0.033732
1twf_chainB,2,E,N,0.030111,N,0.025948
1twf_chainB,3,D,N,0.028897,N,0.031536
1twf_chainB,4,E,N,0.027943,N,0.024001
1twf_chainB,5,S,N,0.04038,N,0.029924
1twf_chainB,6,A,N,0.025128,N,0.024661
1twf_chainB,7,P,N,0.020932,N,0.025249
1twf_chainB,8,I,N,0.032601,N,0.024874
1twf_chainB,9,T,N,0.019409,N,0.022258
1twf_chainB,10,A,N,0.01911,N,0.022115
1twf_chainB,11,E,N,0.040808,N,0.050892
1twf_chainB,12,D,N,0.018611,N,0.021942
1twf_chainB,13,S,N,0.025183,N,0.018908
1twf_chainB,14,W,N,0.085934,N,0.07262
1twf_chainB,15,A,N,0.041452,N,0.025689
1twf_chainB,16,V,N,0.051163,N,0.046165
1twf_chainB,17,I,N,0.023653,N,0.020315
1twf_chainB,18,S,N,0.022622,N,0.020189
1twf_chainB,19,A,N,0.014302,N,0.01542
1twf_chainB,20,F,N,0.020848,N,0.021912
1twf_chainB,21,F,N,0.030774,N,0.029789
1twf_chainB,22,R,N,0.023499,N,0.027311
1twf_chainB,23,E,N,0.01889,N,0.018547
1twf_chainB,24,K,N,0.03551,N,0.037392
1twf_chainB,25,G,N,0.032323,N,0.036078
1twf_chainB,26,L,N,0.050218,N,0.05103
1twf_chainB,27,V,N,0.03308,N,0.031818
1twf_chainB,28,S,N,0.029279,N,0.024973
1twf_chainB,29,Q,N,0.019996,N,0.019359
1twf_chainB,30,Q,N,0.047965,N,0.043178
1twf_chainB,31,L,N,0.021533,N,0.020718
1twf_chainB,32,D,N,0.030196,N,0.02281
1twf_chainB,33,S,N,0.05865,N,0.036211
1twf_chainB,34,F,N,0.035282,N,0.030639
1twf_chainB,35,N,N,0.015802,N,0.015442
1twf_chainB,36,Q,N,0.034009,N,0.02716
1twf_chainB,37,F,N,0.041909,N,0.031509
1twf_chainB,38,V,N,0.019304,N,0.023336
1twf_chainB,39,D,N,0.014539,N,0.014008
1twf_chainB,40,Y,N,0.029426,N,0.022528
1twf_chainB,41,T,N,0.021276,N,0.018938
1twf_chainB,42,L,N,0.020386,N,0.020402
1twf_chainB,43,Q,N,0.024431,N,0.02078
1twf_chainB,44,D,N,0.038086,N,0.026579
1twf_chainB,45,I,N,0.01874,N,0.013718
1twf_chainB,46,I,N,0.031359,N,0.022521
1twf_chainB,47,C,N,0.032462,N,0.023187
1twf_chainB,48,E,N,0.03025,N,0.02524
1twf_chainB,49,D,N,0.024433,N,0.020479
1twf_chainB,50,S,N,0.050021,N,0.034407
1twf_chainB,51,T,N,0.02757,N,0.025719
1twf_chainB,52,L,N,0.040033,N,0.038371
1twf_chainB,53,I,N,0.024748,N,0.022199
1twf_chainB,54,E,N,0.027411,N,0.021799
1twf_chainB,55,I,N,0.030801,N,0.027216
1twf_chainB,56,S,N,0.041516,N,0.031349
1twf_chainB,57,F,N,0.038817,N,0.028336
1twf_chainB,58,G,N,0.024196,N,0.027777
1twf_chainB,59,K,N,0.011585,N,0.013234
1twf_chainB,60,I,N,0.037383,N,0.040786
1twf_chainB,61,Y,N,0.033234,N,0.034266
1twf_chainB,62,V,N,0.066815,N,0.05541
1twf_chainB,63,T,N,0.019282,N,0.019648
1twf_chainB,64,K,N,0.046203,N,0.0349
1twf_chainB,65,P,N,0.037332,N,0.035894
1twf_chainB,66,M,N,0.0502,N,0.04362
1twf_chainB,67,V,N,0.06147,N,0.055003
1twf_chainB,68,N,N,0.041446,N,0.029207
1twf_chainB,69,E,N,0.047273,N,0.021964
1twf_chainB,70,S,N,0.055242,N,0.031589
1twf_chainB,71,D,N,0.057345,N,0.036353
1twf_chainB,72,G,N,0.023462,N,0.018892
1twf_chainB,73,V,N,0.025508,N,0.0168
1twf_chainB,74,T,N,0.024507,N,0.015607
1twf_chainB,75,H,N,0.035602,N,0.02733
1twf_chainB,76,A,N,0.027574,N,0.019816
1twf_chainB,77,L,N,0.012792,N,0.00884
1twf_chainB,78,Y,N,0.021224,N,0.015022
1twf_chainB,79,P,N,0.013566,N,0.011949
1twf_chainB,80,Q,N,0.017126,N,0.014733
1twf_chainB,81,E,N,0.03213,N,0.027929
1twf_chainB,82,A,N,0.028922,N,0.020559
1twf_chainB,83,R,N,0.04869,N,0.034071
1twf_chainB,84,L,N,0.054452,N,0.035767
1twf_chainB,85,R,N,0.058135,N,0.040028
1twf_chainB,86,N,N,0.023575,N,0.020403
1twf_chainB,87,L,N,0.024178,N,0.017443
1twf_chainB,88,T,N,0.116278,N,0.059199
1twf_chainB,89,Y,N,0.059882,N,0.039251
1twf_chainB,90,S,N,0.039286,N,0.036373
1twf_chainB,91,S,N,0.024713,N,0.019773
1twf_chainB,92,G,N,0.017139,N,0.019724
1twf_chainB,93,L,N,0.011753,N,0.018148
1twf_chainB,94,F,N,0.023789,N,0.030305
1twf_chainB,95,V,N,0.012875,N,0.020671
1twf_chainB,96,D,N,0.022735,N,0.030494
1twf_chainB,97,V,N,0.01649,N,0.020635
1twf_chainB,98,K,N,0.01623,N,0.023932
1twf_chainB,99,K,N,0.015738,N,0.015065
1twf_chainB,100,R,N,0.024383,N,0.020632
1twf_chainB,101,T,N,0.030234,N,0.024763
1twf_chainB,102,Y,N,0.013478,N,0.014627
1twf_chainB,103,E,N,0.03187,N,0.02588
1twf_chainB,104,K,N,0.014639,N,0.016365
1twf_chainB,105,V,N,0.03816,N,0.034412
1twf_chainB,106,F,N,0.032614,N,0.031423
1twf_chainB,107,I,N,0.029076,N,0.026184
1twf_chainB,108,G,N,0.074861,N,0.049172
1twf_chainB,109,R,N,0.042726,N,0.031422
1twf_chainB,110,L,N,0.033591,N,0.025059
1twf_chainB,111,P,N,0.043587,N,0.034962
1twf_chainB,112,I,N,0.025371,N,0.020631
1twf_chainB,113,M,N,0.207007,N,0.074009
1twf_chainB,114,L,N,0.077454,N,0.040214
1twf_chainB,115,R,N,0.035585,N,0.028927
1twf_chainB,116,S,N,0.073097,N,0.065137
1twf_chainB,117,K,N,0.027276,N,0.025067
1twf_chainB,118,N,N,0.033642,N,0.037245
1twf_chainB,119,C,N,0.053619,N,0.034144
1twf_chainB,120,Y,N,0.044156,N,0.026718
1twf_chainB,121,L,N,0.030741,N,0.016526
1twf_chainB,122,S,N,0.042025,N,0.025374
1twf_chainB,123,E,N,0.015302,N,0.010011
1twf_chainB,124,A,N,0.018451,N,0.012863
1twf_chainB,125,T,N,0.029906,N,0.016824
1twf_chainB,126,E,N,0.023301,N,0.014351
1twf_chainB,127,S,N,0.025868,N,0.01566
1twf_chainB,128,D,N,0.037407,N,0.019986
1twf_chainB,129,L,N,0.051047,N,0.03429
1twf_chainB,130,Y,N,0.031903,N,0.017733
1twf_chainB,131,K,N,0.038767,N,0.025453
1twf_chainB,132,L,N,0.039684,N,0.021916
1twf_chainB,133,K,N,0.034769,N,0.020022
1twf_chainB,134,E,N,0.043974,N,0.025494
1twf_chainB,135,C,N,0.017923,N,0.014102
1twf_chainB,136,P,N,0.025573,N,0.019251
1twf_chainB,137,F,N,0.047009,N,0.030068
1twf_chainB,138,D,N,0.022257,N,0.018536
1twf_chainB,139,M,N,0.014018,N,0.010089
1twf_chainB,140,G,N,0.012097,N,0.014585
1twf_chainB,141,G,N,0.035723,N,0.0328
1twf_chainB,142,Y,N,0.027318,N,0.023218
1twf_chainB,143,F,N,0.062658,N,0.05074
1twf_chainB,144,I,N,0.041874,N,0.034682
1twf_chainB,145,I,N,0.063902,N,0.04473
1twf_chainB,146,N,N,0.042897,N,0.033876
1twf_chainB,147,G,N,0.022086,N,0.024092
1twf_chainB,148,S,N,0.030233,N,0.026199
1twf_chainB,149,E,N,0.03465,N,0.028708
1twf_chainB,150,K,N,0.082889,N,0.057453
1twf_chainB,151,V,N,0.043063,N,0.037649
1twf_chainB,152,L,N,0.025223,N,0.023044
1twf_chainB,153,I,N,0.033173,N,0.036414
1twf_chainB,154,A,N,0.047205,N,0.042483
1twf_chainB,155,Q,N,0.03161,N,0.029014
1twf_chainB,156,E,N,0.062585,N,0.046805
1twf_chainB,157,R,N,0.050513,N,0.047783
1twf_chainB,158,S,N,0.039741,N,0.042178
1twf_chainB,159,A,N,0.050196,N,0.045877
1twf_chainB,160,G,N,0.022134,N,0.021894
1twf_chainB,161,N,N,0.050601,N,0.046025
1twf_chainB,162,I,N,0.049607,N,0.047083
1twf_chainB,163,V,N,0.049374,N,0.034916
1twf_chainB,164,Q,N,0.070554,N,0.04423
1twf_chainB,165,V,N,0.033972,N,0.024203
1twf_chainB,166,F,N,0.054395,N,0.042599
1twf_chainB,167,K,N,0.060452,N,0.039385
1twf_chainB,168,K,N,0.043986,N,0.035209
1twf_chainB,169,A,N,0.070204,N,0.058317
1twf_chainB,170,A,N,0.032819,N,0.027685
1twf_chainB,171,P,N,0.038617,N,0.043108
1twf_chainB,172,S,N,0.036856,N,0.030196
1twf_chainB,173,P,N,0.065925,N,0.050857
1twf_chainB,174,I,N,0.030924,N,0.02593
1twf_chainB,175,S,N,0.039976,N,0.031062
1twf_chainB,176,H,N,0.038602,N,0.031406
1twf_chainB,177,V,N,0.015473,N,0.017259
1twf_chainB,178,A,N,0.019246,N,0.016082
1twf_chainB,179,E,N,0.023013,N,0.024483
1twf_chainB,180,I,N,0.033782,N,0.025325
1twf_chainB,181,R,N,0.059421,N,0.057016
1twf_chainB,182,S,N,0.038954,N,0.036739
1twf_chainB,183,A,N,0.040571,N,0.03977
1twf_chainB,184,L,N,0.042402,N,0.040948
1twf_chainB,185,E,N,0.039084,N,0.052084
1twf_chainB,186,K,N,0.041541,N,0.033501
1twf_chainB,187,G,N,0.048569,N,0.041604
1twf_chainB,188,S,N,0.042557,N,0.031918
1twf_chainB,189,R,N,0.056269,N,0.05087
1twf_chainB,190,F,N,0.025163,N,0.027137
1twf_chainB,191,I,N,0.032769,N,0.032164
1twf_chainB,192,S,N,0.038265,N,0.027335
1twf_chainB,193,T,N,0.058687,N,0.044814
1twf_chainB,194,L,N,0.024428,N,0.018445
1twf_chainB,195,Q,N,0.07021,N,0.042042
1twf_chainB,196,V,N,0.015618,N,0.010054
1twf_chainB,197,K,N,0.0636,N,0.045207
1twf_chainB,198,L,N,0.028519,N,0.012468
1twf_chainB,199,Y,N,0.070479,N,0.058189
1twf_chainB,200,G,N,0.024443,N,0.016815
1twf_chainB,201,R,N,0.094096,N,0.082344
1twf_chainB,202,E,N,0.061681,N,0.042661
1twf_chainB,203,G,N,0.026622,N,0.019362
1twf_chainB,204,S,N,0.041357,N,0.028434
1twf_chainB,205,S,N,0.026496,N,0.019733
1twf_chainB,206,A,N,0.038334,N,0.029232
1twf_chainB,207,R,N,0.057977,N,0.032007
1twf_chainB,208,T,N,0.035708,N,0.022217
1twf_chainB,209,I,N,0.042331,N,0.0259
1twf_chainB,210,K,N,0.061139,N,0.037171
1twf_chainB,211,A,N,0.038804,N,0.020755
1twf_chainB,212,T,N,0.03557,N,0.017798
1twf_chainB,213,L,N,0.046839,N,0.026423
1twf_chainB,214,P,N,0.03358,N,0.026264
1twf_chainB,215,Y,N,0.040866,N,0.025618
1twf_chainB,216,I,N,0.027101,N,0.018853
1twf_chainB,217,K,N,0.028459,N,0.029014
1twf_chainB,218,Q,N,0.041004,N,0.035762
1twf_chainB,219,D,N,0.060381,N,0.04372
1twf_chainB,220,I,N,0.042154,N,0.028521
1twf_chainB,221,P,N,0.059679,N,0.038696
1twf_chainB,222,I,N,0.013594,N,0.011123
1twf_chainB,223,V,N,0.060777,N,0.043171
1twf_chainB,224,I,N,0.044351,N,0.029261
1twf_chainB,225,I,N,0.039716,N,0.029623
1twf_chainB,226,F,N,0.031368,N,0.027756
1twf_chainB,227,R,N,0.024234,N,0.028843
1twf_chainB,228,A,N,0.021873,N,0.015296
1twf_chainB,229,L,N,0.017195,N,0.017449
1twf_chainB,230,G,N,0.016581,N,0.013364
1twf_chainB,231,I,N,0.018844,N,0.014664
1twf_chainB,232,I,N,0.029747,N,0.023105
1twf_chainB,233,P,N,0.022701,N,0.01617
1twf_chainB,234,D,N,0.030404,N,0.023674
1twf_chainB,235,G,N,0.024189,N,0.012935
1twf_chainB,236,E,N,0.03497,N,0.023152
1twf_chainB,237,I,N,0.01858,N,0.011208
1twf_chainB,238,L,N,0.020886,N,0.015016
1twf_chainB,239,E,N,0.059523,N,0.035543
1twf_chainB,240,H,N,0.055654,N,0.038695
1twf_chainB,241,I,N,0.044501,N,0.022005
1twf_chainB,242,C,N,0.040383,N,0.024128
1twf_chainB,243,Y,N,0.045075,N,0.031145
1twf_chainB,244,D,N,0.070244,N,0.048558
1twf_chainB,245,V,N,0.032057,N,0.024917
1twf_chainB,246,N,N,0.023972,N,0.015715
1twf_chainB,247,D,N,0.028452,N,0.01433
1twf_chainB,248,W,N,0.038229,N,0.019282
1twf_chainB,249,Q,N,0.049824,N,0.034572
1twf_chainB,250,M,N,0.019219,N,0.01096
1twf_chainB,251,L,N,0.039183,N,0.020243
1twf_chainB,252,E,N,0.049054,N,0.027942
1twf_chainB,253,M,N,0.037703,N,0.023484
1twf_chainB,254,L,N,0.025943,N,0.016462
1twf_chainB,255,K,N,0.051179,N,0.02982
1twf_chainB,256,P,N,0.021787,N,0.012103
1twf_chainB,257,C,N,0.026625,N,0.016594
1twf_chainB,258,V,N,0.040612,N,0.032517
1twf_chainB,259,E,N,0.048584,N,0.029061
1twf_chainB,260,D,N,0.030074,N,0.014625
1twf_chainB,261,G,N,0.030193,N,0.021034
1twf_chainB,262,F,N,0.019653,N,0.014363
1twf_chainB,263,V,N,0.034733,N,0.023676
1twf_chainB,264,I,N,0.025835,N,0.020397
1twf_chainB,265,Q,N,0.028936,N,0.019951
1twf_chainB,266,D,N,0.018906,N,0.013189
1twf_chainB,267,R,N,0.035655,N,0.027954
1twf_chainB,268,E,N,0.031823,N,0.020598
1twf_chainB,269,T,N,0.011054,N,0.005252
1twf_chainB,270,A,N,0.011814,N,0.008206
1twf_chainB,271,L,N,0.018006,N,0.012058
1twf_chainB,272,D,N,0.022489,N,0.016664
1twf_chainB,273,F,N,0.01366,N,0.012203
1twf_chainB,274,I,N,0.024533,N,0.017275
1twf_chainB,275,G,N,0.027086,N,0.029325
1twf_chainB,276,R,N,0.042657,N,0.03769
1twf_chainB,277,R,N,0.035598,N,0.025635
1twf_chainB,278,G,N,0.028342,N,0.026773
1twf_chainB,279,T,N,0.051768,N,0.035885
1twf_chainB,280,A,N,0.039456,N,0.027614
1twf_chainB,281,L,N,0.050975,N,0.03616
1twf_chainB,282,G,N,0.034175,N,0.035465
1twf_chainB,283,I,N,0.026244,N,0.018368
1twf_chainB,284,K,N,0.037805,N,0.030173
1twf_chainB,285,K,N,0.029241,N,0.030969
1twf_chainB,286,E,N,0.013674,N,0.039908
1twf_chainB,287,K,N,0.024914,N,0.021677
1twf_chainB,288,R,N,0.017494,N,0.015528
1twf_chainB,289,I,N,0.011484,N,0.008265
1twf_chainB,290,Q,N,0.026855,N,0.071112
1twf_chainB,291,Y,N,0.018533,N,0.014878
1twf_chainB,292,A,N,0.011217,N,0.008614
1twf_chainB,293,K,N,0.019734,N,0.0168
1twf_chainB,294,D,N,0.029293,N,0.022594
1twf_chainB,295,I,N,0.032161,N,0.021786
1twf_chainB,296,L,N,0.026165,N,0.019358
1twf_chainB,297,Q,N,0.018775,N,0.044537
1twf_chainB,298,K,N,0.033317,N,0.021762
1twf_chainB,299,E,N,0.043679,N,0.032314
1twf_chainB,300,F,N,0.029992,N,0.021457
1twf_chainB,301,L,N,0.019158,N,0.012395
1twf_chainB,302,P,N,0.024563,N,0.016566
1twf_chainB,303,H,N,0.039981,N,0.029824
1twf_chainB,304,I,N,0.030922,N,0.023002
1twf_chainB,305,T,N,0.018167,N,0.01416
1twf_chainB,306,Q,N,0.020722,N,0.014231
1twf_chainB,307,L,N,0.023514,N,0.011146
1twf_chainB,308,E,N,0.027227,N,0.018492
1twf_chainB,309,G,N,0.033635,N,0.023308
1twf_chainB,310,F,N,0.026291,N,0.018308
1twf_chainB,311,E,N,0.039067,N,0.031168
1twf_chainB,312,S,N,0.02704,N,0.021484
1twf_chainB,313,R,N,0.031632,N,0.09808
1twf_chainB,314,K,N,0.100503,N,0.065744
1twf_chainB,315,A,N,0.045728,N,0.044917
1twf_chainB,316,F,N,0.029669,N,0.087927
1twf_chainB,317,F,N,0.019213,N,0.038991
1twf_chainB,318,L,N,0.02424,N,0.017281
1twf_chainB,319,G,N,0.046591,N,0.037483
1twf_chainB,320,Y,N,0.019781,N,0.084104
1twf_chainB,321,M,N,0.024091,N,0.017089
1twf_chainB,322,I,N,0.036024,N,0.024774
1twf_chainB,323,N,N,0.038177,N,0.040103
1twf_chainB,324,R,N,0.021593,N,0.02178
1twf_chainB,325,L,N,0.013879,N,0.018287
1twf_chainB,326,L,N,0.025971,N,0.023472
1twf_chainB,327,L,N,0.024026,N,0.021797
1twf_chainB,328,C,N,0.021059,N,0.01801
1twf_chainB,329,A,N,0.032569,N,0.037202
1twf_chainB,330,L,N,0.043995,N,0.034405
1twf_chainB,331,D,N,0.032361,N,0.02566
1twf_chainB,332,R,N,0.019374,N,0.01396
1twf_chainB,333,K,N,0.020998,N,0.014679
1twf_chainB,334,D,N,0.031543,N,0.028583
1twf_chainB,335,Q,N,0.014781,N,0.011228
1twf_chainB,336,D,N,0.036736,N,0.029524
1twf_chainB,337,D,N,0.062489,N,0.04434
1twf_chainB,338,R,N,0.048634,N,0.042584
1twf_chainB,339,D,N,0.048867,N,0.037395
1twf_chainB,340,H,N,0.04838,N,0.037195
1twf_chainB,341,F,N,0.024849,N,0.026252
1twf_chainB,342,G,N,0.01826,N,0.016814
1twf_chainB,343,K,N,0.034466,N,0.029241
1twf_chainB,344,K,N,0.031592,N,0.026643
1twf_chainB,345,R,N,0.027723,N,0.029458
1twf_chainB,346,L,N,0.028109,N,0.017996
1twf_chainB,347,D,N,0.023352,N,0.026742
1twf_chainB,348,L,N,0.017022,N,0.016898
1twf_chainB,349,A,N,0.011704,N,0.012019
1twf_chainB,350,G,N,0.02097,N,0.0237
1twf_chainB,351,P,N,0.019435,N,0.018084
1twf_chainB,352,L,N,0.018802,N,0.020502
1twf_chainB,353,L,N,0.023785,N,0.018185
1twf_chainB,354,A,N,0.01369,N,0.014394
1twf_chainB,355,Q,N,0.019993,N,0.022484
1twf_chainB,356,L,N,0.019596,N,0.01537
1twf_chainB,357,F,N,0.02207,N,0.014451
1twf_chainB,358,K,N,0.029524,N,0.024989
1twf_chainB,359,T,N,0.023073,N,0.022044
1twf_chainB,360,L,N,0.017447,N,0.017078
1twf_chainB,361,F,N,0.038551,N,0.030265
1twf_chainB,362,K,N,0.020836,N,0.015849
1twf_chainB,363,K,N,0.053154,N,0.050241
1twf_chainB,364,L,N,0.018121,N,0.011899
1twf_chainB,365,T,N,0.037588,N,0.026611
1twf_chainB,366,K,N,0.032759,N,0.024676
1twf_chainB,367,D,N,0.024067,N,0.022779
1twf_chainB,368,I,N,0.027398,N,0.023272
1twf_chainB,369,F,N,0.034276,N,0.023458
1twf_chainB,370,R,N,0.03435,N,0.024523
1twf_chainB,371,Y,N,0.048992,N,0.042528
1twf_chainB,372,M,N,0.031544,N,0.023536
1twf_chainB,373,Q,N,0.062817,N,0.04035
1twf_chainB,374,R,N,0.030658,N,0.023383
1twf_chainB,375,T,N,0.026564,N,0.019583
1twf_chainB,376,V,N,0.044141,N,0.029194
1twf_chainB,377,E,N,0.023352,N,0.019461
1twf_chainB,378,L,N,0.043074,N,0.032343
1twf_chainB,379,A,N,0.039969,N,0.025005
1twf_chainB,380,I,N,0.07683,N,0.043369
1twf_chainB,381,N,N,0.048472,N,0.038464
1twf_chainB,382,A,N,0.050437,N,0.040312
1twf_chainB,383,K,N,0.067099,N,0.0427
1twf_chainB,384,T,N,0.022062,N,0.016908
1twf_chainB,385,I,N,0.034017,N,0.023736
1twf_chainB,386,T,N,0.030665,N,0.028675
1twf_chainB,387,S,N,0.017042,N,0.011921
1twf_chainB,388,G,N,0.015591,N,0.012026
1twf_chainB,389,L,N,0.026679,N,0.025789
1twf_chainB,390,K,N,0.047828,N,0.046404
1twf_chainB,391,Y,N,0.022811,N,0.018998
1twf_chainB,392,A,N,0.027115,N,0.020189
1twf_chainB,393,L,N,0.042258,N,0.041132
1twf_chainB,394,A,N,0.0284,N,0.025005
1twf_chainB,395,T,N,0.035279,N,0.032619
1twf_chainB,396,G,N,0.023767,N,0.01928
1twf_chainB,397,N,N,0.02968,N,0.022009
1twf_chainB,398,W,N,0.022581,N,0.015992
1twf_chainB,399,G,N,0.030373,N,0.024043
1twf_chainB,400,A,N,0.053915,N,0.031285
1twf_chainB,401,G,N,0.029938,N,0.023542
1twf_chainB,402,V,N,0.027699,N,0.022267
1twf_chainB,403,S,N,0.048347,N,0.025323
1twf_chainB,404,Q,N,0.029922,N,0.018258
1twf_chainB,405,V,N,0.035574,N,0.02018
1twf_chainB,406,L,N,0.062474,N,0.032926
1twf_chainB,407,N,N,0.049568,N,0.029836
1twf_chainB,408,R,N,0.053802,N,0.049087
1twf_chainB,409,Y,N,0.049511,N,0.036519
1twf_chainB,410,T,N,0.062438,N,0.050314
1twf_chainB,411,Y,N,0.022193,N,0.025002
1twf_chainB,412,S,N,0.033896,N,0.033101
1twf_chainB,413,S,N,0.038622,N,0.031159
1twf_chainB,414,T,N,0.026282,N,0.031455
1twf_chainB,415,L,N,0.025592,N,0.025112
1twf_chainB,416,S,N,0.022201,N,0.020569
1twf_chainB,417,H,N,0.027579,N,0.022832
1twf_chainB,418,L,N,0.027274,N,0.022086
1twf_chainB,419,R,N,0.050928,N,0.040648
1twf_chainB,420,R,N,0.059545,N,0.048913
1twf_chainB,421,T,N,0.064337,N,0.043168
1twf_chainB,422,N,N,0.077078,N,0.059488
1twf_chainB,423,T,N,0.042768,N,0.033892
1twf_chainB,424,P,N,0.015783,N,0.014924
1twf_chainB,425,I,N,0.029117,N,0.028347
1twf_chainB,426,A,N,0.026616,N,0.017983
1twf_chainB,427,K,N,0.034143,N,0.026655
1twf_chainB,428,P,N,0.041349,N,0.025227
1twf_chainB,429,R,N,0.052682,N,0.036909
1twf_chainB,430,Q,N,0.057122,N,0.039256
1twf_chainB,431,L,N,0.036066,N,0.021117
1twf_chainB,432,H,N,0.044923,N,0.026403
1twf_chainB,433,N,N,0.039968,N,0.027581
1twf_chainB,434,T,N,0.029549,N,0.020486
1twf_chainB,435,H,N,0.054659,N,0.028908
1twf_chainB,436,W,N,0.044266,N,0.032841
1twf_chainB,437,G,N,0.057063,N,0.054101
1twf_chainB,438,L,N,0.044331,N,0.04006
1twf_chainB,439,V,N,0.030663,N,0.024026
1twf_chainB,440,C,N,0.026289,N,0.02441
1twf_chainB,441,P,N,0.033552,N,0.034175
1twf_chainB,442,A,N,0.020969,N,0.015682
1twf_chainB,443,E,N,0.034518,N,0.026361
1twf_chainB,444,T,N,0.014456,N,0.013222
1twf_chainB,445,P,N,0.023601,N,0.045742
1twf_chainB,446,E,N,0.030126,N,0.043944
1twf_chainB,447,G,N,0.012489,N,0.014505
1twf_chainB,448,Q,N,0.011138,N,0.011975
1twf_chainB,449,A,N,0.028104,N,0.032239
1twf_chainB,450,C,N,0.041819,N,0.030039
1twf_chainB,451,G,N,0.062331,N,0.053459
1twf_chainB,452,L,N,0.079336,N,0.09152
1twf_chainB,453,V,N,0.043362,N,0.16753
1twf_chainB,454,K,N,0.031736,N,0.154706
1twf_chainB,455,N,N,0.041023,N,0.204553
1twf_chainB,456,L,N,0.045805,N,0.234332
1twf_chainB,457,S,N,0.032886,N,0.133715
1twf_chainB,458,L,N,0.039403,N,0.16817
1twf_chainB,459,M,N,0.027388,N,0.108757
1twf_chainB,460,S,N,0.024582,N,0.10071
1twf_chainB,461,C,N,0.031719,N,0.039531
1twf_chainB,462,I,N,0.029729,N,0.031128
1twf_chainB,463,S,N,0.047203,N,0.040037
1twf_chainB,464,V,N,0.016707,N,0.015116
1twf_chainB,465,G,N,0.043937,N,0.039035
1twf_chainB,466,T,N,0.028202,N,0.019432
1twf_chainB,467,D,N,0.026435,N,0.021442
1twf_chainB,468,P,N,0.027584,N,0.025944
1twf_chainB,469,M,N,0.01875,N,0.048942
1twf_chainB,470,P,N,0.039523,N,0.037424
1twf_chainB,471,I,N,0.050493,N,0.03667
1twf_chainB,472,I,N,0.070501,N,0.172031
1twf_chainB,473,T,N,0.07423,N,0.034093
1twf_chainB,474,F,N,0.068466,N,0.041559
1twf_chainB,475,L,N,0.070908,N,0.149178
1twf_chainB,476,S,N,0.054802,N,0.047769
1twf_chainB,477,E,N,0.067851,N,0.058966
1twf_chainB,478,W,N,0.036995,N,0.025627
1twf_chainB,479,G,N,0.078251,N,0.047986
1twf_chainB,480,M,N,0.046139,N,0.037932
1twf_chainB,481,E,N,0.042567,N,0.019835
1twf_chainB,482,P,N,0.022313,N,0.014433
1twf_chainB,483,L,N,0.047263,N,0.027084
1twf_chainB,484,E,N,0.03681,N,0.018016
1twf_chainB,485,D,N,0.023712,N,0.012945
1twf_chainB,486,Y,N,0.018493,N,0.011353
1twf_chainB,487,V,N,0.027441,N,0.018502
1twf_chainB,488,P,N,0.027541,N,0.020411
1twf_chainB,489,H,N,0.05972,N,0.042027
1twf_chainB,490,Q,N,0.039443,N,0.026403
1twf_chainB,491,S,N,0.026977,N,0.025426
1twf_chainB,492,P,N,0.036314,N,0.028157
1twf_chainB,493,D,N,0.017638,N,0.022613
1twf_chainB,494,A,N,0.031324,N,0.028458
1twf_chainB,495,T,N,0.008831,N,0.010368
1twf_chainB,496,R,N,0.015944,N,0.018037
1twf_chainB,497,V,N,0.021728,N,0.023985
1twf_chainB,498,F,N,0.038933,N,0.039615
1twf_chainB,499,V,N,0.025436,N,0.019209
1twf_chainB,500,N,N,0.070745,N,0.050985
1twf_chainB,501,G,N,0.060912,N,0.055088
1twf_chainB,502,V,N,0.0472,N,0.047307
1twf_chainB,503,W,N,0.03292,N,0.027746
1twf_chainB,504,H,N,0.029297,N,0.029792
1twf_chainB,505,G,N,0.025867,N,0.021489
1twf_chainB,506,V,N,0.033364,N,0.02827
1twf_chainB,507,H,N,0.022313,N,0.014056
1twf_chainB,508,R,N,0.023178,N,0.02924
1twf_chainB,509,N,N,0.025273,N,0.021041
1twf_chainB,510,P,N,0.024258,N,0.024936
1twf_chainB,511,A,N,0.03408,N,0.022733
1twf_chainB,512,R,N,0.039632,N,0.031385
1twf_chainB,513,L,N,0.027547,N,0.023383
1twf_chainB,514,M,N,0.022726,N,0.021148
1twf_chainB,515,E,N,0.024341,N,0.021711
1twf_chainB,516,T,N,0.021856,N,0.022155
1twf_chainB,517,L,N,0.020454,N,0.017688
1twf_chainB,518,R,N,0.058166,N,0.032755
1twf_chainB,519,T,N,0.036327,N,0.022316
1twf_chainB,520,L,N,0.02478,N,0.023161
1twf_chainB,521,R,N,0.110485,N,0.069717
1twf_chainB,522,R,N,0.071655,N,0.054386
1twf_chainB,523,K,N,0.028555,N,0.023352
1twf_chainB,524,G,N,0.051624,N,0.049458
1twf_chainB,525,D,N,0.061564,N,0.05414
1twf_chainB,526,I,N,0.044301,N,0.037102
1twf_chainB,527,N,N,0.041077,N,0.035901
1twf_chainB,528,P,N,0.028177,N,0.028866
1twf_chainB,529,E,N,0.01446,N,0.017568
1twf_chainB,530,V,N,0.017574,N,0.014795
1twf_chainB,531,S,N,0.032696,N,0.021062
1twf_chainB,532,M,N,0.036094,N,0.024049
1twf_chainB,533,I,N,0.03001,N,0.019242
1twf_chainB,534,R,N,0.073272,N,0.041239
1twf_chainB,535,D,N,0.042244,N,0.024725
1twf_chainB,536,I,N,0.027069,N,0.017365
1twf_chainB,537,R,N,0.046682,N,0.031875
1twf_chainB,538,E,N,0.046016,N,0.03577
1twf_chainB,539,K,N,0.027495,N,0.027258
1twf_chainB,540,E,N,0.018903,N,0.017245
1twf_chainB,541,L,N,0.044595,N,0.031227
1twf_chainB,542,K,N,0.028909,N,0.030048
1twf_chainB,543,I,N,0.034794,N,0.024863
1twf_chainB,544,F,N,0.033465,N,0.029955
1twf_chainB,545,T,N,0.022524,N,0.020765
1twf_chainB,546,D,N,0.026419,N,0.022813
1twf_chainB,547,A,N,0.016064,N,0.016984
1twf_chainB,548,G,N,0.035505,N,0.033595
1twf_chainB,549,R,N,0.102099,N,0.070076
1twf_chainB,550,V,N,0.043608,N,0.028183
1twf_chainB,551,Y,N,0.037108,N,0.030848
1twf_chainB,552,R,N,0.027884,N,0.021628
1twf_chainB,553,P,N,0.055826,N,0.051085
1twf_chainB,554,L,N,0.023864,N,0.0242
1twf_chainB,555,F,N,0.037487,N,0.033445
1twf_chainB,556,I,N,0.041027,N,0.031192
1twf_chainB,557,V,N,0.276968,N,0.093518
1twf_chainB,558,E,N,0.072954,N,0.070257
1twf_chainB,559,D,N,0.054004,N,0.053362
1twf_chainB,560,D,N,0.027524,N,0.02411
1twf_chainB,561,E,N,0.036532,N,0.036854
1twf_chainB,562,S,N,0.030982,N,0.018195
1twf_chainB,563,L,N,0.070768,N,0.045908
1twf_chainB,564,G,N,0.061449,N,0.033415
1twf_chainB,565,H,N,0.025619,N,0.019737
1twf_chainB,566,K,N,0.026935,N,0.01738
1twf_chainB,567,E,N,0.016488,N,0.009967
1twf_chainB,568,L,N,0.031232,N,0.020779
1twf_chainB,569,K,N,0.036592,N,0.025776
1twf_chainB,570,V,N,0.019617,N,0.013336
1twf_chainB,571,R,N,0.040951,N,0.042378
1twf_chainB,572,K,N,0.021588,N,0.027647
1twf_chainB,573,G,N,0.034652,N,0.025893
1twf_chainB,574,H,N,0.030267,N,0.031048
1twf_chainB,575,I,N,0.016982,N,0.010534
1twf_chainB,576,A,N,0.021558,N,0.016672
1twf_chainB,577,K,N,0.032322,N,0.027236
1twf_chainB,578,L,N,0.022626,N,0.014226
1twf_chainB,579,M,N,0.039793,N,0.029944
1twf_chainB,580,A,N,0.030866,N,0.019164
1twf_chainB,581,T,N,0.025548,N,0.018965
1twf_chainB,582,E,N,0.03037,N,0.021368
1twf_chainB,583,Y,N,0.03069,N,0.018323
1twf_chainB,584,Q,N,0.038715,N,0.027197
1twf_chainB,585,D,N,0.037356,N,0.020669
1twf_chainB,586,E,N,0.02546,N,0.016316
1twf_chainB,587,Y,N,0.043771,N,0.022628
1twf_chainB,588,T,N,0.036617,N,0.015628
1twf_chainB,589,W,N,0.043775,N,0.027727
1twf_chainB,590,S,N,0.039738,N,0.03087
1twf_chainB,591,S,N,0.057086,N,0.037932
1twf_chainB,592,L,N,0.046037,N,0.024918
1twf_chainB,593,L,N,0.08343,N,0.050386
1twf_chainB,594,N,N,0.052288,N,0.035837
1twf_chainB,595,E,N,0.049737,N,0.039341
1twf_chainB,596,G,N,0.034945,N,0.028076
1twf_chainB,597,L,N,0.020588,N,0.021017
1twf_chainB,598,V,N,0.0287,N,0.016856
1twf_chainB,599,E,N,0.016929,N,0.01231
1twf_chainB,600,Y,N,0.043945,N,0.037345
1twf_chainB,601,I,N,0.035597,N,0.024724
1twf_chainB,602,D,N,0.023718,N,0.074804
1twf_chainB,603,A,N,0.03937,N,0.042012
1twf_chainB,604,E,N,0.021265,N,0.047675
1twf_chainB,605,E,N,0.017233,N,0.084038
1twf_chainB,606,E,N,0.034092,N,0.108262
1twf_chainB,607,E,N,0.032851,N,0.04023
1twf_chainB,608,S,N,0.014683,N,0.023702
1twf_chainB,609,I,N,0.037753,N,0.121799
1twf_chainB,610,L,N,0.015661,N,0.023597
1twf_chainB,611,I,N,0.049289,N,0.044428
1twf_chainB,612,A,N,0.030502,N,0.023855
1twf_chainB,613,M,N,0.035293,N,0.023333
1twf_chainB,614,Q,N,0.066461,N,0.048514
1twf_chainB,615,P,N,0.031067,N,0.03331
1twf_chainB,616,E,N,0.010125,N,0.011047
1twf_chainB,617,D,N,0.019164,N,0.023667
1twf_chainB,618,L,N,0.028956,N,0.025349
1twf_chainB,619,E,N,0.039542,N,0.030644
1twf_chainB,620,P,N,0.037048,N,0.028407
1twf_chainB,621,D,N,0.037964,N,0.034191
1twf_chainB,622,V,N,0.041712,N,0.023312
1twf_chainB,623,D,N,0.043908,N,0.022003
1twf_chainB,624,P,N,0.026656,N,0.014305
1twf_chainB,625,A,N,0.021332,N,0.012859
1twf_chainB,626,K,N,0.035021,N,0.026579
1twf_chainB,627,R,N,0.029212,N,0.024613
1twf_chainB,628,I,N,0.020812,N,0.015073
1twf_chainB,629,R,N,0.046077,N,0.034559
1twf_chainB,630,V,N,0.03694,N,0.027408
1twf_chainB,631,S,N,0.04865,N,0.024882
1twf_chainB,632,H,N,0.024196,N,0.021291
1twf_chainB,633,H,N,0.026603,N,0.028649
1twf_chainB,634,A,N,0.02338,N,0.015529
1twf_chainB,635,T,N,0.035015,N,0.023977
1twf_chainB,636,T,N,0.021358,N,0.012755
1twf_chainB,637,F,N,0.032675,N,0.021566
1twf_chainB,638,T,N,0.033229,N,0.025721
1twf_chainB,639,H,N,0.058362,N,0.042719
1twf_chainB,640,C,N,0.03553,N,0.020161
1twf_chainB,641,E,N,0.057799,N,0.040608
1twf_chainB,642,I,N,0.035687,N,0.021047
1twf_chainB,643,H,N,0.031447,N,0.0247
1twf_chainB,644,P,N,0.038571,N,0.024122
1twf_chainB,645,S,N,0.056349,N,0.051953
1twf_chainB,646,M,N,0.057367,N,0.043175
1twf_chainB,647,I,N,0.033566,N,0.021572
1twf_chainB,648,L,N,0.026837,N,0.02276
1twf_chainB,649,G,N,0.03631,N,0.022599
1twf_chainB,650,V,N,0.042045,N,0.026319
1twf_chainB,651,A,N,0.014718,N,0.009826
1twf_chainB,652,A,N,0.018234,N,0.016565
1twf_chainB,653,S,N,0.016882,N,0.013404
1twf_chainB,654,I,N,0.018861,N,0.019752
1twf_chainB,655,I,N,0.047448,N,0.043461
1twf_chainB,656,P,N,0.031794,N,0.151697
1twf_chainB,657,F,N,0.050446,N,0.038187
1twf_chainB,658,P,N,0.03656,N,0.048533
1twf_chainB,659,D,N,0.047384,N,0.073113
1twf_chainB,660,H,N,0.032305,B,0.395141
1twf_chainB,661,N,N,0.045515,N,0.254624
1twf_chainB,662,Q,N,0.044144,B,0.535291
1twf_chainB,663,S,N,0.054861,B,0.544449
1twf_chainB,664,P,N,0.026586,N,0.358133
1twf_chainB,665,R,N,0.336745,B,0.897941
1twf_chainB,666,N,N,0.048678,N,0.060664
1twf_chainB,667,T,N,0.044944,N,0.064856
1twf_chainB,668,Y,N,0.034457,N,0.050068
1twf_chainB,669,Q,N,0.02811,N,0.039296
1twf_chainB,670,S,N,0.04738,N,0.04508
1twf_chainB,671,A,N,0.055299,N,0.054778
1twf_chainB,672,M,N,0.050516,N,0.039121
1twf_chainB,673,G,N,0.065624,N,0.046625
1twf_chainB,674,K,N,0.08995,N,0.059157
1twf_chainB,675,Q,N,0.411393,N,0.23954
1twf_chainB,676,A,N,0.083397,N,0.054099
1twf_chainB,677,M,N,0.042673,N,0.036438
1twf_chainB,678,G,N,0.041348,N,0.043835
1twf_chainB,679,V,N,0.02773,N,0.032268
1twf_chainB,680,F,N,0.018652,N,0.023608
1twf_chainB,681,L,N,0.020753,N,0.024362
1twf_chainB,682,T,N,0.021068,N,0.022247
1twf_chainB,683,N,N,0.037922,N,0.034715
1twf_chainB,684,Y,N,0.028184,N,0.031616
1twf_chainB,685,N,N,0.039189,N,0.044196
1twf_chainB,686,V,N,0.043233,N,0.037275
1twf_chainB,687,R,N,0.044906,N,0.04928
1twf_chainB,688,M,N,0.084776,N,0.055992
1twf_chainB,689,D,N,0.069679,N,0.06404
1twf_chainB,690,T,N,0.033791,N,0.03014
1twf_chainB,691,M,N,0.021825,N,0.017635
1twf_chainB,692,A,N,0.031719,N,0.034369
1twf_chainB,693,N,N,0.034532,N,0.033702
1twf_chainB,694,I,N,0.031068,N,0.030085
1twf_chainB,695,L,N,0.025832,N,0.021633
1twf_chainB,696,Y,N,0.01977,N,0.017356
1twf_chainB,697,Y,N,0.027793,N,0.021914
1twf_chainB,698,P,N,0.04217,N,0.029254
1twf_chainB,699,Q,N,0.09334,N,0.069876
1twf_chainB,700,K,N,0.051425,N,0.048362
1twf_chainB,701,P,N,0.065203,N,0.058057
1twf_chainB,702,L,N,0.066058,N,0.042503
1twf_chainB,703,G,N,0.047554,N,0.032182
1twf_chainB,704,T,N,0.070719,N,0.04598
1twf_chainB,705,T,N,0.026967,N,0.016063
1twf_chainB,706,R,N,0.024881,N,0.023631
1twf_chainB,707,A,N,0.035211,N,0.032725
1twf_chainB,708,M,N,0.040811,N,0.029943
1twf_chainB,709,E,N,0.048038,N,0.039889
1twf_chainB,710,Y,N,0.022008,N,0.015257
1twf_chainB,711,L,N,0.015436,N,0.01105
1twf_chainB,712,K,N,0.038456,N,0.032417
1twf_chainB,713,F,N,0.02287,N,0.021453
1twf_chainB,714,R,N,0.022065,N,0.023534
1twf_chainB,715,E,N,0.03784,N,0.028309
1twf_chainB,716,L,N,0.049277,N,0.037581
1twf_chainB,717,P,N,0.02563,N,0.016387
1twf_chainB,718,A,N,0.086922,N,0.059818
1twf_chainB,719,G,N,0.036548,N,0.031615
1twf_chainB,720,Q,N,0.042851,N,0.039045
1twf_chainB,721,N,N,0.037666,N,0.025302
1twf_chainB,722,A,N,0.01912,N,0.021129
1twf_chainB,723,I,N,0.018713,N,0.022124
1twf_chainB,724,V,N,0.053659,N,0.028394
1twf_chainB,725,A,N,0.037859,N,0.020797
1twf_chainB,726,I,N,0.044347,N,0.032536
1twf_chainB,727,A,N,0.061506,N,0.042379
1twf_chainB,728,C,N,0.024214,N,0.022209
1twf_chainB,729,Y,N,0.058459,N,0.047457
1twf_chainB,730,S,N,0.030668,N,0.024424
1twf_chainB,731,G,N,0.040879,N,0.03116
1twf_chainB,732,Y,N,0.059762,N,0.031825
1twf_chainB,733,N,N,0.06384,N,0.040428
1twf_chainB,734,Q,N,0.040711,N,0.031373
1twf_chainB,735,E,N,0.029466,N,0.031364
1twf_chainB,736,D,N,0.024546,N,0.023422
1twf_chainB,737,S,N,0.023907,N,0.027552
1twf_chainB,738,M,N,0.030121,N,0.028179
1twf_chainB,739,I,N,0.030376,N,0.025284
1twf_chainB,740,M,N,0.027879,N,0.02223
1twf_chainB,741,N,N,0.047808,N,0.04149
1twf_chainB,742,Q,N,0.028125,N,0.024221
1twf_chainB,743,S,N,0.020336,N,0.016457
1twf_chainB,744,S,N,0.03836,N,0.030007
1twf_chainB,745,I,N,0.030224,N,0.027606
1twf_chainB,746,D,N,0.028518,N,0.02594
1twf_chainB,747,R,N,0.054727,N,0.038706
1twf_chainB,748,G,N,0.028446,N,0.025633
1twf_chainB,749,L,N,0.041224,N,0.028415
1twf_chainB,750,F,N,0.06245,N,0.044202
1twf_chainB,751,R,N,0.041275,N,0.035375
1twf_chainB,752,S,N,0.090789,N,0.057563
1twf_chainB,753,L,N,0.035281,N,0.028405
1twf_chainB,754,F,N,0.023813,N,0.022566
1twf_chainB,755,F,N,0.065221,N,0.043212
1twf_chainB,756,R,N,0.024174,N,0.026518
1twf_chainB,757,S,N,0.034731,N,0.024124
1twf_chainB,758,Y,N,0.031098,N,0.031022
1twf_chainB,759,M,N,0.024254,N,0.033843
1twf_chainB,760,D,N,0.021791,N,0.032455
1twf_chainB,761,Q,N,0.054157,N,0.050839
1twf_chainB,762,E,N,0.032163,N,0.043342
1twf_chainB,763,K,N,0.06611,N,0.222553
1twf_chainB,764,K,N,0.04041,N,0.198805
1twf_chainB,765,Y,N,0.030791,N,0.059703
1twf_chainB,766,G,N,0.039926,N,0.15528
1twf_chainB,767,M,N,0.027578,N,0.049
1twf_chainB,768,S,N,0.032693,N,0.151168
1twf_chainB,769,I,N,0.043761,N,0.054691
1twf_chainB,770,T,N,0.042295,N,0.044413
1twf_chainB,771,E,N,0.074857,N,0.06906
1twf_chainB,772,T,N,0.09629,N,0.068141
1twf_chainB,773,F,N,0.118742,N,0.092567
1twf_chainB,774,E,N,0.068457,N,0.045805
1twf_chainB,775,K,N,0.028462,N,0.017047
1twf_chainB,776,P,N,0.030243,N,0.016515
1twf_chainB,777,Q,N,0.041596,N,0.03459
1twf_chainB,778,R,N,0.038238,N,0.028404
1twf_chainB,779,T,N,0.032829,N,0.026176
1twf_chainB,780,N,N,0.038688,N,0.028157
1twf_chainB,781,T,N,0.046075,N,0.02756
1twf_chainB,782,L,N,0.027596,N,0.020571
1twf_chainB,783,R,N,0.043907,N,0.039827
1twf_chainB,784,M,N,0.024902,N,0.022001
1twf_chainB,785,K,N,0.015471,N,0.016021
1twf_chainB,786,H,N,0.024203,N,0.019668
1twf_chainB,787,G,N,0.012734,N,0.016261
1twf_chainB,788,T,N,0.017362,N,0.013561
1twf_chainB,789,Y,N,0.048789,N,0.038506
1twf_chainB,790,D,N,0.031853,N,0.023412
1twf_chainB,791,K,N,0.027335,N,0.025651
1twf_chainB,792,L,N,0.042086,N,0.030722
1twf_chainB,793,D,N,0.033197,N,0.028443
1twf_chainB,794,D,N,0.024972,N,0.023585
1twf_chainB,795,D,N,0.042681,N,0.037022
1twf_chainB,796,G,N,0.043019,N,0.034453
1twf_chainB,797,L,N,0.062391,N,0.056667
1twf_chainB,798,I,N,0.063841,N,0.04631
1twf_chainB,799,A,N,0.024908,N,0.024948
1twf_chainB,800,P,N,0.048162,N,0.041689
1twf_chainB,801,G,N,0.060265,N,0.050661
1twf_chainB,802,V,N,0.044281,N,0.029657
1twf_chainB,803,R,N,0.054328,N,0.040742
1twf_chainB,804,V,N,0.035783,N,0.028647
1twf_chainB,805,S,N,0.018535,N,0.020604
1twf_chainB,806,G,N,0.016479,N,0.016227
1twf_chainB,807,E,N,0.032865,N,0.033874
1twf_chainB,808,D,N,0.058503,N,0.046969
1twf_chainB,809,V,N,0.036868,N,0.035937
1twf_chainB,810,I,N,0.042353,N,0.034478
1twf_chainB,811,I,N,0.067142,N,0.050494
1twf_chainB,812,G,N,0.044447,N,0.037411
1twf_chainB,813,K,N,0.072586,N,0.048128
1twf_chainB,814,T,N,0.017478,N,0.016712
1twf_chainB,815,T,N,0.055604,N,0.050102
1twf_chainB,816,P,N,0.033234,N,0.038084
1twf_chainB,817,I,N,0.071346,N,0.043218
1twf_chainB,818,S,N,0.058738,N,0.030673
1twf_chainB,819,S,N,0.040616,N,0.02833
1twf_chainB,820,K,N,0.044048,N,0.041964
1twf_chainB,821,R,N,0.093125,N,0.064696
1twf_chainB,822,D,N,0.089363,N,0.06674
1twf_chainB,823,A,N,0.052247,N,0.049893
1twf_chainB,824,S,N,0.086594,N,0.062123
1twf_chainB,825,T,N,0.060238,N,0.040898
1twf_chainB,826,P,N,0.078057,N,0.075946
1twf_chainB,827,L,N,0.036907,N,0.03336
1twf_chainB,828,R,N,0.029444,N,0.03939
1twf_chainB,829,S,N,0.019334,N,0.023803
1twf_chainB,830,T,N,0.034673,N,0.029843
1twf_chainB,831,E,N,0.036625,N,0.030359
1twf_chainB,832,N,N,0.049043,N,0.035728
1twf_chainB,833,G,N,0.069046,N,0.045563
1twf_chainB,834,I,N,0.043888,N,0.050299
1twf_chainB,835,V,N,0.089426,N,0.06121
1twf_chainB,836,D,N,0.046767,N,0.034481
1twf_chainB,837,Q,N,0.035843,N,0.035751
1twf_chainB,838,V,N,0.049813,N,0.035039
1twf_chainB,839,L,N,0.033262,N,0.034329
1twf_chainB,840,V,N,0.027202,N,0.033589
1twf_chainB,841,T,N,0.033783,N,0.034618
1twf_chainB,842,T,N,0.028932,N,0.022772
1twf_chainB,843,N,N,0.026762,N,0.027181
1twf_chainB,844,Q,N,0.02161,N,0.019003
1twf_chainB,845,D,N,0.014985,N,0.011329
1twf_chainB,846,G,N,0.029765,N,0.018535
1twf_chainB,847,L,N,0.024086,N,0.018036
1twf_chainB,848,K,N,0.065447,N,0.035098
1twf_chainB,849,F,N,0.029057,N,0.017881
1twf_chainB,850,V,N,0.025316,N,0.020238
1twf_chainB,851,K,N,0.045075,N,0.033565
1twf_chainB,852,V,N,0.043435,N,0.032559
1twf_chainB,853,R,N,0.035645,N,0.032758
1twf_chainB,854,V,N,0.032236,N,0.024225
1twf_chainB,855,R,N,0.043809,N,0.038054
1twf_chainB,856,T,N,0.048665,N,0.029542
1twf_chainB,857,T,N,0.07185,N,0.053165
1twf_chainB,858,K,N,0.065142,N,0.048475
1twf_chainB,859,I,N,0.038849,N,0.03951
1twf_chainB,860,P,N,0.039182,N,0.03387
1twf_chainB,861,Q,N,0.037364,N,0.035407
1twf_chainB,862,I,N,0.024871,N,0.025601
1twf_chainB,863,G,N,0.047182,N,0.037261
1twf_chainB,864,D,N,0.158666,N,0.086005
1twf_chainB,865,K,N,0.275701,N,0.100387
1twf_chainB,866,F,N,0.045112,N,0.030624
1twf_chainB,867,A,N,0.08181,N,0.041795
1twf_chainB,868,S,N,0.059601,N,0.035093
1twf_chainB,869,R,N,0.119296,N,0.067219
1twf_chainB,870,H,N,0.063763,N,0.04087
1twf_chainB,871,G,N,0.056502,N,0.039981
1twf_chainB,872,Q,N,0.057281,N,0.036427
1twf_chainB,873,K,B,0.553302,B,0.619514
1twf_chainB,874,G,N,0.034349,N,0.030379
1twf_chainB,875,T,N,0.073353,N,0.045218
1twf_chainB,876,I,N,0.02093,N,0.020483
1twf_chainB,877,G,N,0.043488,N,0.03028
1twf_chainB,878,I,N,0.018491,N,0.023695
1twf_chainB,879,T,N,0.031176,N,0.02782
1twf_chainB,880,Y,N,0.024284,N,0.024773
1twf_chainB,881,R,N,0.01753,N,0.026633
1twf_chainB,882,R,N,0.011446,N,0.018317
1twf_chainB,883,E,N,0.035044,N,0.028377
1twf_chainB,884,D,N,0.030696,N,0.031943
1twf_chainB,885,M,N,0.055412,N,0.046223
1twf_chainB,886,P,N,0.079602,N,0.070607
1twf_chainB,887,F,N,0.067257,N,0.052553
1twf_chainB,888,T,N,0.041628,N,0.035024
1twf_chainB,889,A,N,0.009609,N,0.012169
1twf_chainB,890,E,N,0.020262,N,0.023485
1twf_chainB,891,G,N,0.029984,N,0.029758
1twf_chainB,892,I,N,0.022118,N,0.025519
1twf_chainB,893,V,N,0.015345,N,0.020121
1twf_chainB,894,P,N,0.012817,N,0.014594
1twf_chainB,895,D,N,0.056921,N,0.04604
1twf_chainB,896,L,N,0.031449,N,0.024566
1twf_chainB,897,I,N,0.032218,N,0.024202
1twf_chainB,898,I,N,0.035717,N,0.028751
1twf_chainB,899,N,N,0.036392,N,0.03505
1twf_chainB,900,P,N,0.017515,N,0.015705
1twf_chainB,901,H,N,0.029478,N,0.028092
1twf_chainB,902,A,N,0.032469,N,0.02687
1twf_chainB,903,I,N,0.025539,N,0.022859
1twf_chainB,904,P,N,0.033673,N,0.021694
1twf_chainB,905,S,N,0.036859,N,0.026494
1twf_chainB,906,R,B,0.484771,B,0.653396
1twf_chainB,907,M,N,0.055563,N,0.033592
1twf_chainB,908,T,N,0.030975,N,0.024632
1twf_chainB,909,V,N,0.020838,N,0.017677
1twf_chainB,910,A,N,0.057666,N,0.033872
1twf_chainB,911,H,N,0.05155,N,0.032291
1twf_chainB,912,L,N,0.010811,N,0.011025
1twf_chainB,913,I,N,0.026641,N,0.020309
1twf_chainB,914,E,N,0.040516,N,0.039061
1twf_chainB,915,C,N,0.006616,N,0.007767
1twf_chainB,916,L,N,0.016644,N,0.013002
1twf_chainB,917,L,N,0.01256,N,0.012339
1twf_chainB,918,S,N,0.027733,N,0.025981
1twf_chainB,919,K,N,0.029252,N,0.022665
1twf_chainB,920,V,N,0.016025,N,0.015769
1twf_chainB,921,A,N,0.022445,N,0.017902
1twf_chainB,922,A,N,0.016257,N,0.016969
1twf_chainB,923,L,N,0.012107,N,0.013071
1twf_chainB,924,S,N,0.016466,N,0.018817
1twf_chainB,925,G,N,0.01202,N,0.01251
1twf_chainB,926,N,N,0.017478,N,0.014382
1twf_chainB,927,E,N,0.036467,N,0.027794
1twf_chainB,928,G,N,0.037773,N,0.026603
1twf_chainB,929,D,N,0.049672,N,0.040046
1twf_chainB,930,A,N,0.026793,N,0.019925
1twf_chainB,931,S,N,0.040505,N,0.026121
1twf_chainB,932,P,N,0.06299,N,0.049028
1twf_chainB,933,F,N,0.07527,N,0.05263
1twf_chainB,934,T,N,0.021883,N,0.019235
1twf_chainB,935,D,N,0.025414,N,0.029416
1twf_chainB,936,I,N,0.023255,N,0.021347
1twf_chainB,937,T,N,0.02241,N,0.023796
1twf_chainB,938,V,N,0.031666,N,0.023948
1twf_chainB,939,E,N,0.022351,N,0.019426
1twf_chainB,940,G,N,0.013535,N,0.010885
1twf_chainB,941,I,N,0.018748,N,0.015252
1twf_chainB,942,S,N,0.031927,N,0.025531
1twf_chainB,943,K,N,0.0135,N,0.01179
1twf_chainB,944,L,N,0.023348,N,0.020505
1twf_chainB,945,L,N,0.032644,N,0.026775
1twf_chainB,946,R,N,0.025888,N,0.022876
1twf_chainB,947,E,N,0.032385,N,0.028705
1twf_chainB,948,H,N,0.025838,N,0.018967
1twf_chainB,949,G,N,0.03176,N,0.031163
1twf_chainB,950,Y,N,0.024977,N,0.020113
1twf_chainB,951,Q,N,0.044401,N,0.038158
1twf_chainB,952,S,N,0.029788,N,0.029031
1twf_chainB,953,R,N,0.046482,N,0.041355
1twf_chainB,954,G,N,0.037032,N,0.034777
1twf_chainB,955,F,N,0.03539,N,0.034026
1twf_chainB,956,E,N,0.029026,N,0.025013
1twf_chainB,957,V,N,0.040182,N,0.03337
1twf_chainB,958,M,N,0.062776,N,0.037804
1twf_chainB,959,Y,N,0.045044,N,0.031192
1twf_chainB,960,N,N,0.065658,N,0.042349
1twf_chainB,961,G,N,0.064301,N,0.044481
1twf_chainB,962,H,N,0.077822,N,0.065658
1twf_chainB,963,T,N,0.054756,N,0.03634
1twf_chainB,964,G,N,0.051968,N,0.036904
1twf_chainB,965,K,N,0.022885,N,0.025275
1twf_chainB,966,K,N,0.025479,N,0.021898
1twf_chainB,967,L,N,0.045208,N,0.035481
1twf_chainB,968,M,N,0.037716,N,0.03032
1twf_chainB,969,A,N,0.016064,N,0.015554
1twf_chainB,970,Q,N,0.033237,N,0.029939
1twf_chainB,971,I,N,0.04646,N,0.027584
1twf_chainB,972,F,N,0.054953,N,0.034221
1twf_chainB,973,F,N,0.037348,N,0.024229
1twf_chainB,974,G,N,0.045568,N,0.033274
1twf_chainB,975,P,N,0.062082,N,0.041026
1twf_chainB,976,T,N,0.044243,N,0.033371
1twf_chainB,977,Y,N,0.089147,N,0.055893
1twf_chainB,978,Y,N,0.066903,N,0.037957
1twf_chainB,979,Q,N,0.033092,N,0.027718
1twf_chainB,980,R,N,0.070753,N,0.040306
1twf_chainB,981,L,N,0.054962,N,0.035159
1twf_chainB,982,R,N,0.023018,N,0.019959
1twf_chainB,983,H,N,0.180253,N,0.069482
1twf_chainB,984,M,N,0.111068,N,0.060153
1twf_chainB,985,V,N,0.062747,N,0.04497
1twf_chainB,986,D,N,0.059926,N,0.046984
1twf_chainB,987,D,N,0.050434,N,0.042442
1twf_chainB,988,K,N,0.179969,N,0.141597
1twf_chainB,989,I,N,0.040985,N,0.039162
1twf_chainB,990,H,N,0.143501,N,0.086984
1twf_chainB,991,A,N,0.029235,N,0.025337
1twf_chainB,992,R,N,0.065748,N,0.058234
1twf_chainB,993,A,N,0.029505,N,0.022679
1twf_chainB,994,R,N,0.022592,N,0.028086
1twf_chainB,995,G,N,0.018677,N,0.017758
1twf_chainB,996,P,N,0.029807,N,0.03318
1twf_chainB,997,G,N,0.048553,N,0.039097
1twf_chainB,998,L,N,0.062302,N,0.046222
1twf_chainB,999,R,N,0.068602,N,0.042021
1twf_chainB,1000,F,N,0.052328,N,0.029787
1twf_chainB,1001,G,N,0.064327,N,0.037809
1twf_chainB,1002,E,N,0.091249,N,0.059046
1twf_chainB,1003,M,N,0.07231,N,0.040884
1twf_chainB,1004,E,N,0.03273,N,0.024177
1twf_chainB,1005,R,N,0.026654,N,0.017559
1twf_chainB,1006,D,N,0.035085,N,0.02228
1twf_chainB,1007,C,N,0.042612,N,0.025242
1twf_chainB,1008,M,N,0.021436,N,0.017677
1twf_chainB,1009,I,N,0.019345,N,0.016443
1twf_chainB,1010,A,N,0.045929,N,0.027796
1twf_chainB,1011,H,N,0.057859,N,0.033521
1twf_chainB,1012,G,N,0.042285,N,0.028425
1twf_chainB,1013,A,N,0.031579,N,0.024295
1twf_chainB,1014,A,N,0.036576,N,0.034519
1twf_chainB,1015,S,N,0.045134,N,0.031987
1twf_chainB,1016,F,N,0.018402,N,0.013943
1twf_chainB,1017,L,N,0.016251,N,0.017375
1twf_chainB,1018,K,N,0.017812,N,0.022145
1twf_chainB,1019,E,N,0.022866,N,0.020747
1twf_chainB,1020,R,N,0.010714,N,0.010538
1twf_chainB,1021,L,N,0.039625,N,0.025268
1twf_chainB,1022,M,N,0.04878,N,0.034806
1twf_chainB,1023,E,N,0.03271,N,0.03125
1twf_chainB,1024,A,N,0.041459,N,0.025413
1twf_chainB,1025,S,N,0.056119,N,0.042423
1twf_chainB,1026,D,N,0.043154,N,0.030266
1twf_chainB,1027,A,N,0.02241,N,0.015415
1twf_chainB,1028,F,N,0.018364,N,0.016485
1twf_chainB,1029,R,N,0.033325,N,0.025309
1twf_chainB,1030,V,N,0.02005,N,0.016836
1twf_chainB,1031,H,N,0.025412,N,0.022514
1twf_chainB,1032,I,N,0.017154,N,0.022503
1twf_chainB,1033,C,N,0.024441,N,0.028124
1twf_chainB,1034,G,N,0.027917,N,0.030746
1twf_chainB,1035,I,N,0.031904,N,0.041533
1twf_chainB,1036,C,N,0.034235,N,0.029239
1twf_chainB,1037,G,N,0.023439,N,0.028197
1twf_chainB,1038,L,N,0.035317,N,0.037191
1twf_chainB,1039,M,N,0.023192,N,0.01825
1twf_chainB,1040,T,N,0.02536,N,0.020922
1twf_chainB,1041,V,N,0.029443,N,0.022588
1twf_chainB,1042,I,N,0.031061,N,0.028766
1twf_chainB,1043,A,N,0.031584,N,0.036886
1twf_chainB,1044,K,N,0.088648,N,0.061103
1twf_chainB,1045,L,N,0.028396,N,0.023384
1twf_chainB,1046,N,N,0.084381,N,0.060583
1twf_chainB,1047,H,N,0.035344,N,0.03069
1twf_chainB,1048,N,N,0.023621,N,0.023293
1twf_chainB,1049,Q,N,0.036304,N,0.03336
1twf_chainB,1050,F,N,0.046561,N,0.031715
1twf_chainB,1051,E,N,0.068992,N,0.040167
1twf_chainB,1052,C,N,0.049056,N,0.025544
1twf_chainB,1053,K,N,0.053917,N,0.033432
1twf_chainB,1054,G,N,0.051287,N,0.029471
1twf_chainB,1055,C,N,0.033949,N,0.019299
1twf_chainB,1056,D,N,0.029219,N,0.014213
1twf_chainB,1057,N,N,0.020882,N,0.010983
1twf_chainB,1058,K,N,0.024619,N,0.01178
1twf_chainB,1059,I,N,0.03083,N,0.018697
1twf_chainB,1060,D,N,0.031413,N,0.019028
1twf_chainB,1061,I,N,0.038535,N,0.021013
1twf_chainB,1062,Y,N,0.01899,N,0.015012
1twf_chainB,1063,Q,N,0.031745,N,0.024581
1twf_chainB,1064,I,N,0.023634,N,0.016871
1twf_chainB,1065,H,N,0.018898,N,0.022815
1twf_chainB,1066,I,N,0.052729,N,0.037957
1twf_chainB,1067,P,N,0.069607,N,0.042858
1twf_chainB,1068,Y,N,0.057597,N,0.031091
1twf_chainB,1069,A,N,0.021199,N,0.015271
1twf_chainB,1070,A,N,0.025325,N,0.019233
1twf_chainB,1071,K,N,0.043205,N,0.035693
1twf_chainB,1072,L,N,0.022116,N,0.020632
1twf_chainB,1073,L,N,0.016951,N,0.017032
1twf_chainB,1074,F,N,0.0233,N,0.020649
1twf_chainB,1075,Q,N,0.020216,N,0.023261
1twf_chainB,1076,E,N,0.037024,N,0.028664
1twf_chainB,1077,L,N,0.030803,N,0.025767
1twf_chainB,1078,M,N,0.026682,N,0.022627
1twf_chainB,1079,A,N,0.048612,N,0.032056
1twf_chainB,1080,M,N,0.05891,N,0.038919
1twf_chainB,1081,N,N,0.026242,N,0.021822
1twf_chainB,1082,I,N,0.021478,N,0.023326
1twf_chainB,1083,T,N,0.022066,N,0.031683
1twf_chainB,1084,P,N,0.012282,N,0.01176
1twf_chainB,1085,R,N,0.023134,N,0.022991
1twf_chainB,1086,L,N,0.018326,N,0.020739
1twf_chainB,1087,Y,N,0.0254,N,0.027881
1twf_chainB,1088,T,N,0.032474,N,0.024007
1twf_chainB,1089,D,N,0.044961,N,0.033126
1twf_chainB,1090,R,N,0.037926,N,0.027335
1twf_chainB,1091,S,N,0.02063,N,0.020134
1twf_chainB,1092,R,N,0.009612,N,0.01006
1twf_chainB,1093,D,N,0.032303,N,0.02969
1twf_chainB,1094,F,N,0.025308,N,0.019415
