Prot.ID,NO,Residue,ATPseq Binding Sites,ATPseq Probability,ATPbind Binding Sites,ATPbind Probability
1xdn_chainA,1,Q,N,0.025962,N,0.020968
1xdn_chainA,2,S,N,0.016368,N,0.01348
1xdn_chainA,3,D,N,0.045853,N,0.0386
1xdn_chainA,4,F,N,0.042028,N,0.049381
1xdn_chainA,5,S,N,0.072756,N,0.071886
1xdn_chainA,6,P,N,0.075291,N,0.103136
1xdn_chainA,7,Y,N,0.387438,B,0.687578
1xdn_chainA,8,I,N,0.297035,B,0.616301
1xdn_chainA,9,E,N,0.162602,B,0.69753
1xdn_chainA,10,I,B,0.843392,B,0.729865
1xdn_chainA,11,D,N,0.191731,N,0.186348
1xdn_chainA,12,L,N,0.167703,N,0.086132
1xdn_chainA,13,P,N,0.147523,N,0.075622
1xdn_chainA,14,S,N,0.103179,N,0.05981
1xdn_chainA,15,E,N,0.091383,N,0.049908
1xdn_chainA,16,S,N,0.110008,N,0.073359
1xdn_chainA,17,R,N,0.154515,N,0.092419
1xdn_chainA,18,I,N,0.045006,N,0.025711
1xdn_chainA,19,Q,N,0.078211,N,0.053093
1xdn_chainA,20,S,N,0.082545,N,0.040029
1xdn_chainA,21,L,N,0.047126,N,0.033765
1xdn_chainA,22,H,N,0.04431,N,0.032454
1xdn_chainA,23,K,N,0.045284,N,0.033534
1xdn_chainA,24,S,N,0.074251,N,0.041634
1xdn_chainA,25,G,N,0.041291,N,0.023878
1xdn_chainA,26,L,N,0.026247,N,0.018765
1xdn_chainA,27,A,N,0.060501,N,0.033632
1xdn_chainA,28,A,N,0.028206,N,0.019514
1xdn_chainA,29,Q,N,0.038115,N,0.021092
1xdn_chainA,30,E,N,0.036652,N,0.024563
1xdn_chainA,31,W,N,0.084691,N,0.041773
1xdn_chainA,32,V,N,0.280452,N,0.100163
1xdn_chainA,33,A,N,0.109552,N,0.064594
1xdn_chainA,34,C,N,0.228323,B,0.598277
1xdn_chainA,35,E,B,0.540566,B,0.905164
1xdn_chainA,36,K,B,0.618135,B,0.9268
1xdn_chainA,37,V,B,0.673776,B,0.90738
1xdn_chainA,38,H,N,0.069559,N,0.267141
1xdn_chainA,39,G,N,0.147875,N,0.133097
1xdn_chainA,40,T,N,0.097322,N,0.166591
1xdn_chainA,41,N,N,0.35473,B,0.806687
1xdn_chainA,42,F,N,0.239305,N,0.119909
1xdn_chainA,43,G,N,0.133221,N,0.082517
1xdn_chainA,44,I,N,0.122433,N,0.05262
1xdn_chainA,45,Y,N,0.036527,N,0.024879
1xdn_chainA,46,L,N,0.022234,N,0.019386
1xdn_chainA,47,I,N,0.021222,N,0.018765
1xdn_chainA,48,N,N,0.022202,N,0.016391
1xdn_chainA,49,Q,N,0.094671,N,0.022565
1xdn_chainA,50,G,N,0.032422,N,0.015496
1xdn_chainA,51,D,N,0.038601,N,0.025369
1xdn_chainA,52,H,N,0.10828,N,0.072877
1xdn_chainA,53,E,N,0.081194,N,0.06619
1xdn_chainA,54,V,N,0.108021,N,0.056282
1xdn_chainA,55,V,N,0.06069,N,0.049206
1xdn_chainA,56,R,N,0.149062,N,0.06346
1xdn_chainA,57,F,N,0.064164,N,0.056241
1xdn_chainA,58,A,N,0.042785,N,0.034039
1xdn_chainA,59,K,N,0.097033,N,0.064209
1xdn_chainA,60,R,B,0.590415,B,0.866331
1xdn_chainA,61,S,N,0.059867,N,0.043936
1xdn_chainA,62,G,N,0.024762,N,0.028067
1xdn_chainA,63,I,N,0.04686,N,0.034892
1xdn_chainA,64,D,N,0.016807,N,0.015253
1xdn_chainA,65,P,N,0.023984,N,0.030484
1xdn_chainA,66,N,N,0.036128,N,0.03153
1xdn_chainA,67,E,N,0.03389,N,0.029194
1xdn_chainA,68,N,N,0.038347,N,0.031768
1xdn_chainA,69,F,N,0.049375,N,0.049743
1xdn_chainA,70,F,N,0.040711,N,0.040938
1xdn_chainA,71,G,N,0.012724,N,0.016902
1xdn_chainA,72,Y,N,0.045007,N,0.036154
1xdn_chainA,73,H,N,0.04096,N,0.034245
1xdn_chainA,74,I,N,0.05109,N,0.030895
1xdn_chainA,75,L,N,0.0886,N,0.050387
1xdn_chainA,76,I,N,0.10907,N,0.041415
1xdn_chainA,77,D,N,0.07158,N,0.041235
1xdn_chainA,78,E,N,0.059929,N,0.040789
1xdn_chainA,79,F,N,0.054841,N,0.032544
1xdn_chainA,80,T,N,0.034215,N,0.021696
1xdn_chainA,81,A,N,0.029976,N,0.021428
1xdn_chainA,82,Q,N,0.028626,N,0.022358
1xdn_chainA,83,I,N,0.035992,N,0.022496
1xdn_chainA,84,R,N,0.022121,N,0.016428
1xdn_chainA,85,I,N,0.025531,N,0.020382
1xdn_chainA,86,L,N,0.038571,N,0.018519
1xdn_chainA,87,N,N,0.07201,N,0.034957
1xdn_chainA,88,D,N,0.049245,N,0.024249
1xdn_chainA,89,L,N,0.052582,N,0.028541
1xdn_chainA,90,L,N,0.053789,N,0.036269
1xdn_chainA,91,K,N,0.057443,N,0.03182
1xdn_chainA,92,Q,N,0.05433,N,0.03031
1xdn_chainA,93,K,N,0.036579,N,0.023956
1xdn_chainA,94,Y,N,0.023188,N,0.018572
1xdn_chainA,95,G,N,0.017327,N,0.01425
1xdn_chainA,96,L,N,0.021042,N,0.016899
1xdn_chainA,97,S,N,0.040467,N,0.029084
1xdn_chainA,98,R,N,0.029381,N,0.027154
1xdn_chainA,99,V,N,0.063238,N,0.043069
1xdn_chainA,100,G,N,0.026933,N,0.01784
1xdn_chainA,101,R,N,0.024049,N,0.026557
1xdn_chainA,102,L,N,0.01363,N,0.012641
1xdn_chainA,103,V,N,0.030444,N,0.028145
1xdn_chainA,104,L,N,0.037849,N,0.026823
1xdn_chainA,105,N,N,0.141753,N,0.079323
1xdn_chainA,106,G,N,0.084108,N,0.119228
1xdn_chainA,107,E,B,0.839228,B,0.895177
1xdn_chainA,108,L,N,0.122889,N,0.058983
1xdn_chainA,109,F,N,0.371136,N,0.140111
1xdn_chainA,110,G,N,0.168262,N,0.0574
1xdn_chainA,111,A,N,0.088233,N,0.035934
1xdn_chainA,112,K,N,0.219494,N,0.093697
1xdn_chainA,113,Y,N,0.059082,N,0.03229
1xdn_chainA,114,K,N,0.111547,N,0.063193
1xdn_chainA,115,H,N,0.031573,N,0.029565
1xdn_chainA,116,P,N,0.085143,N,0.051117
1xdn_chainA,117,L,N,0.036934,N,0.039116
1xdn_chainA,118,V,N,0.064049,N,0.052012
1xdn_chainA,119,P,N,0.044598,N,0.032254
1xdn_chainA,120,K,N,0.073156,N,0.050302
1xdn_chainA,121,S,N,0.049417,N,0.033256
1xdn_chainA,122,E,N,0.043753,N,0.045583
1xdn_chainA,123,K,N,0.044206,N,0.031261
1xdn_chainA,124,W,N,0.03177,N,0.030289
1xdn_chainA,125,C,N,0.058259,N,0.05104
1xdn_chainA,126,T,N,0.043811,N,0.034331
1xdn_chainA,127,L,N,0.041726,N,0.037498
1xdn_chainA,128,P,N,0.029285,N,0.021924
1xdn_chainA,129,N,N,0.078261,N,0.042151
1xdn_chainA,130,G,N,0.085438,N,0.044755
1xdn_chainA,131,K,N,0.123628,N,0.063278
1xdn_chainA,132,K,N,0.054385,N,0.029264
1xdn_chainA,133,F,N,0.165815,N,0.087972
1xdn_chainA,134,P,N,0.084241,N,0.054115
1xdn_chainA,135,I,N,0.096573,N,0.061511
1xdn_chainA,136,A,N,0.050978,N,0.031695
1xdn_chainA,137,G,N,0.038086,N,0.033923
1xdn_chainA,138,V,N,0.028162,N,0.02744
1xdn_chainA,139,Q,N,0.049227,N,0.048985
1xdn_chainA,140,I,N,0.017303,N,0.011756
1xdn_chainA,141,Q,N,0.021849,N,0.026758
1xdn_chainA,142,R,N,0.016756,N,0.020715
1xdn_chainA,143,E,N,0.026895,N,0.04222
1xdn_chainA,144,P,N,0.00918,N,0.010222
1xdn_chainA,145,F,N,0.035789,N,0.040758
1xdn_chainA,146,P,N,0.028681,N,0.034068
1xdn_chainA,147,Q,N,0.029091,N,0.033083
1xdn_chainA,148,Y,N,0.034563,N,0.042339
1xdn_chainA,149,S,N,0.021466,N,0.029431
1xdn_chainA,150,P,N,0.050016,N,0.042105
1xdn_chainA,151,E,N,0.043029,N,0.037688
1xdn_chainA,152,L,N,0.038192,N,0.044025
1xdn_chainA,153,H,N,0.038531,N,0.036404
1xdn_chainA,154,F,N,0.016375,N,0.019092
1xdn_chainA,155,F,N,0.124038,N,0.374627
1xdn_chainA,156,A,N,0.026334,N,0.034408
1xdn_chainA,157,F,N,0.308455,B,0.860378
1xdn_chainA,158,D,N,0.073091,N,0.072354
1xdn_chainA,159,I,N,0.050701,N,0.075521
1xdn_chainA,160,K,N,0.144935,N,0.103433
1xdn_chainA,161,Y,N,0.026956,N,0.028026
1xdn_chainA,162,S,N,0.050349,N,0.045269
1xdn_chainA,163,V,N,0.027512,N,0.018422
1xdn_chainA,164,S,N,0.022755,N,0.018377
1xdn_chainA,165,G,N,0.011113,N,0.015319
1xdn_chainA,166,A,N,0.013152,N,0.013374
1xdn_chainA,167,E,N,0.017207,N,0.023954
1xdn_chainA,168,E,N,0.013277,N,0.015003
1xdn_chainA,169,D,N,0.035664,N,0.031407
1xdn_chainA,170,F,N,0.029489,N,0.027722
1xdn_chainA,171,V,N,0.031991,N,0.025999
1xdn_chainA,172,L,N,0.045885,N,0.036763
1xdn_chainA,173,L,N,0.049644,N,0.040721
1xdn_chainA,174,G,N,0.019286,N,0.020616
1xdn_chainA,175,Y,N,0.05076,N,0.047467
1xdn_chainA,176,D,N,0.043721,N,0.050553
1xdn_chainA,177,E,N,0.026281,N,0.028393
1xdn_chainA,178,F,N,0.022378,N,0.020946
1xdn_chainA,179,V,N,0.0322,N,0.024136
1xdn_chainA,180,E,N,0.037296,N,0.020001
1xdn_chainA,181,F,N,0.014169,N,0.010554
1xdn_chainA,182,S,N,0.019612,N,0.013425
1xdn_chainA,183,S,N,0.02112,N,0.015919
1xdn_chainA,184,K,N,0.041097,N,0.02617
1xdn_chainA,185,V,N,0.014413,N,0.011537
1xdn_chainA,186,P,N,0.021258,N,0.021513
1xdn_chainA,187,N,N,0.017253,N,0.014726
1xdn_chainA,188,L,N,0.019487,N,0.014106
1xdn_chainA,189,L,N,0.0232,N,0.023481
1xdn_chainA,190,Y,N,0.040428,N,0.03763
1xdn_chainA,191,A,N,0.026753,N,0.045759
1xdn_chainA,192,R,N,0.056271,N,0.051286
1xdn_chainA,193,A,N,0.04253,N,0.017344
1xdn_chainA,194,L,N,0.013634,N,0.010938
1xdn_chainA,195,V,N,0.029762,N,0.022054
1xdn_chainA,196,R,N,0.095424,N,0.057504
1xdn_chainA,197,G,N,0.031873,N,0.016469
1xdn_chainA,198,T,N,0.028383,N,0.023703
1xdn_chainA,199,L,N,0.018897,N,0.016063
1xdn_chainA,200,D,N,0.057129,N,0.045415
1xdn_chainA,201,E,N,0.047419,N,0.040727
1xdn_chainA,202,C,N,0.013081,N,0.010154
1xdn_chainA,203,L,N,0.025903,N,0.022553
1xdn_chainA,204,A,N,0.020991,N,0.017077
1xdn_chainA,205,F,N,0.02746,N,0.017413
1xdn_chainA,206,D,N,0.039415,N,0.019043
1xdn_chainA,207,V,N,0.023618,N,0.019564
1xdn_chainA,208,E,N,0.04536,N,0.040121
1xdn_chainA,209,N,N,0.012806,N,0.008883
1xdn_chainA,210,F,N,0.022354,N,0.021786
1xdn_chainA,211,T,N,0.023769,N,0.021303
1xdn_chainA,212,P,N,0.021776,N,0.018151
1xdn_chainA,213,L,N,0.013397,N,0.010225
1xdn_chainA,214,P,N,0.037633,N,0.028799
1xdn_chainA,215,A,N,0.023481,N,0.019491
1xdn_chainA,216,L,N,0.109165,N,0.047179
1xdn_chainA,217,L,N,0.124376,N,0.049779
1xdn_chainA,218,G,N,0.06398,N,0.029396
1xdn_chainA,219,L,N,0.046157,N,0.027228
1xdn_chainA,220,G,N,0.127756,N,0.056611
1xdn_chainA,221,N,N,0.099024,N,0.065184
1xdn_chainA,222,Y,N,0.053759,N,0.044988
1xdn_chainA,223,P,N,0.036134,N,0.027599
1xdn_chainA,224,L,N,0.060274,N,0.051296
1xdn_chainA,225,E,N,0.042694,N,0.042639
1xdn_chainA,226,G,N,0.042611,N,0.03032
1xdn_chainA,227,N,N,0.052179,N,0.044396
1xdn_chainA,228,L,N,0.045778,N,0.049888
1xdn_chainA,229,A,N,0.051843,N,0.040266
1xdn_chainA,230,E,N,0.038708,N,0.131509
1xdn_chainA,231,G,N,0.031534,N,0.051753
1xdn_chainA,232,V,N,0.043549,N,0.067005
1xdn_chainA,233,V,N,0.39697,B,0.890724
1xdn_chainA,234,I,N,0.035002,N,0.059633
1xdn_chainA,235,R,N,0.121849,B,0.625286
1xdn_chainA,236,H,N,0.048519,N,0.052107
1xdn_chainA,237,V,N,0.094394,N,0.087717
1xdn_chainA,238,R,N,0.071607,N,0.07208
1xdn_chainA,239,R,N,0.070236,N,0.049531
1xdn_chainA,240,G,N,0.066513,N,0.055139
1xdn_chainA,241,D,N,0.052371,N,0.0354
1xdn_chainA,242,P,N,0.035311,N,0.040651
1xdn_chainA,243,A,N,0.046245,N,0.056036
1xdn_chainA,244,V,N,0.078829,N,0.053487
1xdn_chainA,245,E,N,0.043518,N,0.03033
1xdn_chainA,246,K,N,0.077613,N,0.041675
1xdn_chainA,247,H,N,0.081371,N,0.051912
1xdn_chainA,248,N,N,0.043655,N,0.038787
1xdn_chainA,249,V,N,0.021636,N,0.01935
1xdn_chainA,250,S,N,0.054086,N,0.047968
1xdn_chainA,251,T,N,0.03496,N,0.034391
1xdn_chainA,252,I,N,0.056384,N,0.211661
1xdn_chainA,253,I,N,0.016792,N,0.025069
1xdn_chainA,254,K,N,0.214336,B,0.846714
1xdn_chainA,255,L,N,0.025614,N,0.032103
1xdn_chainA,256,R,N,0.231676,B,0.741408
1xdn_chainA,257,C,N,0.018446,N,0.024208
1xdn_chainA,258,S,N,0.031556,N,0.033656
1xdn_chainA,259,S,N,0.016617,N,0.020424
1xdn_chainA,260,F,N,0.02618,N,0.028689
1xdn_chainA,261,E,N,0.016471,N,0.017427
1xdn_chainA,262,L,N,0.024662,N,0.029
