Prot.ID,NO,Residue,ATPseq Binding Sites,ATPseq Probability,ATPbind Binding Sites,ATPbind Probability
1xdp_chainA,1,G,N,0.025937,N,0.024647
1xdp_chainA,2,Q,N,0.015954,N,0.016268
1xdp_chainA,3,E,N,0.011841,N,0.012238
1xdp_chainA,4,K,N,0.027749,N,0.031491
1xdp_chainA,5,L,N,0.028972,N,0.031332
1xdp_chainA,6,Y,N,0.062552,N,0.052912
1xdp_chainA,7,I,N,0.056401,N,0.03939
1xdp_chainA,8,E,N,0.050503,N,0.04255
1xdp_chainA,9,K,N,0.133704,N,0.095728
1xdp_chainA,10,E,N,0.054904,N,0.034359
1xdp_chainA,11,L,N,0.022147,N,0.013906
1xdp_chainA,12,S,N,0.044608,N,0.025988
1xdp_chainA,13,W,N,0.047046,N,0.02961
1xdp_chainA,14,L,N,0.027961,N,0.016669
1xdp_chainA,15,S,N,0.021031,N,0.016267
1xdp_chainA,16,F,N,0.247191,N,0.302242
1xdp_chainA,17,N,N,0.042667,N,0.030431
1xdp_chainA,18,E,N,0.007479,N,0.009017
1xdp_chainA,19,R,N,0.030339,N,0.026521
1xdp_chainA,20,V,N,0.116561,N,0.177765
1xdp_chainA,21,L,N,0.022752,N,0.02013
1xdp_chainA,22,Q,N,0.008139,N,0.008772
1xdp_chainA,23,E,N,0.041563,N,0.034574
1xdp_chainA,24,A,N,0.021316,N,0.020289
1xdp_chainA,25,A,N,0.018503,N,0.020758
1xdp_chainA,26,D,N,0.017721,N,0.021393
1xdp_chainA,27,K,N,0.014973,N,0.021001
1xdp_chainA,28,S,N,0.023676,N,0.08749
1xdp_chainA,29,N,N,0.018292,N,0.082492
1xdp_chainA,30,P,N,0.031633,N,0.149856
1xdp_chainA,31,L,N,0.047676,N,0.188595
1xdp_chainA,32,I,N,0.052549,N,0.238522
1xdp_chainA,33,E,N,0.043119,N,0.224408
1xdp_chainA,34,R,N,0.08656,N,0.157716
1xdp_chainA,35,M,N,0.014957,N,0.032637
1xdp_chainA,36,R,N,0.026128,N,0.131278
1xdp_chainA,37,F,N,0.021994,N,0.092157
1xdp_chainA,38,L,N,0.017537,N,0.023852
1xdp_chainA,39,G,N,0.016014,N,0.021629
1xdp_chainA,40,I,N,0.369749,B,0.696783
1xdp_chainA,41,Y,N,0.023854,N,0.024659
1xdp_chainA,42,S,N,0.024115,N,0.024985
1xdp_chainA,43,N,N,0.019263,N,0.017906
1xdp_chainA,44,N,N,0.369544,B,0.412934
1xdp_chainA,45,L,N,0.02117,N,0.017191
1xdp_chainA,46,D,N,0.041863,N,0.02648
1xdp_chainA,47,E,N,0.063959,N,0.038186
1xdp_chainA,48,F,N,0.095642,N,0.057863
1xdp_chainA,49,Y,N,0.091763,N,0.051437
1xdp_chainA,50,K,N,0.03563,N,0.031909
1xdp_chainA,51,V,N,0.04087,N,0.030738
1xdp_chainA,52,R,N,0.19093,N,0.057273
1xdp_chainA,53,F,N,0.024342,N,0.01266
1xdp_chainA,54,A,N,0.032043,N,0.016372
1xdp_chainA,55,E,N,0.058801,N,0.037791
1xdp_chainA,56,L,N,0.03877,N,0.021815
1xdp_chainA,57,K,N,0.018921,N,0.018073
1xdp_chainA,58,R,N,0.012993,N,0.011889
1xdp_chainA,59,R,N,0.070506,N,0.04228
1xdp_chainA,60,I,N,0.042277,N,0.025227
1xdp_chainA,61,I,N,0.009611,N,0.009199
1xdp_chainA,62,I,N,0.031221,N,0.022058
1xdp_chainA,63,S,N,0.048398,N,0.038501
1xdp_chainA,64,E,N,0.049608,N,0.041727
1xdp_chainA,65,E,N,0.051223,N,0.045437
1xdp_chainA,66,Q,N,0.045582,N,0.040665
1xdp_chainA,67,G,N,0.064,N,0.044973
1xdp_chainA,68,S,N,0.048127,N,0.030483
1xdp_chainA,69,N,N,0.043011,N,0.028798
1xdp_chainA,70,S,N,0.032874,N,0.021611
1xdp_chainA,71,H,N,0.029668,N,0.019398
1xdp_chainA,72,S,N,0.051394,N,0.032255
1xdp_chainA,73,R,N,0.04939,N,0.033066
1xdp_chainA,74,H,N,0.021451,N,0.018761
1xdp_chainA,75,L,N,0.017528,N,0.014942
1xdp_chainA,76,L,N,0.042558,N,0.026202
1xdp_chainA,77,G,N,0.019761,N,0.016916
1xdp_chainA,78,K,N,0.020815,N,0.011765
1xdp_chainA,79,I,N,0.037897,N,0.022363
1xdp_chainA,80,Q,N,0.025001,N,0.026693
1xdp_chainA,81,S,N,0.022762,N,0.044917
1xdp_chainA,82,R,N,0.029277,N,0.020427
1xdp_chainA,83,V,N,0.02829,N,0.019139
1xdp_chainA,84,L,N,0.019396,N,0.055443
1xdp_chainA,85,K,N,0.029601,N,0.092142
1xdp_chainA,86,A,N,0.020235,N,0.01927
1xdp_chainA,87,D,N,0.037234,N,0.020065
1xdp_chainA,88,Q,N,0.039196,N,0.077032
1xdp_chainA,89,E,N,0.039957,N,0.036866
1xdp_chainA,90,F,N,0.106642,N,0.070543
1xdp_chainA,91,D,N,0.127196,N,0.064581
1xdp_chainA,92,G,N,0.029803,N,0.019345
1xdp_chainA,93,L,N,0.03662,N,0.025185
1xdp_chainA,94,Y,N,0.084293,N,0.039498
1xdp_chainA,95,N,N,0.036878,N,0.032895
1xdp_chainA,96,E,N,0.034349,N,0.024914
1xdp_chainA,97,L,N,0.047275,N,0.034042
1xdp_chainA,98,L,N,0.038168,N,0.030784
1xdp_chainA,99,L,N,0.025942,N,0.025839
1xdp_chainA,100,E,N,0.020192,N,0.021083
1xdp_chainA,101,M,N,0.041141,N,0.027693
1xdp_chainA,102,A,N,0.025443,N,0.019435
1xdp_chainA,103,R,N,0.030892,N,0.023659
1xdp_chainA,104,N,N,0.032808,N,0.026694
1xdp_chainA,105,Q,N,0.03185,N,0.031059
1xdp_chainA,106,I,N,0.039026,N,0.029296
1xdp_chainA,107,F,N,0.02789,N,0.035003
1xdp_chainA,108,L,N,0.048164,N,0.049506
1xdp_chainA,109,I,N,0.032498,N,0.142006
1xdp_chainA,110,N,N,0.02711,N,0.039524
1xdp_chainA,111,E,N,0.035334,N,0.059636
1xdp_chainA,112,R,N,0.017361,N,0.030677
1xdp_chainA,113,Q,N,0.027246,N,0.190234
1xdp_chainA,114,L,N,0.028242,N,0.07392
1xdp_chainA,115,S,N,0.06817,N,0.250369
1xdp_chainA,116,V,N,0.025209,N,0.248459
1xdp_chainA,117,N,N,0.018209,N,0.179204
1xdp_chainA,118,Q,N,0.026575,N,0.170637
1xdp_chainA,119,Q,N,0.046715,N,0.039384
1xdp_chainA,120,N,N,0.044086,N,0.04309
1xdp_chainA,121,W,N,0.045244,N,0.039738
1xdp_chainA,122,L,N,0.022642,N,0.027147
1xdp_chainA,123,R,N,0.025913,N,0.029225
1xdp_chainA,124,H,N,0.032901,N,0.027279
1xdp_chainA,125,Y,N,0.042463,N,0.033435
1xdp_chainA,126,F,N,0.05489,N,0.039889
1xdp_chainA,127,K,N,0.03099,N,0.024942
1xdp_chainA,128,Q,N,0.046769,N,0.029501
1xdp_chainA,129,Y,N,0.030597,N,0.018158
1xdp_chainA,130,L,N,0.04104,N,0.023771
1xdp_chainA,131,R,N,0.015598,N,0.011589
1xdp_chainA,132,Q,N,0.047176,N,0.026988
1xdp_chainA,133,H,N,0.033891,N,0.022227
1xdp_chainA,134,I,N,0.05183,N,0.037632
1xdp_chainA,135,T,N,0.019854,N,0.015173
1xdp_chainA,136,P,N,0.027684,N,0.022182
1xdp_chainA,137,I,N,0.026155,N,0.017725
1xdp_chainA,138,L,N,0.048636,N,0.037742
1xdp_chainA,139,I,N,0.018299,N,0.020388
1xdp_chainA,140,N,N,0.064364,N,0.049162
1xdp_chainA,141,P,N,0.011511,N,0.011659
1xdp_chainA,142,D,N,0.043116,N,0.044273
1xdp_chainA,143,T,N,0.029587,N,0.033219
1xdp_chainA,144,D,N,0.01496,N,0.012555
1xdp_chainA,145,L,N,0.012769,N,0.009845
1xdp_chainA,146,V,N,0.016794,N,0.015802
1xdp_chainA,147,Q,N,0.027569,N,0.023037
1xdp_chainA,148,F,N,0.049281,N,0.027726
1xdp_chainA,149,L,N,0.036501,N,0.027132
1xdp_chainA,150,K,N,0.033077,N,0.031224
1xdp_chainA,151,D,N,0.04353,N,0.035769
1xdp_chainA,152,D,N,0.021285,N,0.012601
1xdp_chainA,153,Y,N,0.031979,N,0.021171
1xdp_chainA,154,T,N,0.019884,N,0.015319
1xdp_chainA,155,Y,N,0.036461,N,0.024192
1xdp_chainA,156,L,N,0.023044,N,0.015669
1xdp_chainA,157,A,N,0.024527,N,0.024186
1xdp_chainA,158,V,N,0.015849,N,0.013661
1xdp_chainA,159,E,N,0.016053,N,0.017219
1xdp_chainA,160,I,N,0.015932,N,0.011404
1xdp_chainA,161,I,N,0.030752,N,0.043382
1xdp_chainA,162,R,N,0.049057,N,0.037738
1xdp_chainA,163,G,N,0.020675,N,0.014043
1xdp_chainA,164,D,N,0.044949,N,0.030216
1xdp_chainA,165,T,N,0.024026,N,0.015961
1xdp_chainA,166,I,N,0.022874,N,0.026302
1xdp_chainA,167,R,N,0.021109,N,0.021702
1xdp_chainA,168,Y,N,0.042183,N,0.034931
1xdp_chainA,169,A,N,0.022477,N,0.0148
1xdp_chainA,170,L,N,0.051711,N,0.041259
1xdp_chainA,171,L,N,0.08935,N,0.057211
1xdp_chainA,172,E,N,0.049688,N,0.047248
1xdp_chainA,173,I,N,0.071151,N,0.040495
1xdp_chainA,174,P,N,0.062759,N,0.047822
1xdp_chainA,175,S,N,0.028051,N,0.027302
1xdp_chainA,176,D,N,0.023353,N,0.019551
1xdp_chainA,177,K,N,0.022911,N,0.028012
1xdp_chainA,178,V,N,0.027722,N,0.032999
1xdp_chainA,179,P,N,0.057826,N,0.047297
1xdp_chainA,180,R,N,0.057565,N,0.049719
1xdp_chainA,181,F,N,0.069145,N,0.052699
1xdp_chainA,182,V,N,0.036621,N,0.030368
1xdp_chainA,183,N,N,0.031856,N,0.025627
1xdp_chainA,184,L,N,0.07349,N,0.039901
1xdp_chainA,185,P,N,0.078878,N,0.058929
1xdp_chainA,186,P,N,0.045731,N,0.037325
1xdp_chainA,187,E,N,0.027904,N,0.028725
1xdp_chainA,188,A,N,0.029348,N,0.02754
1xdp_chainA,189,P,N,0.035587,N,0.029449
1xdp_chainA,190,R,N,0.052874,N,0.042435
1xdp_chainA,191,R,N,0.02602,N,0.01567
1xdp_chainA,192,R,N,0.018561,N,0.016589
1xdp_chainA,193,K,N,0.020993,N,0.014985
1xdp_chainA,194,P,N,0.010599,N,0.009851
1xdp_chainA,195,M,N,0.037609,N,0.025316
1xdp_chainA,196,I,N,0.030155,N,0.024811
1xdp_chainA,197,L,N,0.009233,N,0.00935
1xdp_chainA,198,L,N,0.053163,N,0.034965
1xdp_chainA,199,D,N,0.095022,N,0.064168
1xdp_chainA,200,N,N,0.060243,N,0.042637
1xdp_chainA,201,I,N,0.052571,N,0.042457
1xdp_chainA,202,L,N,0.058029,N,0.044352
1xdp_chainA,203,R,N,0.016868,N,0.020513
1xdp_chainA,204,Y,N,0.019235,N,0.017452
1xdp_chainA,205,C,N,0.021521,N,0.015494
1xdp_chainA,206,L,N,0.020771,N,0.017883
1xdp_chainA,207,D,N,0.019607,N,0.017124
1xdp_chainA,208,D,N,0.03653,N,0.023392
1xdp_chainA,209,I,N,0.039158,N,0.021346
1xdp_chainA,210,F,N,0.032766,N,0.023125
1xdp_chainA,211,K,N,0.04334,N,0.02746
1xdp_chainA,212,G,N,0.039069,N,0.02832
1xdp_chainA,213,F,N,0.022992,N,0.015341
1xdp_chainA,214,F,N,0.017928,N,0.012005
1xdp_chainA,215,D,N,0.041847,N,0.026666
1xdp_chainA,216,Y,N,0.046147,N,0.028483
1xdp_chainA,217,D,N,0.028224,N,0.030937
1xdp_chainA,218,A,N,0.025717,N,0.017622
1xdp_chainA,219,L,N,0.060441,N,0.043278
1xdp_chainA,220,N,N,0.018891,N,0.015762
1xdp_chainA,221,A,N,0.024348,N,0.013174
1xdp_chainA,222,Y,N,0.010405,N,0.009448
1xdp_chainA,223,S,N,0.026469,N,0.01664
1xdp_chainA,224,M,N,0.028391,N,0.02364
1xdp_chainA,225,K,N,0.05626,N,0.040431
1xdp_chainA,226,M,N,0.052879,N,0.033111
1xdp_chainA,227,T,N,0.052451,N,0.042985
1xdp_chainA,228,R,N,0.050257,N,0.053851
1xdp_chainA,229,D,N,0.071453,N,0.048793
1xdp_chainA,230,A,N,0.017222,N,0.01875
1xdp_chainA,231,E,N,0.039545,N,0.064799
1xdp_chainA,232,Y,N,0.016286,N,0.076359
1xdp_chainA,233,D,N,0.051482,N,0.074942
1xdp_chainA,234,L,N,0.016617,N,0.031713
1xdp_chainA,235,V,N,0.021687,N,0.145941
1xdp_chainA,236,H,N,0.054612,N,0.250779
1xdp_chainA,237,E,N,0.071289,N,0.122889
1xdp_chainA,238,M,N,0.021548,N,0.032895
1xdp_chainA,239,E,N,0.024235,N,0.081596
1xdp_chainA,240,A,N,0.028758,N,0.02255
1xdp_chainA,241,S,N,0.038852,N,0.023182
1xdp_chainA,242,L,N,0.024816,N,0.023559
1xdp_chainA,243,M,N,0.015625,N,0.014488
1xdp_chainA,244,E,N,0.020062,N,0.014176
1xdp_chainA,245,L,N,0.02583,N,0.018833
1xdp_chainA,246,M,N,0.017402,N,0.014601
1xdp_chainA,247,S,N,0.019788,N,0.0188
1xdp_chainA,248,S,N,0.015667,N,0.011982
1xdp_chainA,249,S,N,0.023109,N,0.020708
1xdp_chainA,250,L,N,0.032283,N,0.029122
1xdp_chainA,251,K,N,0.027038,N,0.029444
1xdp_chainA,252,Q,N,0.035808,N,0.029168
1xdp_chainA,253,R,N,0.078886,N,0.050502
1xdp_chainA,254,L,N,0.046055,N,0.027353
1xdp_chainA,255,T,N,0.032008,N,0.022979
1xdp_chainA,256,A,N,0.059028,N,0.051856
1xdp_chainA,257,E,N,0.041367,N,0.033473
1xdp_chainA,258,P,N,0.041373,N,0.030651
1xdp_chainA,259,V,N,0.025886,N,0.022281
1xdp_chainA,260,R,N,0.082483,N,0.057973
1xdp_chainA,261,F,N,0.07098,N,0.052222
1xdp_chainA,262,V,N,0.056951,N,0.033346
1xdp_chainA,263,Y,N,0.028518,N,0.031662
1xdp_chainA,264,Q,N,0.070286,N,0.067851
1xdp_chainA,265,R,N,0.025939,N,0.023129
1xdp_chainA,266,D,N,0.022636,N,0.024449
1xdp_chainA,267,M,N,0.025148,N,0.027649
1xdp_chainA,268,P,N,0.026936,N,0.074471
1xdp_chainA,269,N,N,0.022086,N,0.027705
1xdp_chainA,270,A,N,0.015022,N,0.01803
1xdp_chainA,271,L,N,0.033067,N,0.031381
1xdp_chainA,272,V,N,0.038061,N,0.087186
1xdp_chainA,273,E,N,0.030744,N,0.024197
1xdp_chainA,274,V,N,0.030139,N,0.030584
1xdp_chainA,275,L,N,0.042343,N,0.036798
1xdp_chainA,276,R,N,0.021412,N,0.023056
1xdp_chainA,277,E,N,0.020527,N,0.022312
1xdp_chainA,278,K,N,0.035596,N,0.039193
1xdp_chainA,279,L,N,0.027768,N,0.064513
1xdp_chainA,280,T,N,0.028324,N,0.029278
1xdp_chainA,281,I,N,0.024195,N,0.018378
1xdp_chainA,282,S,N,0.03724,N,0.026777
1xdp_chainA,283,R,N,0.036941,N,0.031367
1xdp_chainA,284,Y,N,0.043181,N,0.041816
1xdp_chainA,285,D,N,0.030499,N,0.017269
1xdp_chainA,286,S,N,0.030916,N,0.021743
1xdp_chainA,287,I,N,0.023561,N,0.02656
1xdp_chainA,288,V,N,0.024909,N,0.023051
1xdp_chainA,289,P,N,0.024178,N,0.020145
1xdp_chainA,290,G,N,0.018888,N,0.012986
1xdp_chainA,291,G,N,0.017666,N,0.013559
1xdp_chainA,292,R,N,0.02772,N,0.032337
1xdp_chainA,293,Y,N,0.018022,N,0.01585
1xdp_chainA,294,H,N,0.019893,N,0.013104
1xdp_chainA,295,N,N,0.029366,N,0.014834
1xdp_chainA,296,F,N,0.036763,N,0.017657
1xdp_chainA,297,K,N,0.030374,N,0.023493
1xdp_chainA,298,D,N,0.028166,N,0.015239
1xdp_chainA,299,F,N,0.041403,N,0.024854
1xdp_chainA,300,I,N,0.052304,N,0.039556
1xdp_chainA,301,N,N,0.045429,N,0.028193
1xdp_chainA,302,F,N,0.02965,N,0.020207
1xdp_chainA,303,P,N,0.02089,N,0.014803
1xdp_chainA,304,N,N,0.02499,N,0.020212
1xdp_chainA,305,V,N,0.026847,N,0.02316
1xdp_chainA,306,G,N,0.026147,N,0.017501
1xdp_chainA,307,K,N,0.039012,N,0.033744
1xdp_chainA,308,A,N,0.024009,N,0.016223
1xdp_chainA,309,N,N,0.021577,N,0.017849
1xdp_chainA,310,L,N,0.037703,N,0.031671
1xdp_chainA,311,V,N,0.028403,N,0.034175
1xdp_chainA,312,N,N,0.02991,N,0.020214
1xdp_chainA,313,K,N,0.034603,N,0.023928
1xdp_chainA,314,P,N,0.03797,N,0.022119
1xdp_chainA,315,L,N,0.034038,N,0.021855
1xdp_chainA,316,P,N,0.051149,N,0.028906
1xdp_chainA,317,R,N,0.053404,N,0.038501
1xdp_chainA,318,L,N,0.044038,N,0.029858
1xdp_chainA,319,R,N,0.042254,N,0.030568
1xdp_chainA,320,H,N,0.019996,N,0.01497
1xdp_chainA,321,I,N,0.038803,N,0.026774
1xdp_chainA,322,W,N,0.058836,N,0.041147
1xdp_chainA,323,F,N,0.034671,N,0.023302
1xdp_chainA,324,D,N,0.025628,N,0.018634
1xdp_chainA,325,K,N,0.027344,N,0.025351
1xdp_chainA,326,A,N,0.022601,N,0.016254
1xdp_chainA,327,Q,N,0.02706,N,0.015743
1xdp_chainA,328,F,N,0.027512,N,0.01665
1xdp_chainA,329,R,N,0.030253,N,0.01719
1xdp_chainA,330,N,N,0.044603,N,0.023973
1xdp_chainA,331,G,N,0.032902,N,0.019359
1xdp_chainA,332,F,N,0.059576,N,0.045756
1xdp_chainA,333,D,N,0.038476,N,0.033024
1xdp_chainA,334,A,N,0.020937,N,0.019726
1xdp_chainA,335,I,N,0.022868,N,0.017609
1xdp_chainA,336,R,N,0.019675,N,0.018266
1xdp_chainA,337,E,N,0.01487,N,0.013209
1xdp_chainA,338,R,N,0.009259,N,0.007893
1xdp_chainA,339,D,N,0.052159,N,0.031752
1xdp_chainA,340,V,N,0.026045,N,0.019552
1xdp_chainA,341,L,N,0.031034,N,0.028022
1xdp_chainA,342,L,N,0.027193,N,0.02521
1xdp_chainA,343,Y,N,0.053098,N,0.035637
1xdp_chainA,344,Y,N,0.032661,N,0.030473
1xdp_chainA,345,P,N,0.042169,N,0.040608
1xdp_chainA,346,Y,N,0.028466,N,0.032312
1xdp_chainA,347,H,N,0.013581,N,0.017404
1xdp_chainA,348,T,N,0.008086,N,0.012329
1xdp_chainA,349,F,N,0.03032,N,0.090443
1xdp_chainA,350,E,N,0.011774,N,0.017068
1xdp_chainA,351,H,N,0.018173,N,0.017024
1xdp_chainA,352,V,N,0.034685,N,0.028656
1xdp_chainA,353,L,N,0.00916,N,0.011846
1xdp_chainA,354,E,N,0.014901,N,0.013924
1xdp_chainA,355,L,N,0.032198,N,0.030919
1xdp_chainA,356,L,N,0.018838,N,0.019975
1xdp_chainA,357,R,N,0.013885,N,0.016307
1xdp_chainA,358,Q,N,0.038164,N,0.027241
1xdp_chainA,359,A,N,0.042421,N,0.02982
1xdp_chainA,360,S,N,0.03583,N,0.025636
1xdp_chainA,361,F,N,0.034224,N,0.023493
1xdp_chainA,362,D,N,0.035342,N,0.02977
1xdp_chainA,363,P,N,0.02378,N,0.024895
1xdp_chainA,364,S,N,0.013263,N,0.014806
1xdp_chainA,365,V,N,0.038276,N,0.028638
1xdp_chainA,366,L,N,0.027546,N,0.020743
1xdp_chainA,367,A,N,0.031606,N,0.0249
1xdp_chainA,368,I,N,0.228039,N,0.075763
1xdp_chainA,369,K,N,0.160137,N,0.070635
1xdp_chainA,370,I,N,0.059452,N,0.033863
1xdp_chainA,371,N,N,0.031666,N,0.027304
1xdp_chainA,372,I,N,0.053073,N,0.051938
1xdp_chainA,373,Y,N,0.406178,B,0.682027
1xdp_chainA,374,R,N,0.391793,B,0.591503
1xdp_chainA,375,V,N,0.035447,N,0.036113
1xdp_chainA,376,A,N,0.031417,N,0.028296
1xdp_chainA,377,K,N,0.010269,N,0.013927
1xdp_chainA,378,D,N,0.054123,N,0.039752
1xdp_chainA,379,S,N,0.152252,N,0.051436
1xdp_chainA,380,R,N,0.055175,N,0.036773
1xdp_chainA,381,I,N,0.063184,N,0.042955
1xdp_chainA,382,I,N,0.071687,N,0.036859
1xdp_chainA,383,D,N,0.10393,N,0.058544
1xdp_chainA,384,S,N,0.027798,N,0.028141
1xdp_chainA,385,M,N,0.061852,N,0.038775
1xdp_chainA,386,I,N,0.041967,N,0.025452
1xdp_chainA,387,H,N,0.039331,N,0.027781
1xdp_chainA,388,A,N,0.066479,N,0.042257
1xdp_chainA,389,A,N,0.106857,N,0.044836
1xdp_chainA,390,H,N,0.099016,N,0.044481
1xdp_chainA,391,N,N,0.075106,N,0.034611
1xdp_chainA,392,G,N,0.134461,N,0.066084
1xdp_chainA,393,K,N,0.080146,N,0.043252
1xdp_chainA,394,K,N,0.121762,N,0.066179
1xdp_chainA,395,V,N,0.123073,N,0.054984
1xdp_chainA,396,T,N,0.092314,N,0.048215
1xdp_chainA,397,V,N,0.030295,N,0.028312
1xdp_chainA,398,V,N,0.08191,N,0.046631
1xdp_chainA,399,V,N,0.039902,N,0.037167
1xdp_chainA,400,E,N,0.188481,N,0.098796
1xdp_chainA,401,L,N,0.04766,N,0.039078
1xdp_chainA,402,Q,N,0.081884,N,0.060946
1xdp_chainA,403,A,N,0.087777,N,0.055753
1xdp_chainA,404,R,N,0.258066,N,0.118082
1xdp_chainA,405,F,N,0.082318,N,0.060431
1xdp_chainA,406,D,N,0.164576,N,0.081429
1xdp_chainA,407,E,N,0.063208,N,0.063169
1xdp_chainA,408,E,N,0.032268,N,0.025376
1xdp_chainA,409,A,N,0.033422,N,0.019678
1xdp_chainA,410,N,N,0.065901,N,0.041771
1xdp_chainA,411,I,N,0.036403,N,0.021814
1xdp_chainA,412,H,N,0.023075,N,0.020951
1xdp_chainA,413,W,N,0.0352,N,0.027102
1xdp_chainA,414,A,N,0.028671,N,0.031723
1xdp_chainA,415,K,N,0.017302,N,0.016722
1xdp_chainA,416,R,N,0.009617,N,0.012213
1xdp_chainA,417,L,N,0.033474,N,0.02589
1xdp_chainA,418,T,N,0.024199,N,0.018225
1xdp_chainA,419,E,N,0.024079,N,0.019598
1xdp_chainA,420,A,N,0.009861,N,0.011737
1xdp_chainA,421,G,N,0.021092,N,0.025716
1xdp_chainA,422,V,N,0.021809,N,0.027003
1xdp_chainA,423,H,N,0.039126,N,0.044748
1xdp_chainA,424,V,N,0.021808,N,0.07182
1xdp_chainA,425,I,N,0.045867,N,0.196944
1xdp_chainA,426,F,N,0.055474,N,0.301102
1xdp_chainA,427,S,N,0.039345,N,0.345437
1xdp_chainA,428,A,N,0.029736,N,0.337558
1xdp_chainA,429,P,N,0.021123,N,0.227273
1xdp_chainA,430,G,N,0.032052,N,0.289398
1xdp_chainA,431,L,N,0.040077,N,0.233223
1xdp_chainA,432,K,N,0.067825,N,0.109687
1xdp_chainA,433,I,N,0.052009,N,0.048693
1xdp_chainA,434,H,B,0.454345,B,0.385865
1xdp_chainA,435,A,N,0.03048,N,0.025499
1xdp_chainA,436,K,N,0.232789,N,0.079719
1xdp_chainA,437,L,N,0.040378,N,0.02158
1xdp_chainA,438,F,N,0.027135,N,0.022816
1xdp_chainA,439,L,N,0.022831,N,0.01795
1xdp_chainA,440,I,N,0.065368,N,0.042678
1xdp_chainA,441,S,N,0.108043,N,0.039635
1xdp_chainA,442,R,N,0.047076,N,0.043011
1xdp_chainA,443,K,N,0.077615,N,0.049046
1xdp_chainA,444,E,N,0.077244,N,0.050998
1xdp_chainA,445,N,N,0.070694,N,0.045813
1xdp_chainA,446,G,N,0.050906,N,0.036138
1xdp_chainA,447,E,N,0.06075,N,0.034498
1xdp_chainA,448,V,N,0.070066,N,0.042268
1xdp_chainA,449,V,N,0.145737,N,0.070787
1xdp_chainA,450,R,N,0.100203,N,0.052585
1xdp_chainA,451,Y,N,0.285086,N,0.12458
1xdp_chainA,452,A,N,0.094308,N,0.027952
1xdp_chainA,453,H,N,0.280904,N,0.107655
1xdp_chainA,454,I,N,0.063353,N,0.037706
1xdp_chainA,455,G,N,0.096996,N,0.055787
1xdp_chainA,456,T,N,0.061119,N,0.04359
1xdp_chainA,457,G,N,0.120422,N,0.077735
1xdp_chainA,458,N,N,0.138786,N,0.087052
1xdp_chainA,459,F,N,0.059659,N,0.071742
1xdp_chainA,460,N,N,0.090875,N,0.056376
1xdp_chainA,461,E,N,0.01651,N,0.02108
1xdp_chainA,462,K,N,0.031616,N,0.038739
1xdp_chainA,463,T,N,0.043295,N,0.063997
1xdp_chainA,464,A,N,0.045286,N,0.160762
1xdp_chainA,465,R,N,0.039191,N,0.222386
1xdp_chainA,466,L,N,0.022293,N,0.20607
1xdp_chainA,467,Y,N,0.278685,B,0.870128
1xdp_chainA,468,T,N,0.034884,N,0.250898
1xdp_chainA,469,D,N,0.089331,B,0.45859
1xdp_chainA,470,Y,N,0.009458,N,0.02601
1xdp_chainA,471,S,N,0.012908,N,0.082826
1xdp_chainA,472,L,N,0.023088,N,0.027455
1xdp_chainA,473,L,N,0.067604,N,0.054494
1xdp_chainA,474,T,N,0.02003,N,0.020367
1xdp_chainA,475,A,N,0.02606,N,0.020493
1xdp_chainA,476,D,N,0.02174,N,0.019193
1xdp_chainA,477,A,N,0.015599,N,0.010711
1xdp_chainA,478,R,N,0.008274,N,0.012047
1xdp_chainA,479,I,N,0.01384,N,0.01212
1xdp_chainA,480,T,N,0.02199,N,0.017018
1xdp_chainA,481,N,N,0.021791,N,0.020128
1xdp_chainA,482,E,N,0.018717,N,0.010772
1xdp_chainA,483,V,N,0.028512,N,0.016706
1xdp_chainA,484,R,N,0.03824,N,0.032315
1xdp_chainA,485,R,N,0.021267,N,0.05031
1xdp_chainA,486,V,N,0.01852,N,0.017063
1xdp_chainA,487,F,N,0.038237,N,0.024006
1xdp_chainA,488,N,N,0.041818,N,0.034511
1xdp_chainA,489,F,N,0.027886,N,0.034156
1xdp_chainA,490,I,N,0.038612,N,0.036485
1xdp_chainA,491,E,N,0.023112,N,0.022654
1xdp_chainA,492,N,N,0.031079,N,0.039044
1xdp_chainA,493,P,N,0.034474,N,0.093502
1xdp_chainA,494,Y,N,0.023968,N,0.035881
1xdp_chainA,495,R,N,0.048069,N,0.05788
1xdp_chainA,496,P,N,0.044365,N,0.037471
1xdp_chainA,497,V,N,0.024716,N,0.020704
1xdp_chainA,498,T,N,0.072474,N,0.043336
1xdp_chainA,499,F,N,0.062168,N,0.0445
1xdp_chainA,500,D,N,0.189604,N,0.066054
1xdp_chainA,501,Y,N,0.122747,N,0.035589
1xdp_chainA,502,L,N,0.224678,N,0.06683
1xdp_chainA,503,M,N,0.072337,N,0.048765
1xdp_chainA,504,V,N,0.068389,N,0.034575
1xdp_chainA,505,S,N,0.166218,N,0.048805
1xdp_chainA,506,P,N,0.261332,N,0.085778
1xdp_chainA,507,Q,N,0.286078,N,0.073151
1xdp_chainA,508,N,N,0.133943,N,0.047541
1xdp_chainA,509,S,N,0.074339,N,0.036466
1xdp_chainA,510,R,N,0.138355,N,0.09086
1xdp_chainA,511,R,N,0.024988,N,0.020305
1xdp_chainA,512,L,N,0.030953,N,0.029188
1xdp_chainA,513,L,N,0.031034,N,0.027942
1xdp_chainA,514,Y,N,0.011341,N,0.011542
1xdp_chainA,515,E,N,0.062951,N,0.038227
1xdp_chainA,516,M,N,0.039049,N,0.02887
1xdp_chainA,517,V,N,0.036494,N,0.021984
1xdp_chainA,518,D,N,0.031121,N,0.01994
1xdp_chainA,519,R,N,0.070202,N,0.033866
1xdp_chainA,520,E,N,0.10684,N,0.051889
1xdp_chainA,521,I,N,0.025271,N,0.017349
1xdp_chainA,522,A,N,0.045111,N,0.031476
1xdp_chainA,523,N,N,0.086329,N,0.057656
1xdp_chainA,524,A,N,0.052295,N,0.039798
1xdp_chainA,525,Q,N,0.054748,N,0.040188
1xdp_chainA,526,Q,N,0.034996,N,0.019726
1xdp_chainA,527,G,N,0.050295,N,0.03537
1xdp_chainA,528,L,N,0.02256,N,0.022
1xdp_chainA,529,P,N,0.051848,N,0.042871
1xdp_chainA,530,S,N,0.037177,N,0.032267
1xdp_chainA,531,G,N,0.024312,N,0.028128
1xdp_chainA,532,I,N,0.030404,N,0.032558
1xdp_chainA,533,T,N,0.045128,N,0.036324
1xdp_chainA,534,L,N,0.032833,N,0.030838
1xdp_chainA,535,K,N,0.185325,N,0.087472
1xdp_chainA,536,L,N,0.089952,N,0.037311
1xdp_chainA,537,N,N,0.163573,N,0.123648
1xdp_chainA,538,N,N,0.029628,N,0.027432
1xdp_chainA,539,L,N,0.078959,N,0.059802
1xdp_chainA,540,V,N,0.059902,N,0.034281
1xdp_chainA,541,D,N,0.214485,N,0.064891
1xdp_chainA,542,K,N,0.027085,N,0.026951
1xdp_chainA,543,G,N,0.011107,N,0.009431
1xdp_chainA,544,L,N,0.058082,N,0.036014
1xdp_chainA,545,V,N,0.061924,N,0.039102
1xdp_chainA,546,D,N,0.026228,N,0.01797
1xdp_chainA,547,R,N,0.013339,N,0.013035
1xdp_chainA,548,L,N,0.036644,N,0.028761
1xdp_chainA,549,Y,N,0.035749,N,0.02488
1xdp_chainA,550,A,N,0.045284,N,0.018034
1xdp_chainA,551,A,N,0.061679,N,0.037583
1xdp_chainA,552,S,N,0.077425,N,0.036812
1xdp_chainA,553,S,N,0.047849,N,0.027397
1xdp_chainA,554,S,N,0.03139,N,0.02078
1xdp_chainA,555,G,N,0.04244,N,0.04316
1xdp_chainA,556,V,N,0.022324,N,0.020317
1xdp_chainA,557,P,N,0.020139,N,0.02269
1xdp_chainA,558,V,N,0.013312,N,0.012738
1xdp_chainA,559,N,N,0.01801,N,0.021986
1xdp_chainA,560,L,N,0.015753,N,0.01486
1xdp_chainA,561,L,N,0.025377,N,0.023858
1xdp_chainA,562,V,N,0.026015,N,0.016829
1xdp_chainA,563,R,B,0.451393,N,0.322418
1xdp_chainA,564,G,N,0.294595,N,0.061622
1xdp_chainA,565,M,N,0.062633,N,0.03492
1xdp_chainA,566,C,N,0.10857,N,0.058299
1xdp_chainA,567,S,N,0.159183,N,0.056939
1xdp_chainA,568,L,N,0.04967,N,0.035472
1xdp_chainA,569,I,N,0.032153,N,0.029966
1xdp_chainA,570,P,N,0.019294,N,0.020776
1xdp_chainA,571,N,N,0.027676,N,0.027849
1xdp_chainA,572,L,N,0.038708,N,0.033581
1xdp_chainA,573,E,N,0.036119,N,0.03276
1xdp_chainA,574,G,N,0.047081,N,0.032354
1xdp_chainA,575,I,N,0.063769,N,0.052834
1xdp_chainA,576,S,N,0.069617,N,0.049266
1xdp_chainA,577,D,N,0.023523,N,0.019103
1xdp_chainA,578,N,N,0.056462,N,0.043418
1xdp_chainA,579,I,N,0.066761,N,0.045584
1xdp_chainA,580,R,N,0.017125,N,0.017154
1xdp_chainA,581,A,N,0.011439,N,0.010024
1xdp_chainA,582,I,N,0.034792,N,0.028789
1xdp_chainA,583,S,N,0.023227,N,0.013728
1xdp_chainA,584,I,N,0.154543,N,0.068408
1xdp_chainA,585,V,N,0.193286,N,0.056935
1xdp_chainA,586,D,B,0.720663,B,0.612923
1xdp_chainA,587,R,N,0.208144,N,0.072505
1xdp_chainA,588,Y,N,0.240286,N,0.117241
1xdp_chainA,589,L,B,0.831452,B,0.625088
1xdp_chainA,590,E,N,0.070928,N,0.052571
1xdp_chainA,591,H,B,0.550108,B,0.54001
1xdp_chainA,592,D,N,0.10487,N,0.044537
1xdp_chainA,593,R,B,0.619218,B,0.583117
1xdp_chainA,594,V,N,0.0592,N,0.045978
1xdp_chainA,595,Y,N,0.159941,N,0.068531
1xdp_chainA,596,I,N,0.171472,N,0.096949
1xdp_chainA,597,F,N,0.124041,N,0.086694
1xdp_chainA,598,E,N,0.038098,N,0.037534
1xdp_chainA,599,N,N,0.057559,N,0.031592
1xdp_chainA,600,G,N,0.033901,N,0.027899
1xdp_chainA,601,G,N,0.024709,N,0.025585
1xdp_chainA,602,D,N,0.02632,N,0.024725
1xdp_chainA,603,K,N,0.018556,N,0.016994
1xdp_chainA,604,K,N,0.042388,N,0.045629
1xdp_chainA,605,V,N,0.055054,N,0.039165
1xdp_chainA,606,Y,N,0.292143,N,0.14544
1xdp_chainA,607,L,N,0.061822,N,0.040035
1xdp_chainA,608,S,N,0.094284,N,0.047135
1xdp_chainA,609,S,N,0.11542,N,0.067423
1xdp_chainA,610,A,N,0.083239,N,0.052759
1xdp_chainA,611,D,N,0.183542,N,0.068555
1xdp_chainA,612,W,N,0.058432,N,0.04688
1xdp_chainA,613,M,N,0.062723,N,0.040954
1xdp_chainA,614,T,N,0.016369,N,0.015398
1xdp_chainA,615,R,N,0.06417,N,0.046745
1xdp_chainA,616,N,N,0.054118,N,0.037566
1xdp_chainA,617,I,N,0.020582,N,0.016938
1xdp_chainA,618,D,N,0.046852,N,0.032822
1xdp_chainA,619,Y,N,0.031283,N,0.023169
1xdp_chainA,620,R,N,0.143386,N,0.047114
1xdp_chainA,621,I,N,0.047502,N,0.026053
1xdp_chainA,622,E,N,0.072189,N,0.048782
1xdp_chainA,623,V,N,0.021635,N,0.012883
1xdp_chainA,624,A,N,0.031569,N,0.02204
1xdp_chainA,625,T,N,0.026514,N,0.014816
1xdp_chainA,626,P,N,0.035941,N,0.02619
1xdp_chainA,627,L,N,0.016568,N,0.01475
1xdp_chainA,628,L,N,0.012903,N,0.012637
1xdp_chainA,629,D,N,0.012315,N,0.011062
1xdp_chainA,630,P,N,0.032276,N,0.027912
1xdp_chainA,631,R,N,0.01112,N,0.013174
1xdp_chainA,632,L,N,0.009796,N,0.007331
1xdp_chainA,633,K,N,0.016785,N,0.013068
1xdp_chainA,634,Q,N,0.009806,N,0.007489
1xdp_chainA,635,R,N,0.023723,N,0.01845
1xdp_chainA,636,V,N,0.012939,N,0.011265
1xdp_chainA,637,L,N,0.03409,N,0.022721
1xdp_chainA,638,D,N,0.031183,N,0.02386
1xdp_chainA,639,I,N,0.027873,N,0.023684
1xdp_chainA,640,I,N,0.013979,N,0.01045
1xdp_chainA,641,D,N,0.010815,N,0.010988
1xdp_chainA,642,I,N,0.015328,N,0.010997
1xdp_chainA,643,L,N,0.023481,N,0.018676
1xdp_chainA,644,F,N,0.025009,N,0.020719
1xdp_chainA,645,S,N,0.018622,N,0.011639
1xdp_chainA,646,D,N,0.055732,N,0.035094
1xdp_chainA,647,T,N,0.0332,N,0.031668
1xdp_chainA,648,V,N,0.022056,N,0.024956
1xdp_chainA,649,K,N,0.024514,N,0.025646
1xdp_chainA,650,A,N,0.030007,N,0.021671
1xdp_chainA,651,R,N,0.049582,N,0.043485
1xdp_chainA,652,Y,N,0.024551,N,0.025563
1xdp_chainA,653,I,N,0.02704,N,0.019475
1xdp_chainA,654,D,N,0.043768,N,0.037993
1xdp_chainA,655,K,N,0.036895,N,0.027631
1xdp_chainA,656,E,N,0.062952,N,0.048172
1xdp_chainA,657,L,N,0.020843,N,0.022352
1xdp_chainA,658,S,N,0.028531,N,0.02781
1xdp_chainA,659,N,N,0.028983,N,0.027343
1xdp_chainA,660,R,N,0.062349,N,0.066022
1xdp_chainA,661,Y,N,0.072521,N,0.064662
1xdp_chainA,662,V,N,0.051522,N,0.052672
1xdp_chainA,663,P,N,0.064701,N,0.047628
1xdp_chainA,664,R,N,0.118485,N,0.117001
1xdp_chainA,665,G,N,0.036214,N,0.049365
1xdp_chainA,666,N,N,0.047429,N,0.050142
1xdp_chainA,667,R,N,0.070987,N,0.053605
1xdp_chainA,668,R,N,0.155941,N,0.062472
1xdp_chainA,669,K,N,0.192671,N,0.076536
1xdp_chainA,670,V,N,0.036195,N,0.018313
1xdp_chainA,671,R,N,0.029764,N,0.015219
1xdp_chainA,672,A,N,0.021837,N,0.011477
1xdp_chainA,673,Q,N,0.035282,N,0.024994
1xdp_chainA,674,L,N,0.017657,N,0.011548
1xdp_chainA,675,A,N,0.012928,N,0.010988
1xdp_chainA,676,I,N,0.023878,N,0.017204
1xdp_chainA,677,Y,N,0.019991,N,0.017394
1xdp_chainA,678,D,N,0.023291,N,0.021157
1xdp_chainA,679,Y,N,0.035075,N,0.030034
1xdp_chainA,680,I,N,0.034611,N,0.030593
1xdp_chainA,681,K,N,0.032799,N,0.024155
1xdp_chainA,682,S,N,0.018158,N,0.016069
1xdp_chainA,683,L,N,0.020422,N,0.016561
1xdp_chainA,684,E,N,0.02449,N,0.021084
1xdp_chainA,685,Q,N,0.019953,N,0.01724
1xdp_chainA,686,P,N,0.020601,N,0.01859
1xdp_chainA,687,E,N,0.023742,N,0.020861
