Prot.ID,NO,Residue,ATPseq Binding Sites,ATPseq Probability,ATPbind Binding Sites,ATPbind Probability
1yzy_chainA,1,L,N,0.01776,N,0.027299
1yzy_chainA,2,G,N,0.033719,N,0.039473
1yzy_chainA,3,V,N,0.082496,N,0.080421
1yzy_chainA,4,I,N,0.170588,N,0.225895
1yzy_chainA,5,A,N,0.081936,N,0.115469
1yzy_chainA,6,D,N,0.064357,N,0.105971
1yzy_chainA,7,D,N,0.074963,N,0.331002
1yzy_chainA,8,F,N,0.089816,B,0.572703
1yzy_chainA,9,T,N,0.076918,B,0.535317
1yzy_chainA,10,G,N,0.06405,B,0.757913
1yzy_chainA,11,A,N,0.14181,B,0.6146
1yzy_chainA,12,S,N,0.049767,N,0.07803
1yzy_chainA,13,D,N,0.097729,N,0.30468
1yzy_chainA,14,I,N,0.030473,N,0.037714
1yzy_chainA,15,A,N,0.033906,N,0.047763
1yzy_chainA,16,S,N,0.038229,N,0.035839
1yzy_chainA,17,F,N,0.024415,N,0.032021
1yzy_chainA,18,L,N,0.025567,N,0.040182
1yzy_chainA,19,V,N,0.029024,N,0.054284
1yzy_chainA,20,E,N,0.05699,N,0.050528
1yzy_chainA,21,N,N,0.017588,N,0.015807
1yzy_chainA,22,G,N,0.050059,N,0.055001
1yzy_chainA,23,L,N,0.022678,N,0.020057
1yzy_chainA,24,S,N,0.034988,N,0.031043
1yzy_chainA,25,T,N,0.040004,N,0.03259
1yzy_chainA,26,V,N,0.056926,N,0.04973
1yzy_chainA,27,Q,N,0.045995,N,0.050154
1yzy_chainA,28,M,N,0.036568,N,0.088205
1yzy_chainA,29,N,N,0.04984,N,0.179543
1yzy_chainA,30,G,N,0.038037,N,0.250952
1yzy_chainA,31,V,N,0.035926,N,0.050987
1yzy_chainA,32,P,N,0.066804,N,0.086343
1yzy_chainA,33,T,N,0.018838,N,0.028315
1yzy_chainA,34,Q,N,0.036663,N,0.041755
1yzy_chainA,35,S,N,0.025358,N,0.021091
1yzy_chainA,36,L,N,0.036087,N,0.027258
1yzy_chainA,37,N,N,0.030893,N,0.023499
1yzy_chainA,38,S,N,0.024958,N,0.021991
1yzy_chainA,39,K,N,0.042823,N,0.026771
1yzy_chainA,40,V,N,0.04738,N,0.034171
1yzy_chainA,41,D,N,0.05104,N,0.03718
1yzy_chainA,42,A,N,0.027986,N,0.021637
1yzy_chainA,43,I,N,0.019849,N,0.016987
1yzy_chainA,44,V,N,0.025775,N,0.016125
1yzy_chainA,45,I,N,0.083568,N,0.057923
1yzy_chainA,46,S,N,0.128404,N,0.06018
1yzy_chainA,47,L,N,0.046438,N,0.035739
1yzy_chainA,48,K,N,0.232107,N,0.105396
1yzy_chainA,49,S,N,0.164622,N,0.071897
1yzy_chainA,50,R,N,0.230302,N,0.085062
1yzy_chainA,51,S,N,0.09926,N,0.053089
1yzy_chainA,52,N,N,0.054965,N,0.038199
1yzy_chainA,53,P,N,0.121426,N,0.055637
1yzy_chainA,54,V,N,0.054744,N,0.026918
1yzy_chainA,55,N,N,0.024242,N,0.021448
1yzy_chainA,56,E,N,0.053984,N,0.043957
1yzy_chainA,57,A,N,0.045778,N,0.061617
1yzy_chainA,58,I,N,0.026444,N,0.022741
1yzy_chainA,59,E,N,0.0421,N,0.057732
1yzy_chainA,60,Q,N,0.029646,N,0.030498
1yzy_chainA,61,S,N,0.022456,N,0.051929
1yzy_chainA,62,L,N,0.026999,N,0.020071
1yzy_chainA,63,R,N,0.049929,N,0.062812
1yzy_chainA,64,A,N,0.023339,N,0.072315
1yzy_chainA,65,Y,N,0.011827,N,0.014132
1yzy_chainA,66,Q,N,0.022002,N,0.020266
1yzy_chainA,67,W,N,0.056239,N,0.041418
1yzy_chainA,68,L,N,0.02467,N,0.02939
1yzy_chainA,69,K,N,0.036597,N,0.031331
1yzy_chainA,70,E,N,0.029492,N,0.029346
1yzy_chainA,71,N,N,0.039117,N,0.030464
1yzy_chainA,72,G,N,0.019816,N,0.017386
1yzy_chainA,73,C,N,0.019006,N,0.017908
1yzy_chainA,74,T,N,0.028329,N,0.020265
1yzy_chainA,75,Q,N,0.020391,N,0.018981
1yzy_chainA,76,F,N,0.02114,N,0.026227
1yzy_chainA,77,Y,N,0.053721,N,0.072206
1yzy_chainA,78,F,N,0.07173,B,0.687441
1yzy_chainA,79,K,N,0.119747,B,0.805196
1yzy_chainA,80,Y,N,0.040391,B,0.457614
1yzy_chainA,81,C,N,0.028183,N,0.122433
1yzy_chainA,82,S,N,0.029185,N,0.046976
1yzy_chainA,83,T,N,0.090007,N,0.072683
1yzy_chainA,84,F,N,0.307287,N,0.144531
1yzy_chainA,85,D,N,0.277281,N,0.118251
1yzy_chainA,86,S,N,0.04849,N,0.028827
1yzy_chainA,87,T,N,0.141102,N,0.081557
1yzy_chainA,88,A,N,0.039649,N,0.039212
1yzy_chainA,89,K,N,0.081798,N,0.069405
1yzy_chainA,90,G,N,0.125889,N,0.067112
1yzy_chainA,91,N,N,0.263869,N,0.103717
1yzy_chainA,92,I,N,0.077616,N,0.059135
1yzy_chainA,93,G,N,0.073762,N,0.05397
1yzy_chainA,94,P,N,0.104578,N,0.077372
1yzy_chainA,95,V,N,0.12778,N,0.147731
1yzy_chainA,96,T,N,0.095868,N,0.053647
1yzy_chainA,97,D,N,0.052375,N,0.038037
1yzy_chainA,98,A,N,0.039047,N,0.025508
1yzy_chainA,99,L,N,0.01442,N,0.014835
1yzy_chainA,100,L,N,0.015322,N,0.014308
1yzy_chainA,101,D,N,0.012918,N,0.013609
1yzy_chainA,102,E,N,0.013759,N,0.010717
1yzy_chainA,103,L,N,0.016347,N,0.012581
1yzy_chainA,104,N,N,0.015003,N,0.013774
1yzy_chainA,105,E,N,0.016011,N,0.013257
1yzy_chainA,106,D,N,0.019076,N,0.020692
1yzy_chainA,107,F,N,0.020596,N,0.019032
1yzy_chainA,108,T,N,0.038453,N,0.033487
1yzy_chainA,109,V,N,0.05126,N,0.025396
1yzy_chainA,110,I,N,0.099471,N,0.02421
1yzy_chainA,111,T,N,0.104974,N,0.040681
1yzy_chainA,112,P,N,0.07872,N,0.037949
1yzy_chainA,113,A,N,0.044893,N,0.023156
1yzy_chainA,114,L,N,0.038999,N,0.021353
1yzy_chainA,115,P,N,0.030533,N,0.022519
1yzy_chainA,116,V,N,0.017985,N,0.011303
1yzy_chainA,117,N,N,0.049739,N,0.036307
1yzy_chainA,118,G,N,0.078841,N,0.046138
1yzy_chainA,119,R,N,0.188786,N,0.100569
1yzy_chainA,120,T,N,0.04017,N,0.02445
1yzy_chainA,121,I,N,0.069616,N,0.04646
1yzy_chainA,122,F,N,0.0616,N,0.04678
1yzy_chainA,123,N,N,0.016181,N,0.014046
1yzy_chainA,124,G,N,0.034015,N,0.021034
1yzy_chainA,125,Y,N,0.034224,N,0.026274
1yzy_chainA,126,L,N,0.031251,N,0.023496
1yzy_chainA,127,F,N,0.055732,N,0.05975
1yzy_chainA,128,V,N,0.052172,N,0.03228
1yzy_chainA,129,G,N,0.038868,N,0.024648
1yzy_chainA,130,D,N,0.027336,N,0.026001
1yzy_chainA,131,V,N,0.050301,N,0.047639
1yzy_chainA,132,L,N,0.044006,N,0.032381
1yzy_chainA,133,L,N,0.124178,N,0.054442
1yzy_chainA,134,S,N,0.080755,N,0.045152
1yzy_chainA,135,E,N,0.094104,N,0.063886
1yzy_chainA,136,S,N,0.039955,N,0.031606
1yzy_chainA,137,G,N,0.021172,N,0.022217
1yzy_chainA,138,M,N,0.073968,N,0.066247
1yzy_chainA,139,K,N,0.0682,N,0.055122
1yzy_chainA,140,N,N,0.059816,N,0.045957
1yzy_chainA,141,H,N,0.125302,N,0.083726
1yzy_chainA,142,P,N,0.062255,N,0.056565
1yzy_chainA,143,I,N,0.077364,N,0.051729
1yzy_chainA,144,T,N,0.09337,N,0.054742
1yzy_chainA,145,P,N,0.073542,N,0.052225
1yzy_chainA,146,M,N,0.080873,N,0.063343
1yzy_chainA,147,V,N,0.074703,N,0.04111
1yzy_chainA,148,D,N,0.073579,N,0.039958
1yzy_chainA,149,A,N,0.055962,N,0.029495
1yzy_chainA,150,N,N,0.019313,N,0.013028
1yzy_chainA,151,L,N,0.016851,N,0.014295
1yzy_chainA,152,M,N,0.022139,N,0.019218
1yzy_chainA,153,R,N,0.011158,N,0.012345
1yzy_chainA,154,L,N,0.022907,N,0.020575
1yzy_chainA,155,M,N,0.032064,N,0.029923
1yzy_chainA,156,D,N,0.043877,N,0.029842
1yzy_chainA,157,A,N,0.033461,N,0.023165
1yzy_chainA,158,Q,N,0.070108,N,0.057027
1yzy_chainA,159,A,N,0.048458,N,0.039085
1yzy_chainA,160,K,N,0.048603,N,0.039545
1yzy_chainA,161,G,N,0.05913,N,0.036967
1yzy_chainA,162,K,N,0.03896,N,0.031469
1yzy_chainA,163,T,N,0.030693,N,0.022953
1yzy_chainA,164,G,N,0.028828,N,0.027291
1yzy_chainA,165,L,N,0.039315,N,0.020482
1yzy_chainA,166,V,N,0.036738,N,0.020469
1yzy_chainA,167,A,N,0.116643,N,0.070268
1yzy_chainA,168,Y,N,0.106517,N,0.046882
1yzy_chainA,169,A,N,0.107067,N,0.076258
1yzy_chainA,170,D,N,0.022441,N,0.01587
1yzy_chainA,171,V,N,0.036987,N,0.023939
1yzy_chainA,172,I,N,0.043184,N,0.039907
1yzy_chainA,173,K,N,0.041883,N,0.030071
1yzy_chainA,174,G,N,0.067957,N,0.030523
1yzy_chainA,175,A,N,0.062461,N,0.04137
1yzy_chainA,176,S,N,0.02408,N,0.010649
1yzy_chainA,177,R,N,0.036339,N,0.017126
1yzy_chainA,178,V,N,0.036888,N,0.017257
1yzy_chainA,179,Q,N,0.019125,N,0.009776
1yzy_chainA,180,E,N,0.021145,N,0.013298
1yzy_chainA,181,C,N,0.012463,N,0.010113
1yzy_chainA,182,F,N,0.018249,N,0.015965
1yzy_chainA,183,A,N,0.019015,N,0.0149
1yzy_chainA,184,E,N,0.031134,N,0.023361
1yzy_chainA,185,L,N,0.02491,N,0.016866
1yzy_chainA,186,K,N,0.044435,N,0.035322
1yzy_chainA,187,A,N,0.02918,N,0.020202
1yzy_chainA,188,Q,N,0.034626,N,0.028203
1yzy_chainA,189,G,N,0.032696,N,0.030426
1yzy_chainA,190,Y,N,0.026252,N,0.024436
1yzy_chainA,191,R,N,0.02456,N,0.027336
1yzy_chainA,192,Y,N,0.030318,N,0.024626
1yzy_chainA,193,A,N,0.038915,N,0.029194
1yzy_chainA,194,V,N,0.086944,N,0.038275
1yzy_chainA,195,V,N,0.284366,N,0.089054
1yzy_chainA,196,D,N,0.400578,N,0.139867
1yzy_chainA,197,A,N,0.201344,N,0.070404
1yzy_chainA,198,V,N,0.065951,N,0.039725
1yzy_chainA,199,D,N,0.044416,N,0.030825
1yzy_chainA,200,N,N,0.047956,N,0.038072
1yzy_chainA,201,S,N,0.029794,N,0.030328
1yzy_chainA,202,Q,N,0.095376,N,0.051494
1yzy_chainA,203,L,N,0.021309,N,0.019484
1yzy_chainA,204,E,N,0.04868,N,0.039573
1yzy_chainA,205,V,N,0.039978,N,0.032688
1yzy_chainA,206,L,N,0.031459,N,0.030147
1yzy_chainA,207,A,N,0.036474,N,0.032619
1yzy_chainA,208,E,N,0.025641,N,0.030977
1yzy_chainA,209,A,N,0.023525,N,0.018183
1yzy_chainA,210,V,N,0.015054,N,0.015868
1yzy_chainA,211,A,N,0.01711,N,0.018544
1yzy_chainA,212,D,N,0.024203,N,0.02286
1yzy_chainA,213,F,N,0.035479,N,0.031284
1yzy_chainA,214,K,N,0.033807,N,0.029268
1yzy_chainA,215,L,N,0.112329,N,0.054319
1yzy_chainA,216,V,N,0.137811,N,0.069209
1yzy_chainA,217,T,N,0.164365,N,0.08303
1yzy_chainA,218,G,N,0.325623,N,0.171159
1yzy_chainA,219,G,N,0.324515,N,0.105565
1yzy_chainA,220,S,N,0.325401,N,0.095644
1yzy_chainA,221,G,B,0.651943,N,0.149556
1yzy_chainA,222,L,N,0.261947,N,0.082393
1yzy_chainA,223,G,N,0.352544,N,0.102193
1yzy_chainA,224,A,N,0.117687,N,0.062221
1yzy_chainA,225,Y,N,0.106819,N,0.051879
1yzy_chainA,226,M,N,0.06836,N,0.051297
1yzy_chainA,227,A,N,0.030096,N,0.032326
1yzy_chainA,228,A,N,0.064385,N,0.057169
1yzy_chainA,229,R,N,0.051539,N,0.047497
1yzy_chainA,230,L,N,0.074443,N,0.064491
1yzy_chainA,231,S,N,0.053303,N,0.041512
1yzy_chainA,232,G,N,0.175619,N,0.074832
1yzy_chainA,233,G,N,0.138003,N,0.056557
1yzy_chainA,234,K,N,0.058514,N,0.035697
1yzy_chainA,235,K,N,0.159884,N,0.060141
1yzy_chainA,236,G,N,0.230001,N,0.079629
1yzy_chainA,237,T,N,0.119439,N,0.05403
1yzy_chainA,238,N,N,0.153799,N,0.067521
1yzy_chainA,239,A,N,0.101442,N,0.065892
1yzy_chainA,240,F,N,0.060263,N,0.044885
1yzy_chainA,241,T,N,0.041438,N,0.037365
1yzy_chainA,242,P,N,0.0387,N,0.027534
1yzy_chainA,243,T,N,0.045833,N,0.02401
1yzy_chainA,244,K,N,0.034136,N,0.019168
1yzy_chainA,245,G,N,0.054371,N,0.03681
1yzy_chainA,246,K,N,0.016735,N,0.012607
1yzy_chainA,247,T,N,0.023793,N,0.018479
1yzy_chainA,248,V,N,0.047315,N,0.033245
1yzy_chainA,249,V,N,0.070433,N,0.027554
1yzy_chainA,250,L,N,0.052462,N,0.02494
1yzy_chainA,251,S,N,0.046696,N,0.028426
1yzy_chainA,252,G,N,0.134173,N,0.040662
1yzy_chainA,253,S,N,0.156295,N,0.055295
1yzy_chainA,254,C,N,0.1721,N,0.081959
1yzy_chainA,255,S,N,0.095541,N,0.128489
1yzy_chainA,256,V,N,0.030357,N,0.135179
1yzy_chainA,257,M,N,0.037567,N,0.062095
1yzy_chainA,258,T,N,0.056689,N,0.046985
1yzy_chainA,259,N,N,0.035884,N,0.078345
1yzy_chainA,260,K,N,0.029743,N,0.173111
1yzy_chainA,261,Q,N,0.024115,N,0.15064
1yzy_chainA,262,V,N,0.021504,N,0.039279
1yzy_chainA,263,E,N,0.057343,N,0.062806
1yzy_chainA,264,K,N,0.029984,N,0.06267
1yzy_chainA,265,Y,N,0.017507,N,0.038167
1yzy_chainA,266,R,N,0.089525,N,0.067034
1yzy_chainA,267,E,N,0.076377,N,0.047334
1yzy_chainA,268,K,N,0.035068,N,0.052693
1yzy_chainA,269,A,N,0.035736,N,0.030308
1yzy_chainA,270,P,N,0.064213,N,0.040569
1yzy_chainA,271,H,N,0.034737,N,0.024688
1yzy_chainA,272,F,N,0.051492,N,0.043931
1yzy_chainA,273,Q,N,0.046124,N,0.031841
1yzy_chainA,274,L,N,0.034391,N,0.024862
1yzy_chainA,275,D,N,0.040312,N,0.0337
1yzy_chainA,276,V,N,0.047584,N,0.02591
1yzy_chainA,277,E,N,0.054236,N,0.033454
1yzy_chainA,278,Q,N,0.029301,N,0.024155
1yzy_chainA,279,A,N,0.196987,N,0.065144
1yzy_chainA,280,I,N,0.170859,N,0.066343
1yzy_chainA,281,H,N,0.085586,N,0.034807
1yzy_chainA,282,N,N,0.020264,N,0.014364
1yzy_chainA,283,E,N,0.06729,N,0.046596
1yzy_chainA,284,N,N,0.022481,N,0.016736
1yzy_chainA,285,Y,N,0.050174,N,0.032636
1yzy_chainA,286,I,N,0.090068,N,0.023132
1yzy_chainA,287,E,N,0.049898,N,0.035814
1yzy_chainA,288,Q,N,0.030326,N,0.026193
1yzy_chainA,289,L,N,0.038084,N,0.026947
1yzy_chainA,290,Y,N,0.081334,N,0.026866
1yzy_chainA,291,Q,N,0.045665,N,0.022715
1yzy_chainA,292,W,N,0.020424,N,0.014747
1yzy_chainA,293,V,N,0.030328,N,0.025473
1yzy_chainA,294,I,N,0.032005,N,0.022448
1yzy_chainA,295,A,N,0.034727,N,0.023038
1yzy_chainA,296,N,N,0.025025,N,0.022112
1yzy_chainA,297,L,N,0.027258,N,0.024186
1yzy_chainA,298,D,N,0.017632,N,0.016939
1yzy_chainA,299,S,N,0.024916,N,0.024936
1yzy_chainA,300,E,N,0.032273,N,0.027501
1yzy_chainA,301,F,N,0.027428,N,0.027849
1yzy_chainA,302,A,N,0.023315,N,0.026968
1yzy_chainA,303,P,N,0.035922,N,0.021673
1yzy_chainA,304,M,N,0.04304,N,0.025075
1yzy_chainA,305,V,N,0.167909,N,0.068019
1yzy_chainA,306,Y,N,0.283762,N,0.108338
1yzy_chainA,307,A,B,0.499956,N,0.125735
1yzy_chainA,308,T,N,0.327507,N,0.095069
1yzy_chainA,309,V,N,0.120827,N,0.06298
1yzy_chainA,310,P,N,0.030365,N,0.044443
1yzy_chainA,311,P,N,0.043471,N,0.029884
1yzy_chainA,312,D,N,0.063971,N,0.055191
1yzy_chainA,313,A,N,0.017324,N,0.016021
1yzy_chainA,314,L,N,0.019976,N,0.020096
1yzy_chainA,315,K,N,0.048953,N,0.031765
1yzy_chainA,316,A,N,0.02876,N,0.018074
1yzy_chainA,317,I,N,0.027478,N,0.018916
1yzy_chainA,318,Q,N,0.026784,N,0.022943
1yzy_chainA,319,H,N,0.023885,N,0.020508
1yzy_chainA,320,Q,N,0.047258,N,0.034822
1yzy_chainA,321,F,N,0.025866,N,0.019814
1yzy_chainA,322,G,N,0.017342,N,0.012259
1yzy_chainA,323,V,N,0.044076,N,0.029169
1yzy_chainA,324,D,N,0.045411,N,0.033662
1yzy_chainA,325,Q,N,0.051496,N,0.039485
1yzy_chainA,326,A,N,0.054035,N,0.028602
1yzy_chainA,327,S,N,0.029222,N,0.023468
1yzy_chainA,328,H,N,0.04858,N,0.028129
1yzy_chainA,329,A,N,0.013471,N,0.011371
1yzy_chainA,330,I,N,0.023161,N,0.01641
1yzy_chainA,331,E,N,0.033101,N,0.016652
1yzy_chainA,332,N,N,0.025073,N,0.016327
1yzy_chainA,333,T,N,0.015367,N,0.012091
1yzy_chainA,334,F,N,0.020626,N,0.015432
1yzy_chainA,335,A,N,0.014185,N,0.008139
1yzy_chainA,336,K,N,0.037646,N,0.030555
1yzy_chainA,337,L,N,0.026344,N,0.021807
1yzy_chainA,338,A,N,0.01951,N,0.01304
1yzy_chainA,339,A,N,0.033923,N,0.020372
1yzy_chainA,340,K,N,0.038574,N,0.030077
1yzy_chainA,341,L,N,0.02303,N,0.019301
1yzy_chainA,342,K,N,0.019194,N,0.015146
1yzy_chainA,343,Q,N,0.02399,N,0.017801
1yzy_chainA,344,Y,N,0.031475,N,0.023696
1yzy_chainA,345,G,N,0.025037,N,0.024897
1yzy_chainA,346,V,N,0.032734,N,0.031109
1yzy_chainA,347,T,N,0.025502,N,0.026189
1yzy_chainA,348,N,N,0.032116,N,0.034701
1yzy_chainA,349,F,N,0.036158,N,0.032472
1yzy_chainA,350,I,N,0.058658,N,0.036669
1yzy_chainA,351,T,N,0.067856,N,0.046993
1yzy_chainA,352,A,N,0.276115,N,0.118288
1yzy_chainA,353,G,B,0.756015,N,0.325973
1yzy_chainA,354,G,B,0.809138,N,0.267194
1yzy_chainA,355,E,B,0.495356,N,0.108203
1yzy_chainA,356,T,N,0.172266,N,0.061086
1yzy_chainA,357,S,N,0.354095,N,0.133518
1yzy_chainA,358,S,N,0.352752,N,0.120907
1yzy_chainA,359,I,N,0.103896,N,0.045553
1yzy_chainA,360,V,N,0.031372,N,0.021621
1yzy_chainA,361,V,N,0.032136,N,0.023977
1yzy_chainA,362,Q,N,0.031596,N,0.025224
1yzy_chainA,363,E,N,0.022978,N,0.016564
1yzy_chainA,364,L,N,0.053906,N,0.02778
1yzy_chainA,365,G,N,0.038503,N,0.029295
1yzy_chainA,366,F,N,0.046494,N,0.038303
1yzy_chainA,367,T,N,0.018955,N,0.02223
1yzy_chainA,368,G,N,0.0323,N,0.030347
1yzy_chainA,369,F,N,0.03376,N,0.029527
1yzy_chainA,370,H,N,0.067855,N,0.05497
1yzy_chainA,371,I,N,0.343694,N,0.123983
1yzy_chainA,372,G,N,0.282045,N,0.12591
1yzy_chainA,373,K,N,0.043017,N,0.033807
1yzy_chainA,374,Q,B,0.436485,N,0.144061
1yzy_chainA,375,I,N,0.38421,N,0.098388
1yzy_chainA,376,A,N,0.297468,N,0.094826
1yzy_chainA,377,P,N,0.296303,N,0.095855
1yzy_chainA,378,G,N,0.248107,N,0.078718
1yzy_chainA,379,V,N,0.141081,N,0.079023
1yzy_chainA,380,P,N,0.077064,N,0.048418
1yzy_chainA,381,W,N,0.078969,N,0.046167
1yzy_chainA,382,L,N,0.057616,N,0.043239
1yzy_chainA,383,K,N,0.055791,N,0.04845
1yzy_chainA,384,A,N,0.064501,N,0.036397
1yzy_chainA,385,V,N,0.030568,N,0.021701
1yzy_chainA,386,E,N,0.025155,N,0.018729
1yzy_chainA,387,E,N,0.021272,N,0.013633
1yzy_chainA,388,D,N,0.04903,N,0.023681
1yzy_chainA,389,I,N,0.046978,N,0.028457
1yzy_chainA,390,F,N,0.027796,N,0.022182
1yzy_chainA,391,L,N,0.20793,N,0.052718
1yzy_chainA,392,A,N,0.200026,N,0.051581
1yzy_chainA,393,L,N,0.263235,N,0.091853
1yzy_chainA,394,K,N,0.218443,N,0.122993
1yzy_chainA,395,S,N,0.048641,N,0.027995
1yzy_chainA,396,G,N,0.086251,N,0.044631
1yzy_chainA,397,N,N,0.081745,N,0.032552
1yzy_chainA,398,F,N,0.090016,N,0.044004
1yzy_chainA,399,G,N,0.068481,N,0.034265
1yzy_chainA,400,K,N,0.058826,N,0.036372
1yzy_chainA,401,E,N,0.034085,N,0.026846
1yzy_chainA,402,D,N,0.053568,N,0.025486
1yzy_chainA,403,F,N,0.033737,N,0.019466
1yzy_chainA,404,F,N,0.050218,N,0.044313
1yzy_chainA,405,E,N,0.019253,N,0.022517
1yzy_chainA,406,Y,N,0.017218,N,0.016458
1yzy_chainA,407,A,N,0.016489,N,0.016087
1yzy_chainA,408,Q,N,0.017289,N,0.014753
1yzy_chainA,409,G,N,0.011431,N,0.010426
1yzy_chainA,410,M,N,0.031256,N,0.020954
1yzy_chainA,411,F,N,0.023795,N,0.023666
1yzy_chainA,412,L,N,0.019936,N,0.017628
