Prot.ID,NO,Residue,ATPseq Binding Sites,ATPseq Probability,ATPbind Binding Sites,ATPbind Probability
2aqx_chainB,1,V,N,0.008911,N,0.009447
2aqx_chainB,2,Q,N,0.009022,N,0.00686
2aqx_chainB,3,W,N,0.016275,N,0.013192
2aqx_chainB,4,S,N,0.012929,N,0.012751
2aqx_chainB,5,P,N,0.018264,N,0.016253
2aqx_chainB,6,F,N,0.033397,N,0.027385
2aqx_chainB,7,V,N,0.040962,N,0.031806
2aqx_chainB,8,M,N,0.029566,N,0.021602
2aqx_chainB,9,S,N,0.021773,N,0.01898
2aqx_chainB,10,F,N,0.028636,N,0.018834
2aqx_chainB,11,K,N,0.037878,N,0.036959
2aqx_chainB,12,K,N,0.022808,N,0.017401
2aqx_chainB,13,K,N,0.02914,N,0.023469
2aqx_chainB,14,Y,N,0.024363,N,0.026868
2aqx_chainB,15,P,N,0.029551,N,0.018611
2aqx_chainB,16,W,N,0.113722,N,0.333502
2aqx_chainB,17,I,N,0.175194,B,0.384925
2aqx_chainB,18,Q,N,0.212745,B,0.385084
2aqx_chainB,19,L,N,0.281402,B,0.395051
2aqx_chainB,20,A,N,0.155351,N,0.369753
2aqx_chainB,21,G,N,0.306232,B,0.509863
2aqx_chainB,22,H,N,0.168713,B,0.784349
2aqx_chainB,23,A,N,0.074274,N,0.091078
2aqx_chainB,24,G,N,0.315844,B,0.540804
2aqx_chainB,25,S,B,0.506493,N,0.228424
2aqx_chainB,26,F,B,0.68091,B,0.417584
2aqx_chainB,27,K,N,0.061721,N,0.038336
2aqx_chainB,28,A,N,0.320062,N,0.108123
2aqx_chainB,29,A,N,0.023501,N,0.029836
2aqx_chainB,30,A,N,0.04178,N,0.031383
2aqx_chainB,31,N,N,0.046239,N,0.054062
2aqx_chainB,32,G,N,0.039618,N,0.041882
2aqx_chainB,33,R,N,0.072159,N,0.076487
2aqx_chainB,34,I,N,0.076449,B,0.545375
2aqx_chainB,35,L,B,0.542999,N,0.328283
2aqx_chainB,36,K,N,0.1245,B,0.795332
2aqx_chainB,37,K,N,0.342926,N,0.15333
2aqx_chainB,38,H,N,0.096735,N,0.088767
2aqx_chainB,39,C,N,0.041964,N,0.022502
2aqx_chainB,40,E,N,0.033015,N,0.023646
2aqx_chainB,41,S,N,0.026214,N,0.023027
2aqx_chainB,42,E,N,0.04643,N,0.028181
2aqx_chainB,43,Q,N,0.047675,N,0.029003
2aqx_chainB,44,R,N,0.026406,N,0.024425
2aqx_chainB,45,C,N,0.015808,N,0.01206
2aqx_chainB,46,L,N,0.013826,N,0.012831
2aqx_chainB,47,D,N,0.023225,N,0.022055
2aqx_chainB,48,R,N,0.020635,N,0.018159
2aqx_chainB,49,L,N,0.017928,N,0.020639
2aqx_chainB,50,M,N,0.028726,N,0.019737
2aqx_chainB,51,A,N,0.020316,N,0.01691
2aqx_chainB,52,D,N,0.055595,N,0.04205
2aqx_chainB,53,V,N,0.02204,N,0.018219
2aqx_chainB,54,L,N,0.036972,N,0.031637
2aqx_chainB,55,R,N,0.048553,N,0.029774
2aqx_chainB,56,P,N,0.036529,N,0.02596
2aqx_chainB,57,F,N,0.045282,N,0.031414
2aqx_chainB,58,V,N,0.033851,N,0.033809
2aqx_chainB,59,P,N,0.112217,N,0.15041
2aqx_chainB,60,A,N,0.061252,N,0.040812
2aqx_chainB,61,Y,N,0.047893,N,0.039669
2aqx_chainB,62,H,N,0.068289,N,0.045149
2aqx_chainB,63,G,N,0.015473,N,0.015625
2aqx_chainB,64,D,N,0.022933,N,0.018226
2aqx_chainB,65,V,N,0.03672,N,0.037959
2aqx_chainB,66,V,N,0.026772,N,0.02214
2aqx_chainB,67,K,N,0.038596,N,0.035848
2aqx_chainB,68,D,N,0.026721,N,0.029019
2aqx_chainB,69,G,N,0.015225,N,0.015711
2aqx_chainB,70,E,N,0.019198,N,0.020209
2aqx_chainB,71,R,N,0.026693,N,0.025845
2aqx_chainB,72,Y,N,0.117144,N,0.054052
2aqx_chainB,73,N,N,0.081731,N,0.062269
2aqx_chainB,74,Q,N,0.040909,N,0.037972
2aqx_chainB,75,M,B,0.842664,B,0.881322
2aqx_chainB,76,D,B,0.904535,B,0.932416
2aqx_chainB,77,D,B,0.851161,B,0.884122
2aqx_chainB,78,L,B,0.813906,B,0.871581
2aqx_chainB,79,L,N,0.075658,N,0.058676
2aqx_chainB,80,A,N,0.024575,N,0.030859
2aqx_chainB,81,D,N,0.033582,N,0.039641
2aqx_chainB,82,F,N,0.024847,N,0.027712
2aqx_chainB,83,D,N,0.024958,N,0.03154
2aqx_chainB,84,S,N,0.018034,N,0.022142
2aqx_chainB,85,P,N,0.046344,N,0.038874
2aqx_chainB,86,C,N,0.031526,N,0.039855
2aqx_chainB,87,V,N,0.05307,N,0.047689
2aqx_chainB,88,M,N,0.047333,N,0.040014
2aqx_chainB,89,D,B,0.796824,B,0.876871
2aqx_chainB,90,C,N,0.016007,N,0.017771
2aqx_chainB,91,K,N,0.380623,B,0.531367
2aqx_chainB,92,M,N,0.019985,N,0.02127
2aqx_chainB,93,G,N,0.055602,N,0.043121
2aqx_chainB,94,V,N,0.025933,N,0.022034
2aqx_chainB,95,R,N,0.030017,N,0.028274
2aqx_chainB,96,T,N,0.024322,N,0.022585
2aqx_chainB,97,Y,N,0.059153,N,0.039033
2aqx_chainB,98,L,N,0.013241,N,0.011194
2aqx_chainB,99,E,N,0.011212,N,0.012601
2aqx_chainB,100,E,N,0.012492,N,0.012831
2aqx_chainB,101,E,N,0.028774,N,0.024574
2aqx_chainB,102,L,N,0.034261,N,0.020636
2aqx_chainB,103,T,N,0.033249,N,0.022006
2aqx_chainB,104,K,N,0.046652,N,0.02976
2aqx_chainB,105,A,N,0.016051,N,0.011908
2aqx_chainB,106,R,N,0.025515,N,0.021106
2aqx_chainB,107,K,N,0.023469,N,0.014092
2aqx_chainB,108,K,N,0.042847,N,0.030549
2aqx_chainB,109,P,N,0.030747,N,0.022013
2aqx_chainB,110,S,N,0.020798,N,0.012588
2aqx_chainB,111,L,N,0.019606,N,0.011768
2aqx_chainB,112,R,N,0.04577,N,0.027393
2aqx_chainB,113,K,N,0.041484,N,0.024508
2aqx_chainB,114,D,N,0.019182,N,0.010961
2aqx_chainB,115,M,N,0.048646,N,0.025898
2aqx_chainB,116,Y,N,0.036954,N,0.022668
2aqx_chainB,117,Q,N,0.046899,N,0.027047
2aqx_chainB,118,K,N,0.033688,N,0.023121
2aqx_chainB,119,M,N,0.037043,N,0.021072
2aqx_chainB,120,V,N,0.061286,N,0.034305
2aqx_chainB,121,E,N,0.037253,N,0.021415
2aqx_chainB,122,V,N,0.026208,N,0.014619
2aqx_chainB,123,D,N,0.02901,N,0.022725
2aqx_chainB,124,P,N,0.031936,N,0.023198
2aqx_chainB,125,E,N,0.027122,N,0.018999
2aqx_chainB,126,A,N,0.019892,N,0.015791
2aqx_chainB,127,P,N,0.026933,N,0.019983
2aqx_chainB,128,T,N,0.026707,N,0.016454
2aqx_chainB,129,E,N,0.021403,N,0.010136
2aqx_chainB,130,E,N,0.036655,N,0.018583
2aqx_chainB,131,E,N,0.024076,N,0.014864
2aqx_chainB,132,K,N,0.044881,N,0.030767
2aqx_chainB,133,A,N,0.033795,N,0.018348
2aqx_chainB,134,Q,N,0.026104,N,0.016174
2aqx_chainB,135,R,N,0.056539,N,0.032172
2aqx_chainB,136,A,N,0.052586,N,0.031884
2aqx_chainB,137,V,N,0.0396,N,0.022134
2aqx_chainB,138,T,N,0.03552,N,0.026293
2aqx_chainB,139,K,N,0.060127,N,0.035082
2aqx_chainB,140,P,N,0.02208,N,0.016639
2aqx_chainB,141,R,N,0.032321,N,0.030127
2aqx_chainB,142,Y,N,0.020915,N,0.02118
2aqx_chainB,143,M,N,0.028949,N,0.019177
2aqx_chainB,144,Q,N,0.035853,N,0.020508
2aqx_chainB,145,W,N,0.044454,N,0.03161
2aqx_chainB,146,R,N,0.076901,N,0.067284
2aqx_chainB,147,E,N,0.020026,N,0.012417
2aqx_chainB,148,T,N,0.035315,N,0.032933
2aqx_chainB,149,I,N,0.024983,N,0.02049
2aqx_chainB,150,S,N,0.03175,N,0.027281
2aqx_chainB,151,S,N,0.02529,N,0.026756
2aqx_chainB,152,T,N,0.029676,N,0.026909
2aqx_chainB,153,A,N,0.019257,N,0.017557
2aqx_chainB,154,T,N,0.017808,N,0.015883
2aqx_chainB,155,L,N,0.010295,N,0.007968
2aqx_chainB,156,G,N,0.051758,N,0.036935
2aqx_chainB,157,F,N,0.017966,N,0.015106
2aqx_chainB,158,R,N,0.04245,N,0.043904
2aqx_chainB,159,I,N,0.032925,N,0.028885
2aqx_chainB,160,E,N,0.022032,N,0.023416
2aqx_chainB,161,G,N,0.037283,N,0.021703
2aqx_chainB,162,I,N,0.057438,N,0.040155
2aqx_chainB,163,K,N,0.054136,N,0.042354
2aqx_chainB,164,K,N,0.047847,N,0.034234
2aqx_chainB,165,E,N,0.049583,N,0.030156
2aqx_chainB,166,D,N,0.041969,N,0.033625
2aqx_chainB,167,G,N,0.032949,N,0.027644
2aqx_chainB,168,S,N,0.019785,N,0.017788
2aqx_chainB,169,V,N,0.036616,N,0.032608
2aqx_chainB,170,N,N,0.02861,N,0.022337
2aqx_chainB,171,R,N,0.066172,N,0.054053
2aqx_chainB,172,D,N,0.035265,N,0.033537
2aqx_chainB,173,F,N,0.052349,N,0.045416
2aqx_chainB,174,K,N,0.034,N,0.034773
2aqx_chainB,175,K,N,0.048189,N,0.052738
2aqx_chainB,176,T,N,0.038189,N,0.034569
2aqx_chainB,177,K,N,0.066142,N,0.062659
2aqx_chainB,178,T,N,0.036458,N,0.024442
2aqx_chainB,179,R,N,0.026126,N,0.02931
2aqx_chainB,180,E,N,0.045735,N,0.029471
2aqx_chainB,181,Q,N,0.019223,N,0.014673
2aqx_chainB,182,V,N,0.023937,N,0.015864
2aqx_chainB,183,T,N,0.015132,N,0.00895
2aqx_chainB,184,E,N,0.030289,N,0.024706
2aqx_chainB,185,A,N,0.014284,N,0.010743
2aqx_chainB,186,F,N,0.020075,N,0.014414
2aqx_chainB,187,R,N,0.027783,N,0.016736
2aqx_chainB,188,E,N,0.02461,N,0.01982
2aqx_chainB,189,F,N,0.035337,N,0.027658
2aqx_chainB,190,T,N,0.109896,N,0.075728
2aqx_chainB,191,K,N,0.033159,N,0.020866
2aqx_chainB,192,G,N,0.027997,N,0.021256
2aqx_chainB,193,N,N,0.049013,N,0.047472
2aqx_chainB,194,Q,N,0.033975,N,0.017892
2aqx_chainB,195,N,N,0.027912,N,0.019299
2aqx_chainB,196,I,N,0.03,N,0.024905
2aqx_chainB,197,L,N,0.026034,N,0.019155
2aqx_chainB,198,I,N,0.021603,N,0.012306
2aqx_chainB,199,A,N,0.034619,N,0.025745
2aqx_chainB,200,Y,N,0.017431,N,0.01778
2aqx_chainB,201,R,N,0.014403,N,0.009081
2aqx_chainB,202,D,N,0.009331,N,0.008903
2aqx_chainB,203,R,N,0.030313,N,0.031179
2aqx_chainB,204,L,N,0.024774,N,0.016102
2aqx_chainB,205,K,N,0.016718,N,0.009462
2aqx_chainB,206,A,N,0.024297,N,0.021095
2aqx_chainB,207,I,N,0.033401,N,0.021898
2aqx_chainB,208,R,N,0.03656,N,0.024341
2aqx_chainB,209,A,N,0.014185,N,0.010486
2aqx_chainB,210,T,N,0.02693,N,0.016646
2aqx_chainB,211,L,N,0.019321,N,0.014923
2aqx_chainB,212,E,N,0.032784,N,0.027691
2aqx_chainB,213,I,N,0.021276,N,0.015506
2aqx_chainB,214,S,N,0.035111,N,0.024078
2aqx_chainB,215,P,N,0.020994,N,0.01535
2aqx_chainB,216,F,N,0.02182,N,0.022526
2aqx_chainB,217,F,N,0.032872,N,0.024181
2aqx_chainB,218,K,N,0.033272,N,0.029375
2aqx_chainB,219,C,N,0.01912,N,0.017205
2aqx_chainB,220,H,N,0.036816,N,0.04235
2aqx_chainB,221,E,N,0.012806,N,0.012209
2aqx_chainB,222,V,N,0.022918,N,0.017886
2aqx_chainB,223,I,N,0.019503,N,0.01771
2aqx_chainB,224,G,N,0.034933,N,0.030067
2aqx_chainB,225,S,N,0.037278,N,0.02863
2aqx_chainB,226,S,N,0.061726,N,0.044276
2aqx_chainB,227,L,N,0.043914,N,0.036316
2aqx_chainB,228,L,B,0.870496,B,0.909356
2aqx_chainB,229,F,N,0.027903,N,0.019999
2aqx_chainB,230,I,N,0.069006,N,0.062475
2aqx_chainB,231,H,N,0.025059,N,0.023579
2aqx_chainB,232,D,N,0.015202,N,0.021694
2aqx_chainB,233,K,N,0.014356,N,0.011
2aqx_chainB,234,K,N,0.061771,N,0.038156
2aqx_chainB,235,E,N,0.045163,N,0.033052
2aqx_chainB,236,Q,N,0.032991,N,0.029904
2aqx_chainB,237,A,N,0.012898,N,0.016287
2aqx_chainB,238,K,N,0.033334,N,0.023911
2aqx_chainB,239,V,N,0.041177,N,0.032844
2aqx_chainB,240,W,N,0.053937,N,0.039933
2aqx_chainB,241,M,N,0.073084,N,0.043425
2aqx_chainB,242,I,B,0.81937,B,0.916418
2aqx_chainB,243,D,B,0.832267,B,0.91604
2aqx_chainB,244,F,N,0.198817,N,0.191859
2aqx_chainB,245,G,B,0.569615,B,0.802502
2aqx_chainB,246,K,N,0.213297,N,0.229942
2aqx_chainB,247,T,N,0.043997,N,0.043679
2aqx_chainB,248,T,N,0.032338,N,0.035364
2aqx_chainB,249,P,N,0.021426,N,0.029793
2aqx_chainB,250,L,N,0.040026,N,0.046269
2aqx_chainB,251,P,N,0.021512,N,0.0184
2aqx_chainB,252,E,N,0.085922,N,0.076075
2aqx_chainB,253,G,N,0.034134,N,0.035938
2aqx_chainB,254,Q,N,0.050816,N,0.042762
2aqx_chainB,255,T,N,0.042066,N,0.025186
2aqx_chainB,256,L,N,0.040247,N,0.030286
2aqx_chainB,257,Q,N,0.04293,N,0.023371
2aqx_chainB,258,H,N,0.07809,N,0.055938
2aqx_chainB,259,D,N,0.057095,N,0.037206
2aqx_chainB,260,V,N,0.025332,N,0.015954
2aqx_chainB,261,P,N,0.027917,N,0.026487
2aqx_chainB,262,W,N,0.024696,N,0.020507
2aqx_chainB,263,Q,N,0.025739,N,0.02669
2aqx_chainB,264,E,N,0.023936,N,0.020427
2aqx_chainB,265,G,N,0.0262,N,0.024946
2aqx_chainB,266,N,N,0.022429,N,0.020927
2aqx_chainB,267,R,N,0.050233,N,0.040235
2aqx_chainB,268,E,N,0.04919,N,0.035514
2aqx_chainB,269,D,N,0.031856,N,0.031859
2aqx_chainB,270,G,N,0.031607,N,0.028048
2aqx_chainB,271,Y,N,0.048892,N,0.039674
2aqx_chainB,272,L,N,0.033582,N,0.021081
2aqx_chainB,273,S,N,0.041643,N,0.032095
2aqx_chainB,274,G,N,0.042507,N,0.022526
2aqx_chainB,275,L,N,0.020323,N,0.013646
2aqx_chainB,276,D,N,0.025286,N,0.018798
2aqx_chainB,277,N,N,0.022563,N,0.012636
2aqx_chainB,278,L,N,0.028491,N,0.020874
2aqx_chainB,279,I,N,0.033067,N,0.018315
2aqx_chainB,280,D,N,0.01194,N,0.010817
2aqx_chainB,281,I,N,0.010287,N,0.01052
2aqx_chainB,282,L,N,0.013691,N,0.01408
2aqx_chainB,283,T,N,0.007986,N,0.008255
2aqx_chainB,284,E,N,0.01512,N,0.013069
2aqx_chainB,285,M,N,0.0151,N,0.01206
2aqx_chainB,286,S,N,0.014596,N,0.013927
2aqx_chainB,287,Q,N,0.012343,N,0.00966
