Prot.ID,NO,Residue,ATPseq Binding Sites,ATPseq Probability,ATPbind Binding Sites,ATPbind Probability
2xan_chainA,1,M,N,0.024817,N,0.036066
2xan_chainA,2,I,N,0.027209,N,0.030552
2xan_chainA,3,L,N,0.066318,N,0.080498
2xan_chainA,4,E,N,0.05816,N,0.070106
2xan_chainA,5,E,N,0.084764,N,0.080181
2xan_chainA,6,K,N,0.065843,N,0.058356
2xan_chainA,7,D,N,0.106785,N,0.061299
2xan_chainA,8,A,N,0.071618,N,0.050898
2xan_chainA,9,S,N,0.050179,N,0.043922
2xan_chainA,10,D,N,0.050114,N,0.05332
2xan_chainA,11,W,N,0.07813,N,0.064584
2xan_chainA,12,I,N,0.100352,N,0.099228
2xan_chainA,13,Y,N,0.114938,N,0.137785
2xan_chainA,14,R,N,0.188291,B,0.583671
2xan_chainA,15,G,N,0.023166,N,0.30894
2xan_chainA,16,E,N,0.040727,N,0.359794
2xan_chainA,17,G,N,0.037794,B,0.718029
2xan_chainA,18,G,N,0.052941,B,0.691129
2xan_chainA,19,A,N,0.028443,B,0.541794
2xan_chainA,20,N,N,0.065889,B,0.840083
2xan_chainA,21,L,N,0.034735,N,0.099292
2xan_chainA,22,V,N,0.057489,B,0.738115
2xan_chainA,23,L,N,0.05653,N,0.046401
2xan_chainA,24,A,N,0.045395,N,0.049238
2xan_chainA,25,Y,N,0.062373,N,0.02953
2xan_chainA,26,A,N,0.091194,N,0.033344
2xan_chainA,27,G,N,0.101246,N,0.052733
2xan_chainA,28,S,N,0.062026,N,0.03316
2xan_chainA,29,S,N,0.084481,N,0.031699
2xan_chainA,30,P,N,0.043331,N,0.032168
2xan_chainA,31,L,N,0.04594,N,0.045445
2xan_chainA,32,F,N,0.047695,N,0.038549
2xan_chainA,33,V,N,0.035881,N,0.027372
2xan_chainA,34,G,N,0.021596,N,0.030711
2xan_chainA,35,K,N,0.034712,N,0.046835
2xan_chainA,36,V,N,0.022484,B,0.559813
2xan_chainA,37,I,N,0.034745,N,0.057845
2xan_chainA,38,R,N,0.113623,B,0.862867
2xan_chainA,39,I,N,0.046822,N,0.062396
2xan_chainA,40,Q,N,0.080301,N,0.17921
2xan_chainA,41,K,N,0.039185,N,0.055367
2xan_chainA,42,A,N,0.030568,N,0.02353
2xan_chainA,43,R,N,0.024193,N,0.031843
2xan_chainA,44,S,N,0.028723,N,0.023919
2xan_chainA,45,V,N,0.035008,N,0.029127
2xan_chainA,46,L,N,0.04934,N,0.03861
2xan_chainA,47,T,N,0.033797,N,0.029058
2xan_chainA,48,S,N,0.022042,N,0.014153
2xan_chainA,49,D,N,0.018593,N,0.015527
2xan_chainA,50,E,N,0.018476,N,0.013296
2xan_chainA,51,Q,N,0.037552,N,0.027789
2xan_chainA,52,H,N,0.027584,N,0.01469
2xan_chainA,53,L,N,0.031204,N,0.019544
2xan_chainA,54,W,N,0.04615,N,0.039513
2xan_chainA,55,R,N,0.028539,N,0.021519
2xan_chainA,56,E,N,0.023376,N,0.014153
2xan_chainA,57,N,N,0.022192,N,0.016473
2xan_chainA,58,N,N,0.028908,N,0.018739
2xan_chainA,59,E,N,0.022907,N,0.016411
2xan_chainA,60,L,N,0.026309,N,0.028853
2xan_chainA,61,I,N,0.050338,N,0.037257
2xan_chainA,62,S,N,0.027674,N,0.024777
2xan_chainA,63,S,N,0.025126,N,0.023718
2xan_chainA,64,P,N,0.018953,N,0.018687
2xan_chainA,65,N,N,0.030757,N,0.026829
2xan_chainA,66,K,N,0.026014,N,0.019406
2xan_chainA,67,E,N,0.020881,N,0.015633
2xan_chainA,68,V,N,0.013096,N,0.010373
2xan_chainA,69,L,N,0.016252,N,0.01115
2xan_chainA,70,E,N,0.021757,N,0.035659
2xan_chainA,71,Q,N,0.035404,N,0.029722
2xan_chainA,72,R,N,0.024905,N,0.02168
2xan_chainA,73,Y,N,0.020508,N,0.0183
2xan_chainA,74,V,N,0.011946,N,0.010854
2xan_chainA,75,Q,N,0.038018,N,0.031536
2xan_chainA,76,N,N,0.036366,N,0.026055
2xan_chainA,77,V,N,0.050407,N,0.037431
2xan_chainA,78,I,N,0.023873,N,0.018405
2xan_chainA,79,I,N,0.022129,N,0.01632
2xan_chainA,80,P,N,0.057113,N,0.028085
2xan_chainA,81,L,N,0.015534,N,0.010248
2xan_chainA,82,L,N,0.058092,N,0.042894
2xan_chainA,83,G,N,0.043444,N,0.027935
2xan_chainA,84,P,N,0.061634,N,0.06162
2xan_chainA,85,K,N,0.065727,N,0.056924
2xan_chainA,86,H,N,0.043754,N,0.032793
2xan_chainA,87,V,N,0.063751,N,0.030531
2xan_chainA,88,D,N,0.050383,N,0.074341
2xan_chainA,89,A,N,0.029579,N,0.019557
2xan_chainA,90,G,N,0.019847,N,0.021022
2xan_chainA,91,V,N,0.011083,N,0.01542
2xan_chainA,92,R,N,0.025669,N,0.023977
2xan_chainA,93,V,N,0.026962,N,0.022198
2xan_chainA,94,S,N,0.069455,N,0.058026
2xan_chainA,95,V,N,0.049542,N,0.041678
2xan_chainA,96,S,N,0.068969,N,0.049962
2xan_chainA,97,K,N,0.061892,N,0.065989
2xan_chainA,98,E,N,0.067134,N,0.04479
2xan_chainA,99,F,N,0.105271,N,0.057898
2xan_chainA,100,L,N,0.046962,N,0.033052
2xan_chainA,101,E,N,0.036719,N,0.036466
2xan_chainA,102,C,N,0.058381,N,0.040698
2xan_chainA,103,V,N,0.031309,N,0.024626
2xan_chainA,104,D,N,0.019142,N,0.016577
2xan_chainA,105,K,N,0.010835,N,0.008353
2xan_chainA,106,K,N,0.033815,N,0.02884
2xan_chainA,107,V,N,0.034729,N,0.024635
2xan_chainA,108,T,N,0.03085,N,0.029694
2xan_chainA,109,K,N,0.022164,N,0.016134
2xan_chainA,110,Q,N,0.034323,N,0.028086
2xan_chainA,111,R,N,0.091716,N,0.089015
2xan_chainA,112,P,N,0.021911,N,0.026322
2xan_chainA,113,L,N,0.021075,N,0.019539
2xan_chainA,114,W,N,0.052217,N,0.044889
2xan_chainA,115,R,N,0.079353,N,0.059419
2xan_chainA,116,V,N,0.052526,N,0.041774
2xan_chainA,117,N,N,0.037289,N,0.034737
2xan_chainA,118,A,N,0.038809,N,0.037594
2xan_chainA,119,A,N,0.049441,N,0.030013
2xan_chainA,120,N,N,0.039979,N,0.021815
2xan_chainA,121,V,N,0.022404,N,0.017311
2xan_chainA,122,D,N,0.06574,N,0.064868
2xan_chainA,123,T,N,0.053144,N,0.029188
2xan_chainA,124,S,N,0.060301,N,0.042186
2xan_chainA,125,H,N,0.063275,N,0.023429
2xan_chainA,126,D,N,0.016069,N,0.011391
2xan_chainA,127,S,N,0.027899,N,0.01485
2xan_chainA,128,A,N,0.035821,N,0.020392
2xan_chainA,129,L,N,0.038634,N,0.026927
2xan_chainA,130,I,N,0.164738,N,0.059528
2xan_chainA,131,L,N,0.192114,B,0.560299
2xan_chainA,132,N,N,0.168487,B,0.894351
2xan_chainA,133,D,N,0.220499,B,0.76366
2xan_chainA,134,H,N,0.133956,B,0.830699
2xan_chainA,135,S,N,0.134416,N,0.1408
2xan_chainA,136,L,N,0.079022,N,0.059155
2xan_chainA,137,F,N,0.100434,N,0.065539
2xan_chainA,138,S,N,0.038906,N,0.035298
2xan_chainA,139,Q,N,0.050289,N,0.057395
2xan_chainA,140,G,N,0.017423,N,0.018696
2xan_chainA,141,S,N,0.021399,N,0.020356
2xan_chainA,142,G,N,0.032056,N,0.025771
2xan_chainA,143,G,N,0.04324,N,0.031758
2xan_chainA,144,D,N,0.043492,N,0.027167
2xan_chainA,145,C,N,0.028996,N,0.022686
2xan_chainA,146,I,N,0.061066,N,0.041001
2xan_chainA,147,S,N,0.025672,N,0.02161
2xan_chainA,148,V,N,0.092033,N,0.060053
2xan_chainA,149,E,N,0.081842,N,0.264814
2xan_chainA,150,I,N,0.063298,N,0.050995
2xan_chainA,151,K,N,0.338559,N,0.237543
2xan_chainA,152,P,N,0.046706,N,0.037424
2xan_chainA,153,K,N,0.102994,N,0.089172
2xan_chainA,154,C,N,0.059576,N,0.058375
2xan_chainA,155,G,N,0.048051,N,0.033376
2xan_chainA,156,F,N,0.057514,N,0.04686
2xan_chainA,157,L,N,0.046198,N,0.034217
2xan_chainA,158,P,N,0.075824,N,0.034287
2xan_chainA,159,T,N,0.028519,N,0.026373
2xan_chainA,160,S,N,0.032055,N,0.028001
2xan_chainA,161,R,N,0.027731,N,0.025304
2xan_chainA,162,F,N,0.036905,N,0.039589
2xan_chainA,163,I,N,0.067408,N,0.044224
2xan_chainA,164,G,N,0.040369,N,0.034503
2xan_chainA,165,K,N,0.07612,N,0.066986
2xan_chainA,166,E,N,0.028548,N,0.024555
2xan_chainA,167,N,N,0.039679,N,0.031177
2xan_chainA,168,M,N,0.064725,N,0.036297
2xan_chainA,169,L,N,0.114769,N,0.044984
2xan_chainA,170,K,N,0.129542,N,0.053655
2xan_chainA,171,T,N,0.078308,N,0.048361
2xan_chainA,172,S,N,0.217144,N,0.109021
2xan_chainA,173,V,N,0.027413,N,0.022973
2xan_chainA,174,S,N,0.035997,N,0.023966
2xan_chainA,175,R,N,0.136421,N,0.109888
2xan_chainA,176,F,N,0.034742,N,0.027073
2xan_chainA,177,K,N,0.038471,N,0.045343
2xan_chainA,178,M,N,0.020169,N,0.014721
2xan_chainA,179,H,N,0.063142,N,0.063452
2xan_chainA,180,Q,N,0.078595,N,0.075688
2xan_chainA,181,L,N,0.038519,N,0.025267
2xan_chainA,182,L,N,0.067202,N,0.038992
2xan_chainA,183,K,N,0.121252,N,0.087221
2xan_chainA,184,L,N,0.0398,N,0.027358
2xan_chainA,185,E,N,0.05079,N,0.04488
2xan_chainA,186,Y,N,0.050212,N,0.040358
2xan_chainA,187,I,N,0.022496,N,0.019946
2xan_chainA,188,E,N,0.089124,N,0.044251
2xan_chainA,189,I,N,0.040057,N,0.027163
2xan_chainA,190,S,N,0.03245,N,0.027884
2xan_chainA,191,E,N,0.051628,N,0.052816
2xan_chainA,192,E,N,0.019457,N,0.015385
2xan_chainA,193,S,N,0.028287,N,0.024744
2xan_chainA,194,E,N,0.042194,N,0.036934
2xan_chainA,195,Y,N,0.06641,N,0.045039
2xan_chainA,196,D,N,0.070321,N,0.035632
2xan_chainA,197,P,N,0.219149,N,0.103867
2xan_chainA,198,L,N,0.097782,N,0.048842
2xan_chainA,199,D,N,0.140679,N,0.064055
2xan_chainA,200,L,N,0.143178,N,0.060291
2xan_chainA,201,F,N,0.297234,N,0.097636
2xan_chainA,202,S,N,0.249891,N,0.081462
2xan_chainA,203,G,N,0.145533,N,0.044877
2xan_chainA,204,S,N,0.3355,N,0.089521
2xan_chainA,205,K,N,0.131872,N,0.046852
2xan_chainA,206,E,N,0.069205,N,0.030033
2xan_chainA,207,R,N,0.181981,N,0.10635
2xan_chainA,208,V,N,0.048315,N,0.036404
2xan_chainA,209,L,N,0.051018,N,0.040559
2xan_chainA,210,E,N,0.078553,N,0.048295
2xan_chainA,211,A,N,0.061109,N,0.036267
2xan_chainA,212,I,N,0.097858,N,0.043557
2xan_chainA,213,K,N,0.139456,N,0.067563
2xan_chainA,214,A,N,0.063093,N,0.021983
2xan_chainA,215,L,N,0.147301,N,0.0602
2xan_chainA,216,Y,N,0.042392,N,0.027429
2xan_chainA,217,S,N,0.023954,N,0.017541
2xan_chainA,218,T,N,0.016978,N,0.014218
2xan_chainA,219,P,N,0.025327,N,0.018432
2xan_chainA,220,Q,N,0.06968,N,0.034954
2xan_chainA,221,N,N,0.067813,N,0.038711
2xan_chainA,222,N,N,0.126007,N,0.055739
2xan_chainA,223,F,N,0.032847,N,0.029576
2xan_chainA,224,R,N,0.088418,N,0.091112
2xan_chainA,225,V,N,0.055157,N,0.031523
2xan_chainA,226,F,N,0.033956,N,0.039263
2xan_chainA,227,L,N,0.03007,N,0.033881
2xan_chainA,228,N,N,0.040243,N,0.039295
2xan_chainA,229,G,N,0.059343,N,0.046025
2xan_chainA,230,S,N,0.049435,N,0.026239
2xan_chainA,231,L,N,0.09227,N,0.048229
2xan_chainA,232,I,N,0.0386,N,0.024633
2xan_chainA,233,L,N,0.06939,N,0.037839
2xan_chainA,234,G,N,0.058417,N,0.036195
2xan_chainA,235,G,N,0.122895,N,0.049746
2xan_chainA,236,S,N,0.069212,N,0.033295
2xan_chainA,237,G,N,0.061189,N,0.030222
2xan_chainA,238,E,N,0.120417,N,0.067527
2xan_chainA,239,S,N,0.103235,N,0.037568
2xan_chainA,240,T,N,0.092987,N,0.039139
2xan_chainA,241,G,N,0.037253,N,0.027374
2xan_chainA,242,R,N,0.047713,N,0.033566
2xan_chainA,243,T,N,0.03737,N,0.026529
2xan_chainA,244,S,N,0.056988,N,0.042955
2xan_chainA,245,P,N,0.047452,N,0.034604
2xan_chainA,246,E,N,0.059459,N,0.060194
2xan_chainA,247,I,N,0.035819,N,0.028231
2xan_chainA,248,G,N,0.059409,N,0.049552
2xan_chainA,249,Y,N,0.060902,N,0.046519
2xan_chainA,250,A,N,0.020792,N,0.013324
2xan_chainA,251,F,N,0.020121,N,0.013859
2xan_chainA,252,E,N,0.102455,N,0.05995
2xan_chainA,253,D,N,0.033484,N,0.025938
2xan_chainA,254,A,N,0.02728,N,0.012766
2xan_chainA,255,L,N,0.050722,N,0.031671
2xan_chainA,256,K,N,0.039131,N,0.026187
2xan_chainA,257,G,N,0.022977,N,0.017709
2xan_chainA,258,F,N,0.041841,N,0.032873
2xan_chainA,259,I,N,0.041476,N,0.026707
2xan_chainA,260,Q,N,0.093647,N,0.056797
2xan_chainA,261,S,N,0.088623,N,0.050253
2xan_chainA,262,E,N,0.023204,N,0.023949
2xan_chainA,263,D,N,0.043774,N,0.035875
2xan_chainA,264,G,N,0.041201,N,0.026646
2xan_chainA,265,H,N,0.065105,N,0.054421
2xan_chainA,266,R,N,0.021483,N,0.018981
2xan_chainA,267,T,N,0.029697,N,0.019435
2xan_chainA,268,E,N,0.057116,N,0.044816
2xan_chainA,269,C,N,0.01795,N,0.016339
2xan_chainA,270,F,N,0.014707,N,0.011846
2xan_chainA,271,L,N,0.049405,N,0.03724
2xan_chainA,272,Q,N,0.015701,N,0.012958
2xan_chainA,273,L,N,0.01951,N,0.016671
2xan_chainA,274,V,N,0.029869,N,0.028073
2xan_chainA,275,S,N,0.027779,N,0.019035
2xan_chainA,276,D,N,0.016564,N,0.012438
2xan_chainA,277,A,N,0.023875,N,0.01896
2xan_chainA,278,V,N,0.027396,N,0.020749
2xan_chainA,279,Y,N,0.02788,N,0.020229
2xan_chainA,280,G,N,0.027609,N,0.023994
2xan_chainA,281,S,N,0.061072,N,0.049204
2xan_chainA,282,G,N,0.014133,N,0.014873
2xan_chainA,283,V,N,0.030623,N,0.021629
2xan_chainA,284,L,N,0.030179,N,0.018216
2xan_chainA,285,D,N,0.02126,N,0.015204
2xan_chainA,286,R,N,0.038233,N,0.034662
2xan_chainA,287,L,N,0.03805,N,0.02899
2xan_chainA,288,L,N,0.057828,N,0.0339
2xan_chainA,289,E,N,0.017196,N,0.013257
2xan_chainA,290,I,N,0.053915,N,0.025043
2xan_chainA,291,Q,N,0.097504,N,0.032123
2xan_chainA,292,K,N,0.091319,N,0.034604
2xan_chainA,293,L,N,0.087324,N,0.036126
2xan_chainA,294,D,N,0.115149,N,0.047395
2xan_chainA,295,K,N,0.040957,N,0.032653
2xan_chainA,296,L,N,0.047651,N,0.039621
2xan_chainA,297,D,N,0.164825,N,0.07131
2xan_chainA,298,I,N,0.032543,N,0.022951
2xan_chainA,299,E,N,0.068308,N,0.050164
2xan_chainA,300,G,N,0.028582,N,0.019756
2xan_chainA,301,A,N,0.028494,N,0.026011
2xan_chainA,302,I,N,0.032585,N,0.019749
2xan_chainA,303,H,N,0.033512,N,0.022923
2xan_chainA,304,C,N,0.025167,N,0.014344
2xan_chainA,305,Y,N,0.053334,N,0.036812
2xan_chainA,306,Y,N,0.033513,N,0.027928
2xan_chainA,307,D,N,0.042686,N,0.027985
2xan_chainA,308,I,N,0.029996,N,0.019323
2xan_chainA,309,I,N,0.04058,N,0.025284
2xan_chainA,310,N,N,0.024597,N,0.016754
2xan_chainA,311,Q,N,0.046999,N,0.038178
2xan_chainA,312,P,N,0.029043,N,0.028828
2xan_chainA,313,C,N,0.036202,N,0.033909
2xan_chainA,314,P,N,0.01124,N,0.009918
2xan_chainA,315,I,N,0.024783,N,0.019102
2xan_chainA,316,C,N,0.033433,N,0.018003
2xan_chainA,317,K,N,0.049417,N,0.044382
2xan_chainA,318,E,N,0.02886,N,0.019375
2xan_chainA,319,E,N,0.020228,N,0.018685
2xan_chainA,320,L,N,0.028524,N,0.018403
2xan_chainA,321,S,N,0.043012,N,0.028951
2xan_chainA,322,L,N,0.042123,N,0.033095
2xan_chainA,323,H,N,0.047224,N,0.040418
2xan_chainA,324,A,N,0.047076,N,0.033879
2xan_chainA,325,L,N,0.026876,N,0.022506
2xan_chainA,326,P,N,0.038703,N,0.030661
2xan_chainA,327,L,N,0.063518,N,0.037678
2xan_chainA,328,D,N,0.034832,N,0.021994
2xan_chainA,329,E,N,0.010476,N,0.008599
2xan_chainA,330,S,N,0.030068,N,0.027781
2xan_chainA,331,L,N,0.025022,N,0.016001
2xan_chainA,332,K,N,0.02779,N,0.016725
2xan_chainA,333,I,N,0.021585,N,0.015499
2xan_chainA,334,V,N,0.016963,N,0.008799
2xan_chainA,335,K,N,0.041185,N,0.026659
2xan_chainA,336,E,N,0.021965,N,0.016938
2xan_chainA,337,Y,N,0.040484,N,0.024002
2xan_chainA,338,L,N,0.035192,N,0.038181
2xan_chainA,339,I,N,0.036315,N,0.021689
2xan_chainA,340,A,N,0.060775,N,0.037
2xan_chainA,341,A,N,0.028994,N,0.018069
2xan_chainA,342,T,N,0.03995,N,0.024289
2xan_chainA,343,A,N,0.102375,N,0.045181
2xan_chainA,344,K,N,0.16781,N,0.061564
2xan_chainA,345,D,N,0.143387,N,0.076959
2xan_chainA,346,C,N,0.0425,N,0.025307
2xan_chainA,347,S,N,0.090506,B,0.399659
2xan_chainA,348,I,N,0.039884,N,0.032435
2xan_chainA,349,M,N,0.08247,B,0.516941
2xan_chainA,350,I,N,0.043795,N,0.028404
2xan_chainA,351,S,N,0.054522,N,0.069476
2xan_chainA,352,F,N,0.023458,N,0.019856
2xan_chainA,353,Q,N,0.033761,N,0.032582
2xan_chainA,354,S,N,0.033581,N,0.030895
2xan_chainA,355,R,N,0.095825,N,0.042101
2xan_chainA,356,N,N,0.081804,N,0.055277
2xan_chainA,357,A,N,0.048267,N,0.028825
2xan_chainA,358,W,N,0.05307,N,0.046059
2xan_chainA,359,D,N,0.038286,N,0.029792
2xan_chainA,360,S,N,0.039956,N,0.031322
2xan_chainA,361,E,N,0.031287,N,0.027325
2xan_chainA,362,P,N,0.020578,N,0.018477
2xan_chainA,363,S,N,0.036343,N,0.033853
2xan_chainA,364,G,N,0.057575,N,0.038397
2xan_chainA,365,D,N,0.027443,N,0.014695
2xan_chainA,366,Y,N,0.032293,N,0.023009
2xan_chainA,367,V,N,0.040258,N,0.029252
2xan_chainA,368,S,N,0.035348,N,0.025037
2xan_chainA,369,L,N,0.03673,N,0.027066
2xan_chainA,370,K,N,0.040135,N,0.047588
2xan_chainA,371,P,N,0.028074,N,0.027432
2xan_chainA,372,T,N,0.05836,N,0.058601
2xan_chainA,373,N,N,0.054652,N,0.052022
2xan_chainA,374,Q,N,0.031871,N,0.020173
2xan_chainA,375,T,N,0.04382,N,0.031158
2xan_chainA,376,F,N,0.045874,N,0.023431
2xan_chainA,377,D,N,0.028307,N,0.018572
2xan_chainA,378,Y,N,0.02105,N,0.019627
2xan_chainA,379,K,N,0.017659,N,0.0147
2xan_chainA,380,V,N,0.022496,N,0.014055
2xan_chainA,381,H,N,0.022248,N,0.018522
2xan_chainA,382,F,N,0.021193,N,0.020447
2xan_chainA,383,I,N,0.236986,B,0.388454
2xan_chainA,384,D,N,0.311249,B,0.846055
2xan_chainA,385,L,N,0.18054,N,0.137718
2xan_chainA,386,S,B,0.430341,B,0.504303
2xan_chainA,387,L,N,0.037671,N,0.044721
2xan_chainA,388,K,N,0.059553,N,0.081607
2xan_chainA,389,P,N,0.054788,N,0.056877
2xan_chainA,390,L,N,0.046692,N,0.040448
2xan_chainA,391,K,N,0.025351,N,0.026441
2xan_chainA,392,R,N,0.020488,N,0.020596
2xan_chainA,393,M,N,0.014964,N,0.014363
2xan_chainA,394,E,N,0.018965,N,0.013958
2xan_chainA,395,S,N,0.014007,N,0.011159
2xan_chainA,396,Y,N,0.032296,N,0.029007
2xan_chainA,397,Y,N,0.025885,N,0.023072
2xan_chainA,398,K,N,0.017849,N,0.015435
2xan_chainA,399,L,N,0.01448,N,0.014533
2xan_chainA,400,D,N,0.020916,N,0.01733
2xan_chainA,401,K,N,0.032124,N,0.021837
2xan_chainA,402,K,N,0.039789,N,0.031176
2xan_chainA,403,I,N,0.018213,N,0.01392
2xan_chainA,404,I,N,0.029169,N,0.019002
2xan_chainA,405,S,N,0.03628,N,0.023839
2xan_chainA,406,F,N,0.031503,N,0.028115
2xan_chainA,407,Y,N,0.028368,N,0.033171
2xan_chainA,408,N,N,0.020581,N,0.016002
2xan_chainA,409,R,N,0.020935,N,0.015896
2xan_chainA,410,K,N,0.017535,N,0.015517
2xan_chainA,411,Q,N,0.020639,N,0.014735
2xan_chainA,412,K,N,0.013121,N,0.011106
2xan_chainA,413,A,N,0.025497,N,0.020664
2xan_chainA,414,E,N,0.039202,N,0.035446
