Prot.ID,NO,Residue,ATPseq Binding Sites,ATPseq Probability,ATPbind Binding Sites,ATPbind Probability
3amt_chainA,1,H,N,0.017761,N,0.018036
3amt_chainA,2,R,N,0.016449,N,0.019087
3amt_chainA,3,V,N,0.049014,N,0.04036
3amt_chainA,4,W,N,0.107689,N,0.088656
3amt_chainA,5,V,N,0.134878,N,0.139049
3amt_chainA,6,G,N,0.200873,N,0.373021
3amt_chainA,7,I,N,0.335918,B,0.487959
3amt_chainA,8,D,B,0.865297,B,0.912083
3amt_chainA,9,D,B,0.674865,B,0.876757
3amt_chainA,10,T,N,0.18675,N,0.218742
3amt_chainA,11,D,B,0.857574,B,0.786116
3amt_chainA,12,S,N,0.299928,N,0.124839
3amt_chainA,13,S,N,0.09962,N,0.087158
3amt_chainA,14,R,N,0.11792,N,0.079316
3amt_chainA,15,G,N,0.236775,N,0.244836
3amt_chainA,16,C,B,0.864514,B,0.752175
3amt_chainA,17,T,N,0.106078,N,0.059542
3amt_chainA,18,Y,N,0.098055,N,0.060494
3amt_chainA,19,L,N,0.06805,N,0.045302
3amt_chainA,20,A,N,0.030323,N,0.031867
3amt_chainA,21,V,N,0.057318,N,0.049054
3amt_chainA,22,L,N,0.027664,N,0.025265
3amt_chainA,23,A,N,0.019561,N,0.020478
3amt_chainA,24,E,N,0.026189,N,0.028323
3amt_chainA,25,R,N,0.048578,N,0.039698
3amt_chainA,26,V,N,0.050327,N,0.040707
3amt_chainA,27,E,N,0.022319,N,0.017924
3amt_chainA,28,R,N,0.043319,N,0.028906
3amt_chainA,29,E,N,0.064114,N,0.043181
3amt_chainA,30,L,N,0.033408,N,0.025571
3amt_chainA,31,G,N,0.014606,N,0.01172
3amt_chainA,32,K,N,0.037466,N,0.034628
3amt_chainA,33,V,N,0.017248,N,0.015276
3amt_chainA,34,I,N,0.019839,N,0.021624
3amt_chainA,35,G,N,0.031837,N,0.031247
3amt_chainA,36,F,N,0.011467,N,0.014315
3amt_chainA,37,P,N,0.026167,N,0.025376
3amt_chainA,38,R,N,0.021598,N,0.059767
3amt_chainA,39,L,N,0.059761,N,0.044462
3amt_chainA,40,I,N,0.08809,N,0.15076
3amt_chainA,41,R,N,0.150086,N,0.098165
3amt_chainA,42,L,B,0.569334,B,0.930277
3amt_chainA,43,N,N,0.069578,N,0.084149
3amt_chainA,44,P,N,0.041514,N,0.092721
3amt_chainA,45,T,N,0.037864,N,0.073809
3amt_chainA,46,I,B,0.446243,B,0.861686
3amt_chainA,47,P,N,0.081763,N,0.154722
3amt_chainA,48,Y,B,0.644402,B,0.864712
3amt_chainA,49,K,B,0.70715,B,0.822811
3amt_chainA,50,T,B,0.42081,B,0.791924
3amt_chainA,51,R,B,0.754814,B,0.807299
3amt_chainA,52,G,N,0.35339,B,0.758084
3amt_chainA,53,N,B,0.681818,B,0.92739
3amt_chainA,54,G,N,0.141567,B,0.72064
3amt_chainA,55,A,N,0.13934,B,0.384512
3amt_chainA,56,V,N,0.037674,N,0.044222
3amt_chainA,57,S,N,0.03373,N,0.122868
3amt_chainA,58,F,N,0.031924,N,0.034565
3amt_chainA,59,L,N,0.034565,N,0.036894
3amt_chainA,60,V,N,0.030452,N,0.025743
3amt_chainA,61,E,N,0.035675,N,0.025353
3amt_chainA,62,V,N,0.027958,N,0.026846
3amt_chainA,63,D,N,0.034966,N,0.038913
3amt_chainA,64,D,N,0.038071,N,0.077076
3amt_chainA,65,V,N,0.040579,N,0.033195
3amt_chainA,66,G,N,0.021275,N,0.021243
3amt_chainA,67,E,N,0.025124,N,0.022242
3amt_chainA,68,L,N,0.019332,N,0.033629
3amt_chainA,69,V,N,0.028045,N,0.01712
3amt_chainA,70,D,N,0.023661,N,0.021242
3amt_chainA,71,V,N,0.02382,N,0.021054
3amt_chainA,72,V,N,0.015684,N,0.014467
3amt_chainA,73,N,N,0.011802,N,0.008776
3amt_chainA,74,E,N,0.02783,N,0.026668
3amt_chainA,75,V,N,0.038866,N,0.066274
3amt_chainA,76,I,N,0.034782,N,0.027131
3amt_chainA,77,I,N,0.040495,N,0.02833
3amt_chainA,78,E,N,0.041619,N,0.048798
3amt_chainA,79,H,N,0.026889,N,0.025526
3amt_chainA,80,A,N,0.024422,N,0.023818
3amt_chainA,81,L,N,0.03869,N,0.031187
3amt_chainA,82,D,N,0.036789,N,0.032851
3amt_chainA,83,D,N,0.054091,N,0.046593
3amt_chainA,84,E,N,0.019759,N,0.025739
3amt_chainA,85,K,N,0.025227,N,0.048162
3amt_chainA,86,T,N,0.066717,N,0.296977
3amt_chainA,87,N,N,0.067713,N,0.272328
3amt_chainA,88,P,N,0.085212,N,0.33951
3amt_chainA,89,G,N,0.027941,N,0.303371
3amt_chainA,90,A,N,0.063297,N,0.32572
3amt_chainA,91,V,N,0.038358,N,0.190274
3amt_chainA,92,F,N,0.024731,N,0.251449
3amt_chainA,93,V,N,0.027778,N,0.121689
3amt_chainA,94,D,N,0.030997,N,0.114686
3amt_chainA,95,E,N,0.031907,N,0.071541
3amt_chainA,96,E,N,0.019232,N,0.033686
3amt_chainA,97,L,N,0.033656,N,0.088352
3amt_chainA,98,A,N,0.048432,N,0.110129
3amt_chainA,99,V,N,0.028861,N,0.042655
3amt_chainA,100,K,N,0.0289,N,0.080952
3amt_chainA,101,L,N,0.05031,N,0.129559
3amt_chainA,102,K,N,0.032727,N,0.031348
3amt_chainA,103,P,N,0.026241,N,0.065258
3amt_chainA,104,F,N,0.026423,N,0.025583
3amt_chainA,105,A,N,0.037143,N,0.07758
3amt_chainA,106,D,N,0.029452,N,0.029215
3amt_chainA,107,K,N,0.075843,N,0.127481
3amt_chainA,108,A,N,0.158875,N,0.343915
3amt_chainA,109,I,N,0.035737,N,0.024607
3amt_chainA,110,K,N,0.020337,N,0.023975
3amt_chainA,111,D,N,0.392269,B,0.690077
3amt_chainA,112,V,N,0.043053,N,0.039313
3amt_chainA,113,L,N,0.177704,N,0.355568
3amt_chainA,114,Q,N,0.018401,N,0.014431
3amt_chainA,115,I,N,0.117689,N,0.049631
3amt_chainA,116,D,N,0.081253,N,0.046238
3amt_chainA,117,E,N,0.021768,N,0.020874
3amt_chainA,118,A,N,0.028511,N,0.023949
3amt_chainA,119,L,N,0.055227,N,0.027784
3amt_chainA,120,F,N,0.014726,N,0.013426
3amt_chainA,121,V,N,0.017502,N,0.014096
3amt_chainA,122,I,N,0.026775,N,0.014363
3amt_chainA,123,G,N,0.027647,N,0.017315
3amt_chainA,124,K,N,0.051545,N,0.039849
3amt_chainA,125,Y,N,0.025979,N,0.020211
3amt_chainA,126,F,N,0.029684,N,0.022767
3amt_chainA,127,I,N,0.020067,N,0.017081
3amt_chainA,128,P,N,0.027971,N,0.027119
3amt_chainA,129,H,N,0.049046,N,0.096396
3amt_chainA,130,L,N,0.038542,N,0.040216
3amt_chainA,131,R,N,0.037017,N,0.036916
3amt_chainA,132,H,N,0.066466,N,0.049568
3amt_chainA,133,K,N,0.066772,N,0.053831
3amt_chainA,134,K,N,0.063161,N,0.051868
3amt_chainA,135,G,N,0.119428,N,0.076159
3amt_chainA,136,R,B,0.654714,B,0.74739
3amt_chainA,137,G,B,0.685837,B,0.778382
3amt_chainA,138,L,N,0.124515,N,0.099954
3amt_chainA,139,I,B,0.710521,B,0.792347
3amt_chainA,140,G,B,0.864846,B,0.840781
3amt_chainA,141,A,N,0.122527,N,0.158365
3amt_chainA,142,L,N,0.06538,N,0.031943
3amt_chainA,143,A,N,0.082745,N,0.058545
3amt_chainA,144,A,N,0.040716,N,0.041599
3amt_chainA,145,V,N,0.011116,N,0.032144
3amt_chainA,146,G,N,0.0145,N,0.016686
3amt_chainA,147,A,N,0.007571,N,0.009342
3amt_chainA,148,E,N,0.008545,N,0.012263
3amt_chainA,149,L,N,0.015656,N,0.018537
3amt_chainA,150,E,N,0.021882,N,0.01906
3amt_chainA,151,D,N,0.01642,N,0.015696
3amt_chainA,152,F,N,0.013836,N,0.012413
3amt_chainA,153,T,N,0.049943,N,0.03733
3amt_chainA,154,L,N,0.067278,N,0.045577
3amt_chainA,155,E,N,0.073358,N,0.052109
3amt_chainA,156,L,N,0.035925,N,0.019061
3amt_chainA,157,I,N,0.104471,N,0.054136
3amt_chainA,158,A,N,0.068714,N,0.041192
3amt_chainA,159,Y,N,0.175783,N,0.100326
3amt_chainA,160,R,N,0.131056,N,0.076624
3amt_chainA,161,Y,N,0.074173,N,0.046035
3amt_chainA,162,P,N,0.036841,N,0.04396
3amt_chainA,163,E,N,0.03585,N,0.038097
3amt_chainA,164,R,N,0.052313,N,0.049963
3amt_chainA,165,F,N,0.064562,N,0.054156
3amt_chainA,166,G,N,0.124848,N,0.067274
3amt_chainA,167,T,N,0.095215,N,0.060988
3amt_chainA,168,E,N,0.112189,N,0.072897
3amt_chainA,169,R,N,0.075097,N,0.050674
3amt_chainA,170,E,N,0.077941,N,0.041964
3amt_chainA,171,Y,N,0.056884,N,0.042866
3amt_chainA,172,D,N,0.061625,N,0.042486
3amt_chainA,173,E,N,0.019722,N,0.017053
3amt_chainA,174,E,N,0.02531,N,0.021395
3amt_chainA,175,S,N,0.059561,N,0.031872
3amt_chainA,176,F,N,0.050878,N,0.050003
3amt_chainA,177,F,N,0.038061,N,0.03048
3amt_chainA,178,D,N,0.013655,N,0.012711
3amt_chainA,179,D,N,0.021248,N,0.020791
3amt_chainA,180,Y,N,0.023575,N,0.020774
3amt_chainA,181,E,N,0.032674,N,0.019999
3amt_chainA,182,L,N,0.039027,N,0.022065
3amt_chainA,183,Y,N,0.031853,N,0.024702
3amt_chainA,184,P,N,0.033966,N,0.020137
3amt_chainA,185,Q,N,0.026486,N,0.018131
3amt_chainA,186,T,N,0.035714,N,0.019986
3amt_chainA,187,F,N,0.062535,N,0.035925
3amt_chainA,188,D,N,0.048162,N,0.037277
3amt_chainA,189,N,N,0.06428,N,0.038107
3amt_chainA,190,V,N,0.083278,N,0.057166
3amt_chainA,191,D,N,0.070977,N,0.041653
3amt_chainA,192,W,N,0.025686,N,0.016852
3amt_chainA,193,C,N,0.018761,N,0.014582
3amt_chainA,194,N,N,0.03,N,0.024284
3amt_chainA,195,D,N,0.048217,N,0.030691
3amt_chainA,196,V,N,0.026036,N,0.027383
3amt_chainA,197,V,N,0.031486,N,0.027352
3amt_chainA,198,V,N,0.034601,N,0.037973
3amt_chainA,199,C,N,0.05617,N,0.050292
3amt_chainA,200,I,N,0.033597,N,0.031349
3amt_chainA,201,P,N,0.027036,N,0.034108
3amt_chainA,202,N,N,0.059862,N,0.046929
3amt_chainA,203,T,N,0.017901,N,0.015045
3amt_chainA,204,P,N,0.028778,N,0.028992
3amt_chainA,205,C,N,0.028838,N,0.0272
3amt_chainA,206,P,N,0.041976,N,0.034085
3amt_chainA,207,V,N,0.032435,N,0.025188
3amt_chainA,208,L,N,0.073893,N,0.046537
3amt_chainA,209,Y,N,0.070801,N,0.039911
3amt_chainA,210,G,N,0.130533,N,0.078727
3amt_chainA,211,I,N,0.096993,N,0.040225
3amt_chainA,212,R,N,0.098013,N,0.07269
3amt_chainA,213,G,N,0.030045,N,0.025617
3amt_chainA,214,E,N,0.01868,N,0.018911
3amt_chainA,215,S,N,0.024006,N,0.01743
3amt_chainA,216,V,N,0.045205,N,0.026023
3amt_chainA,217,E,N,0.019886,N,0.024766
3amt_chainA,218,A,N,0.024239,N,0.019003
3amt_chainA,219,L,N,0.046577,N,0.024626
3amt_chainA,220,Y,N,0.038119,N,0.030232
3amt_chainA,221,K,N,0.015733,N,0.021276
3amt_chainA,222,A,N,0.018952,N,0.020013
3amt_chainA,223,E,N,0.028032,N,0.023912
3amt_chainA,224,S,N,0.023697,N,0.015541
3amt_chainA,225,V,N,0.01675,N,0.012497
3amt_chainA,226,K,N,0.019493,N,0.017365
3amt_chainA,227,T,N,0.022652,N,0.022506
3amt_chainA,228,E,N,0.034029,N,0.031626
3amt_chainA,229,P,N,0.026147,N,0.021034
3amt_chainA,230,V,N,0.024614,N,0.017066
3amt_chainA,231,D,N,0.018192,N,0.016116
3amt_chainA,232,R,N,0.022681,N,0.015916
3amt_chainA,233,R,N,0.0119,N,0.010487
3amt_chainA,234,I,N,0.031753,N,0.02205
3amt_chainA,235,F,N,0.047421,N,0.035627
3amt_chainA,236,V,N,0.059168,N,0.046066
3amt_chainA,237,T,N,0.102379,N,0.048472
3amt_chainA,238,N,N,0.160857,N,0.071673
3amt_chainA,239,H,N,0.066831,N,0.037289
3amt_chainA,240,A,N,0.048391,N,0.036048
3amt_chainA,241,T,N,0.103889,N,0.056302
3amt_chainA,242,D,N,0.067251,N,0.040639
3amt_chainA,243,H,N,0.024659,N,0.021332
3amt_chainA,244,L,N,0.045476,N,0.03785
3amt_chainA,245,I,N,0.034546,N,0.036792
3amt_chainA,246,G,N,0.020256,N,0.025383
3amt_chainA,247,E,N,0.014669,N,0.020098
3amt_chainA,248,E,N,0.017002,N,0.015293
3amt_chainA,249,E,N,0.047032,N,0.038052
3amt_chainA,250,V,N,0.062378,N,0.048952
3amt_chainA,251,H,N,0.065519,N,0.047345
3amt_chainA,252,R,N,0.046968,N,0.042156
3amt_chainA,253,L,N,0.019686,N,0.017292
3amt_chainA,254,E,N,0.034771,N,0.028155
3amt_chainA,255,N,N,0.015515,N,0.010502
3amt_chainA,256,Y,N,0.050978,N,0.049159
3amt_chainA,257,R,N,0.034424,N,0.027588
3amt_chainA,258,S,N,0.033926,N,0.026626
3amt_chainA,259,Y,N,0.032404,N,0.025566
3amt_chainA,260,R,N,0.021646,N,0.019392
3amt_chainA,261,L,N,0.053438,N,0.04165
3amt_chainA,262,R,N,0.014428,N,0.018938
3amt_chainA,263,G,N,0.010785,N,0.013872
3amt_chainA,264,R,N,0.023615,N,0.024456
3amt_chainA,265,V,N,0.027263,N,0.022116
3amt_chainA,266,T,N,0.018781,N,0.024239
3amt_chainA,267,L,N,0.022974,N,0.020869
3amt_chainA,268,E,N,0.020246,N,0.020536
3amt_chainA,269,P,N,0.039655,N,0.035382
3amt_chainA,270,Y,N,0.036014,N,0.034403
3amt_chainA,271,D,N,0.012525,N,0.014254
3amt_chainA,272,I,N,0.016693,N,0.019145
3amt_chainA,273,E,N,0.013486,N,0.01838
3amt_chainA,274,G,N,0.047725,N,0.044666
3amt_chainA,275,G,N,0.039564,N,0.047538
3amt_chainA,276,H,N,0.043295,N,0.041949
3amt_chainA,277,V,N,0.031207,N,0.027981
3amt_chainA,278,F,N,0.040144,N,0.030824
3amt_chainA,279,F,N,0.074528,N,0.049646
3amt_chainA,280,E,N,0.025318,N,0.019718
3amt_chainA,281,I,N,0.024563,N,0.014768
3amt_chainA,282,D,N,0.026041,N,0.022489
3amt_chainA,283,T,N,0.021025,N,0.021139
3amt_chainA,284,K,N,0.019936,N,0.015757
3amt_chainA,285,F,N,0.033866,N,0.020331
3amt_chainA,286,G,N,0.030953,N,0.018443
3amt_chainA,287,S,N,0.0373,N,0.029213
3amt_chainA,288,V,N,0.02156,N,0.021307
3amt_chainA,289,K,N,0.028803,N,0.030835
3amt_chainA,290,C,N,0.037191,N,0.024807
3amt_chainA,291,A,N,0.038097,N,0.029973
3amt_chainA,292,A,N,0.03104,N,0.023217
3amt_chainA,293,F,N,0.053065,N,0.032121
3amt_chainA,294,E,N,0.050269,N,0.046468
3amt_chainA,295,P,N,0.071456,N,0.041962
3amt_chainA,296,T,N,0.07694,N,0.053299
3amt_chainA,297,K,N,0.023559,N,0.029601
3amt_chainA,298,Q,N,0.021679,N,0.031789
3amt_chainA,299,F,N,0.046604,N,0.09359
3amt_chainA,300,R,N,0.067382,N,0.057341
3amt_chainA,301,N,N,0.039248,N,0.04692
3amt_chainA,302,V,N,0.015403,N,0.036336
3amt_chainA,303,I,N,0.045978,N,0.088355
3amt_chainA,304,R,N,0.04227,N,0.039308
3amt_chainA,305,L,N,0.038564,N,0.041066
3amt_chainA,306,L,N,0.027664,N,0.048281
3amt_chainA,307,R,N,0.058619,N,0.041642
3amt_chainA,308,K,N,0.061502,N,0.034764
3amt_chainA,309,G,N,0.032628,N,0.029584
3amt_chainA,310,D,N,0.060173,N,0.056794
3amt_chainA,311,V,N,0.041843,N,0.043526
3amt_chainA,312,V,N,0.051875,N,0.046077
3amt_chainA,313,E,N,0.022766,N,0.028616
3amt_chainA,314,V,N,0.048838,N,0.037341
3amt_chainA,315,Y,N,0.040206,N,0.027626
3amt_chainA,316,G,N,0.084965,N,0.038952
3amt_chainA,317,S,N,0.048581,N,0.03919
3amt_chainA,318,K,N,0.098951,N,0.063849
3amt_chainA,319,K,N,0.065011,N,0.044087
3amt_chainA,320,D,N,0.044319,N,0.030806
3amt_chainA,321,T,N,0.072398,N,0.038062
3amt_chainA,322,I,N,0.048066,N,0.026376
3amt_chainA,323,N,N,0.065827,N,0.040777
3amt_chainA,324,L,N,0.03135,N,0.02592
3amt_chainA,325,E,N,0.055754,N,0.04625
3amt_chainA,326,K,N,0.070713,N,0.054738
3amt_chainA,327,I,N,0.063852,N,0.043144
3amt_chainA,328,Q,N,0.053459,N,0.047336
3amt_chainA,329,I,N,0.035268,N,0.028363
3amt_chainA,330,V,N,0.093127,N,0.04874
3amt_chainA,331,E,N,0.140255,N,0.058185
3amt_chainA,332,L,N,0.177243,N,0.058376
3amt_chainA,333,A,N,0.110869,N,0.036652
3amt_chainA,334,E,N,0.019859,N,0.015922
3amt_chainA,335,I,N,0.037945,N,0.030356
3amt_chainA,336,W,N,0.056617,N,0.044823
3amt_chainA,337,V,N,0.06926,N,0.05901
3amt_chainA,338,E,N,0.045041,N,0.037548
3amt_chainA,339,K,N,0.058738,N,0.05184
3amt_chainA,340,N,N,0.060529,N,0.057997
3amt_chainA,341,P,N,0.081428,N,0.059793
3amt_chainA,342,I,N,0.119181,N,0.062668
3amt_chainA,343,C,N,0.134705,N,0.06728
3amt_chainA,344,G,N,0.098341,N,0.052923
3amt_chainA,345,R,N,0.072268,N,0.065417
3amt_chainA,346,R,N,0.05966,N,0.038196
3amt_chainA,347,E,N,0.044251,N,0.037862
3amt_chainA,348,S,N,0.055914,N,0.040892
3amt_chainA,349,A,N,0.117749,N,0.066398
3amt_chainA,350,G,N,0.084236,N,0.048469
3amt_chainA,351,R,N,0.219725,N,0.165237
3amt_chainA,352,G,N,0.062606,N,0.047356
3amt_chainA,353,Q,N,0.034913,N,0.027856
3amt_chainA,354,G,N,0.076468,N,0.061695
3amt_chainA,355,F,N,0.063891,N,0.052494
3amt_chainA,356,R,N,0.110548,N,0.078665
3amt_chainA,357,C,N,0.113849,N,0.080264
3amt_chainA,358,K,N,0.095136,N,0.051159
3amt_chainA,359,C,N,0.045462,N,0.03919
3amt_chainA,360,R,N,0.052486,N,0.034105
3amt_chainA,361,T,N,0.017964,N,0.01489
3amt_chainA,362,K,N,0.045549,N,0.035538
3amt_chainA,363,A,N,0.013944,N,0.00891
3amt_chainA,364,D,N,0.022045,N,0.016653
3amt_chainA,365,E,N,0.018811,N,0.015583
3amt_chainA,366,K,N,0.030092,N,0.023371
3amt_chainA,367,L,N,0.021233,N,0.014619
3amt_chainA,368,R,N,0.026842,N,0.021436
3amt_chainA,369,E,N,0.025491,N,0.019812
3amt_chainA,370,K,N,0.024634,N,0.017165
3amt_chainA,371,V,N,0.030751,N,0.022486
3amt_chainA,372,E,N,0.026741,N,0.023172
3amt_chainA,373,R,N,0.068807,N,0.055063
3amt_chainA,374,E,N,0.041437,N,0.028941
3amt_chainA,375,L,N,0.045068,N,0.032995
3amt_chainA,376,Q,N,0.041399,N,0.025988
3amt_chainA,377,P,N,0.026596,N,0.022121
3amt_chainA,378,G,N,0.052394,N,0.036469
3amt_chainA,379,F,N,0.054382,N,0.041604
3amt_chainA,380,Y,N,0.029137,N,0.029296
3amt_chainA,381,E,N,0.02361,N,0.030604
3amt_chainA,382,V,N,0.029903,N,0.069068
3amt_chainA,383,P,N,0.046747,N,0.05631
3amt_chainA,384,P,N,0.021662,N,0.03104
3amt_chainA,385,S,N,0.019955,N,0.030781
3amt_chainA,386,A,N,0.025286,N,0.09335
3amt_chainA,387,R,N,0.029912,N,0.065221
3amt_chainA,388,R,N,0.068072,N,0.250259
3amt_chainA,389,H,N,0.073966,N,0.226773
3amt_chainA,390,L,N,0.054634,N,0.165482
3amt_chainA,391,S,N,0.027249,N,0.087219
3amt_chainA,392,K,N,0.031766,N,0.038537
3amt_chainA,393,P,N,0.070486,N,0.076493
3amt_chainA,394,L,N,0.022587,N,0.021203
3amt_chainA,395,I,N,0.014888,N,0.01317
3amt_chainA,396,R,N,0.034459,N,0.0302
3amt_chainA,397,N,N,0.02647,N,0.019371
3amt_chainA,398,V,N,0.012931,N,0.015899
3amt_chainA,399,E,N,0.021348,N,0.014562
3amt_chainA,400,G,N,0.011673,N,0.010601
3amt_chainA,401,R,N,0.022445,N,0.020807
3amt_chainA,402,H,N,0.020893,N,0.016155
3amt_chainA,403,I,N,0.016153,N,0.013881
3amt_chainA,404,F,N,0.011767,N,0.010349
3amt_chainA,405,R,N,0.018513,N,0.014105
