Prot.ID,NO,Residue,ATPseq Binding Sites,ATPseq Probability,ATPbind Binding Sites,ATPbind Probability
3dnt_chainA,1,P,N,0.01046,N,0.012621
3dnt_chainA,2,K,N,0.010956,N,0.009619
3dnt_chainA,3,L,N,0.034925,N,0.02604
3dnt_chainA,4,V,N,0.034332,N,0.027648
3dnt_chainA,5,T,N,0.038585,N,0.042261
3dnt_chainA,6,W,N,0.033452,N,0.03215
3dnt_chainA,7,N,N,0.024968,N,0.026516
3dnt_chainA,8,N,N,0.005683,N,0.008677
3dnt_chainA,9,Q,N,0.015663,N,0.029981
3dnt_chainA,10,R,N,0.019814,N,0.020319
3dnt_chainA,11,V,N,0.026118,N,0.021166
3dnt_chainA,12,G,N,0.037663,N,0.021273
3dnt_chainA,13,E,N,0.087873,N,0.049715
3dnt_chainA,14,L,N,0.115881,N,0.053086
3dnt_chainA,15,T,N,0.068308,N,0.052769
3dnt_chainA,16,K,N,0.045781,N,0.031845
3dnt_chainA,17,L,N,0.043826,N,0.034708
3dnt_chainA,18,A,N,0.065079,N,0.045702
3dnt_chainA,19,N,N,0.0388,N,0.036112
3dnt_chainA,20,G,N,0.021044,N,0.02346
3dnt_chainA,21,A,N,0.035091,N,0.030053
3dnt_chainA,22,H,N,0.01476,N,0.016397
3dnt_chainA,23,T,N,0.02882,N,0.019558
3dnt_chainA,24,F,N,0.042842,N,0.035113
3dnt_chainA,25,K,N,0.029829,N,0.026557
3dnt_chainA,26,Y,N,0.027564,N,0.02581
3dnt_chainA,27,A,N,0.02896,N,0.029059
3dnt_chainA,28,P,N,0.023048,N,0.023016
3dnt_chainA,29,E,N,0.031529,N,0.026374
3dnt_chainA,30,W,N,0.046629,N,0.053397
3dnt_chainA,31,L,N,0.046191,N,0.03523
3dnt_chainA,32,A,N,0.018293,N,0.016383
3dnt_chainA,33,S,N,0.04156,N,0.026102
3dnt_chainA,34,R,N,0.046055,N,0.040941
3dnt_chainA,35,Y,N,0.019719,N,0.012844
3dnt_chainA,36,A,N,0.022044,N,0.020898
3dnt_chainA,37,R,N,0.05883,N,0.028944
3dnt_chainA,38,P,N,0.08717,N,0.059476
3dnt_chainA,39,L,N,0.063265,N,0.038403
3dnt_chainA,40,S,N,0.092932,N,0.034559
3dnt_chainA,41,L,N,0.027709,N,0.017235
3dnt_chainA,42,S,N,0.04463,N,0.026535
3dnt_chainA,43,L,N,0.030389,N,0.024192
3dnt_chainA,44,P,N,0.047384,N,0.039398
3dnt_chainA,45,L,N,0.026883,N,0.028116
3dnt_chainA,46,Q,N,0.035445,N,0.028798
3dnt_chainA,47,R,N,0.049346,N,0.043068
3dnt_chainA,48,G,N,0.045664,N,0.03545
3dnt_chainA,49,N,N,0.04515,N,0.0344
3dnt_chainA,50,I,N,0.033458,N,0.025816
3dnt_chainA,51,T,N,0.028823,N,0.023989
3dnt_chainA,52,S,N,0.026455,N,0.019558
3dnt_chainA,53,D,N,0.043039,N,0.034539
3dnt_chainA,54,A,N,0.012815,N,0.010401
3dnt_chainA,55,V,N,0.017014,N,0.010367
3dnt_chainA,56,F,N,0.027843,N,0.020311
3dnt_chainA,57,N,N,0.027138,N,0.020163
3dnt_chainA,58,F,N,0.027643,N,0.019792
3dnt_chainA,59,F,N,0.036067,N,0.026824
3dnt_chainA,60,D,N,0.018714,N,0.015326
3dnt_chainA,61,N,N,0.036453,N,0.026378
3dnt_chainA,62,L,N,0.034219,N,0.02031
3dnt_chainA,63,L,N,0.019106,N,0.013502
3dnt_chainA,64,P,N,0.017846,N,0.010799
3dnt_chainA,65,D,N,0.014484,N,0.010811
3dnt_chainA,66,S,N,0.02994,N,0.020441
3dnt_chainA,67,P,N,0.021833,N,0.013462
3dnt_chainA,68,I,N,0.014983,N,0.010661
3dnt_chainA,69,V,N,0.025109,N,0.01404
3dnt_chainA,70,R,N,0.022675,N,0.017726
3dnt_chainA,71,D,N,0.042429,N,0.032784
3dnt_chainA,72,R,N,0.089546,N,0.039031
3dnt_chainA,73,I,N,0.029612,N,0.019467
3dnt_chainA,74,V,N,0.025873,N,0.022795
3dnt_chainA,75,K,N,0.072209,N,0.047438
3dnt_chainA,76,R,N,0.224265,N,0.107779
3dnt_chainA,77,Y,N,0.037695,N,0.024615
3dnt_chainA,78,H,N,0.054422,N,0.044511
3dnt_chainA,79,A,N,0.027467,N,0.01736
3dnt_chainA,80,K,N,0.030061,N,0.023864
3dnt_chainA,81,S,N,0.059929,N,0.043804
3dnt_chainA,82,R,N,0.035248,N,0.022875
3dnt_chainA,83,Q,N,0.027842,N,0.021299
3dnt_chainA,84,P,N,0.015247,N,0.012275
3dnt_chainA,85,F,N,0.030824,N,0.018774
3dnt_chainA,86,D,N,0.018183,N,0.013945
3dnt_chainA,87,L,N,0.014217,N,0.011849
3dnt_chainA,88,L,N,0.037965,N,0.0339
3dnt_chainA,89,S,N,0.022922,N,0.032466
3dnt_chainA,90,E,N,0.020101,N,0.015034
3dnt_chainA,91,I,N,0.037046,N,0.028414
3dnt_chainA,92,G,N,0.027009,N,0.026623
3dnt_chainA,93,R,N,0.020496,N,0.016248
3dnt_chainA,94,D,N,0.075854,N,0.050346
3dnt_chainA,95,S,N,0.031704,N,0.052087
3dnt_chainA,96,V,N,0.152673,N,0.320202
3dnt_chainA,97,G,N,0.050516,N,0.045816
3dnt_chainA,98,A,N,0.029275,N,0.027631
3dnt_chainA,99,V,N,0.045059,N,0.034099
3dnt_chainA,100,T,N,0.030733,N,0.030331
3dnt_chainA,101,L,N,0.027939,N,0.019409
3dnt_chainA,102,I,N,0.034725,N,0.035158
3dnt_chainA,103,P,N,0.034653,N,0.031876
3dnt_chainA,104,I,N,0.020834,N,0.022089
3dnt_chainA,105,A,N,0.042544,N,0.036899
3dnt_chainA,106,W,N,0.063003,N,0.056867
3dnt_chainA,107,E,N,0.061653,N,0.048826
3dnt_chainA,108,K,N,0.083603,N,0.074378
3dnt_chainA,109,L,N,0.050496,N,0.036783
3dnt_chainA,110,T,N,0.038288,N,0.03326
3dnt_chainA,111,E,N,0.0415,N,0.027197
3dnt_chainA,112,A,N,0.019595,N,0.013871
3dnt_chainA,113,R,N,0.034308,N,0.027628
3dnt_chainA,114,L,N,0.015187,N,0.010971
3dnt_chainA,115,E,N,0.037644,N,0.020473
3dnt_chainA,116,E,N,0.028302,N,0.023674
3dnt_chainA,117,V,N,0.028279,N,0.016657
3dnt_chainA,118,L,N,0.034215,N,0.022751
3dnt_chainA,119,T,N,0.024959,N,0.016121
3dnt_chainA,120,A,N,0.028876,N,0.018107
3dnt_chainA,121,Y,N,0.018676,N,0.014891
3dnt_chainA,122,K,N,0.034737,N,0.026593
3dnt_chainA,123,A,N,0.034379,N,0.027822
3dnt_chainA,124,D,N,0.036783,N,0.032329
3dnt_chainA,125,I,N,0.035882,N,0.03499
3dnt_chainA,126,P,N,0.052261,N,0.060995
3dnt_chainA,127,L,N,0.066628,N,0.035635
3dnt_chainA,128,G,N,0.043905,N,0.037207
3dnt_chainA,129,I,N,0.040012,N,0.032338
3dnt_chainA,130,R,N,0.038284,N,0.041148
3dnt_chainA,131,E,N,0.065833,N,0.0417
3dnt_chainA,132,E,N,0.073206,N,0.039464
3dnt_chainA,133,N,N,0.043235,N,0.025005
3dnt_chainA,134,D,N,0.041497,N,0.022166
3dnt_chainA,135,F,N,0.045191,N,0.024437
3dnt_chainA,136,R,N,0.330344,N,0.123385
3dnt_chainA,137,I,B,0.423384,N,0.168155
3dnt_chainA,138,S,B,0.604867,N,0.375156
3dnt_chainA,139,V,N,0.290039,N,0.233887
3dnt_chainA,140,A,B,0.631477,B,0.781616
3dnt_chainA,141,G,N,0.391014,B,0.676196
3dnt_chainA,142,A,N,0.085698,B,0.525652
3dnt_chainA,143,Q,N,0.371973,B,0.700237
3dnt_chainA,144,E,N,0.023829,N,0.146955
3dnt_chainA,145,K,B,0.659064,B,0.734713
3dnt_chainA,146,T,N,0.019015,N,0.148203
3dnt_chainA,147,A,N,0.042454,N,0.051574
3dnt_chainA,148,L,N,0.072237,N,0.047519
3dnt_chainA,149,L,N,0.236429,N,0.089795
3dnt_chainA,150,R,N,0.119443,N,0.05544
3dnt_chainA,151,I,N,0.051692,N,0.035955
3dnt_chainA,152,G,N,0.119258,N,0.040396
3dnt_chainA,153,N,N,0.049318,N,0.030083
3dnt_chainA,154,D,N,0.064834,N,0.028877
3dnt_chainA,155,W,N,0.031761,N,0.033067
3dnt_chainA,156,C,N,0.046218,N,0.034518
3dnt_chainA,157,I,N,0.050701,N,0.034369
3dnt_chainA,158,P,N,0.026375,N,0.03206
3dnt_chainA,159,K,N,0.018021,N,0.018222
3dnt_chainA,160,G,N,0.036891,N,0.035619
3dnt_chainA,161,I,N,0.032645,N,0.024098
3dnt_chainA,162,T,N,0.030569,N,0.027936
3dnt_chainA,163,P,N,0.035532,N,0.02584
3dnt_chainA,164,T,N,0.028877,N,0.02904
3dnt_chainA,165,T,N,0.086418,N,0.078014
3dnt_chainA,166,H,N,0.158927,B,0.443839
3dnt_chainA,167,I,N,0.409153,B,0.56405
3dnt_chainA,168,I,N,0.362116,B,0.556
3dnt_chainA,169,K,B,0.580014,B,0.669212
3dnt_chainA,170,L,N,0.055484,N,0.06494
3dnt_chainA,171,P,N,0.042921,N,0.058844
3dnt_chainA,172,I,N,0.01687,N,0.021272
3dnt_chainA,173,Q,N,0.030183,N,0.038657
3dnt_chainA,174,S,N,0.023584,N,0.023934
3dnt_chainA,175,V,N,0.068559,N,0.046616
3dnt_chainA,176,D,N,0.097172,N,0.052579
3dnt_chainA,177,N,N,0.060018,N,0.037022
3dnt_chainA,178,E,N,0.067366,N,0.052818
3dnt_chainA,179,Y,N,0.027114,N,0.023935
3dnt_chainA,180,Y,N,0.022272,N,0.018931
3dnt_chainA,181,C,N,0.024524,N,0.025103
3dnt_chainA,182,L,N,0.023569,N,0.020379
3dnt_chainA,183,L,N,0.023819,N,0.022584
3dnt_chainA,184,L,N,0.024812,N,0.01899
3dnt_chainA,185,A,N,0.030467,N,0.020568
3dnt_chainA,186,K,N,0.032302,N,0.027164
3dnt_chainA,187,E,N,0.014524,N,0.014772
3dnt_chainA,188,L,N,0.020166,N,0.019648
3dnt_chainA,189,G,N,0.024884,N,0.028212
3dnt_chainA,190,L,N,0.029131,N,0.027391
3dnt_chainA,191,N,N,0.057204,N,0.050309
3dnt_chainA,192,V,N,0.021764,N,0.037698
3dnt_chainA,193,P,N,0.114684,N,0.103825
3dnt_chainA,194,D,N,0.033359,N,0.022813
3dnt_chainA,195,A,N,0.038896,N,0.026009
3dnt_chainA,196,E,N,0.039459,N,0.032113
3dnt_chainA,197,I,N,0.03338,N,0.028991
3dnt_chainA,198,I,N,0.036732,N,0.034914
3dnt_chainA,199,K,N,0.025335,N,0.026766
3dnt_chainA,200,A,N,0.019393,N,0.023294
3dnt_chainA,201,G,N,0.013294,N,0.012934
3dnt_chainA,202,N,N,0.017568,N,0.016011
3dnt_chainA,203,V,N,0.017753,N,0.016637
3dnt_chainA,204,R,N,0.010671,N,0.012898
3dnt_chainA,205,A,N,0.019468,N,0.012062
3dnt_chainA,206,L,N,0.065198,N,0.043916
3dnt_chainA,207,A,N,0.044363,N,0.027558
3dnt_chainA,208,V,B,0.80245,B,0.948728
3dnt_chainA,209,E,B,0.859291,B,0.94956
3dnt_chainA,210,R,B,0.915779,B,0.944678
3dnt_chainA,211,F,B,0.504379,B,0.90432
3dnt_chainA,212,D,B,0.44722,B,0.455969
3dnt_chainA,213,R,N,0.050004,N,0.054039
3dnt_chainA,214,R,N,0.056796,N,0.058313
3dnt_chainA,215,W,N,0.070198,N,0.073566
3dnt_chainA,216,N,N,0.045105,N,0.059939
3dnt_chainA,217,A,N,0.043529,N,0.042684
3dnt_chainA,218,E,N,0.07599,N,0.079178
3dnt_chainA,219,R,N,0.074891,N,0.074966
3dnt_chainA,220,T,N,0.046198,N,0.037577
3dnt_chainA,221,V,N,0.03015,N,0.018407
3dnt_chainA,222,L,N,0.15079,N,0.056259
3dnt_chainA,223,L,N,0.072848,N,0.039317
3dnt_chainA,224,R,N,0.12521,N,0.035531
3dnt_chainA,225,L,N,0.054054,N,0.023303
3dnt_chainA,226,P,N,0.074623,N,0.074255
3dnt_chainA,227,Q,N,0.162249,N,0.103853
3dnt_chainA,228,E,N,0.264971,N,0.379169
3dnt_chainA,229,D,N,0.133543,N,0.082919
3dnt_chainA,230,C,N,0.153129,N,0.097498
3dnt_chainA,231,Q,N,0.097462,N,0.098901
3dnt_chainA,232,T,N,0.037394,N,0.033974
3dnt_chainA,233,F,N,0.035147,N,0.030541
3dnt_chainA,234,G,N,0.034301,N,0.021146
3dnt_chainA,235,L,N,0.051774,N,0.037278
3dnt_chainA,236,P,N,0.038813,N,0.031765
3dnt_chainA,237,S,N,0.034345,N,0.029427
3dnt_chainA,238,S,N,0.08218,N,0.044042
3dnt_chainA,239,V,N,0.128289,N,0.044094
3dnt_chainA,240,K,B,0.526213,N,0.115979
3dnt_chainA,241,Y,N,0.274347,N,0.082967
3dnt_chainA,242,E,N,0.089261,N,0.053859
3dnt_chainA,243,S,N,0.098312,N,0.060305
3dnt_chainA,244,D,N,0.083648,N,0.048934
3dnt_chainA,245,G,N,0.037515,N,0.033528
3dnt_chainA,246,G,N,0.08511,N,0.070111
3dnt_chainA,247,P,N,0.052574,N,0.038232
3dnt_chainA,248,G,N,0.047665,N,0.032759
3dnt_chainA,249,I,N,0.064819,N,0.040297
3dnt_chainA,250,A,N,0.05305,N,0.035667
3dnt_chainA,251,R,N,0.106926,N,0.0709
3dnt_chainA,252,I,N,0.032639,N,0.025855
3dnt_chainA,253,A,N,0.018624,N,0.017814
3dnt_chainA,254,F,N,0.031486,N,0.022132
3dnt_chainA,255,L,N,0.042223,N,0.043421
3dnt_chainA,256,G,N,0.029077,N,0.026883
3dnt_chainA,257,S,N,0.02459,N,0.023479
3dnt_chainA,258,S,N,0.035507,N,0.034552
3dnt_chainA,259,E,N,0.023487,N,0.01505
3dnt_chainA,260,A,N,0.048155,N,0.030096
3dnt_chainA,261,L,N,0.022259,N,0.018433
3dnt_chainA,262,K,N,0.018143,N,0.013089
3dnt_chainA,263,D,N,0.01694,N,0.012998
3dnt_chainA,264,R,N,0.025332,N,0.02545
3dnt_chainA,265,Y,N,0.019937,N,0.016123
3dnt_chainA,266,D,N,0.012241,N,0.007803
3dnt_chainA,267,F,N,0.019628,N,0.01712
3dnt_chainA,268,K,N,0.041934,N,0.029762
3dnt_chainA,269,F,N,0.028032,N,0.02921
3dnt_chainA,270,Q,N,0.0115,N,0.011754
3dnt_chainA,271,V,N,0.034434,N,0.022682
3dnt_chainA,272,F,N,0.035307,N,0.021636
3dnt_chainA,273,Q,N,0.020106,N,0.017491
3dnt_chainA,274,W,N,0.026352,N,0.018479
3dnt_chainA,275,L,N,0.024695,N,0.026138
3dnt_chainA,276,I,N,0.022877,N,0.023927
3dnt_chainA,277,G,N,0.020821,N,0.020047
3dnt_chainA,278,A,N,0.017731,N,0.022481
3dnt_chainA,279,T,N,0.028235,N,0.031451
3dnt_chainA,280,Q,N,0.024954,N,0.056349
3dnt_chainA,281,G,N,0.019973,N,0.020987
3dnt_chainA,282,H,N,0.108366,B,0.62958
3dnt_chainA,283,A,N,0.0209,N,0.041829
3dnt_chainA,284,K,N,0.135181,B,0.591619
3dnt_chainA,285,N,N,0.11041,B,0.644178
3dnt_chainA,286,F,N,0.027613,N,0.051606
3dnt_chainA,287,S,N,0.115728,B,0.765465
3dnt_chainA,288,V,N,0.040157,N,0.037117
3dnt_chainA,289,F,N,0.035461,N,0.041779
3dnt_chainA,290,I,N,0.044593,N,0.047526
3dnt_chainA,291,Q,N,0.041611,N,0.040427
3dnt_chainA,292,A,N,0.05459,N,0.034319
3dnt_chainA,293,G,N,0.081428,N,0.0386
3dnt_chainA,294,G,N,0.032963,N,0.029363
3dnt_chainA,295,S,N,0.057687,N,0.050193
3dnt_chainA,296,Y,N,0.066551,N,0.047622
3dnt_chainA,297,R,N,0.244897,N,0.105099
3dnt_chainA,298,L,N,0.064135,N,0.050836
3dnt_chainA,299,T,N,0.069066,N,0.041793
3dnt_chainA,300,P,N,0.034578,N,0.030969
3dnt_chainA,301,F,N,0.0887,N,0.078327
3dnt_chainA,302,Y,B,0.449043,B,0.81035
3dnt_chainA,303,D,N,0.304954,B,0.852553
3dnt_chainA,304,I,N,0.08674,N,0.083675
3dnt_chainA,305,I,N,0.0561,N,0.139071
3dnt_chainA,306,S,N,0.038953,N,0.053108
3dnt_chainA,307,A,N,0.022572,N,0.021702
3dnt_chainA,308,F,N,0.022802,N,0.023553
3dnt_chainA,309,P,N,0.031979,N,0.018409
3dnt_chainA,310,V,N,0.02151,N,0.026768
3dnt_chainA,311,L,N,0.024929,N,0.022635
3dnt_chainA,312,G,N,0.070611,N,0.057497
3dnt_chainA,313,G,N,0.078764,N,0.0463
3dnt_chainA,314,T,N,0.08904,N,0.041718
3dnt_chainA,315,G,N,0.046269,N,0.024233
3dnt_chainA,316,I,N,0.036645,N,0.02513
3dnt_chainA,317,H,N,0.037819,N,0.023248
3dnt_chainA,318,I,N,0.036547,N,0.020251
3dnt_chainA,319,S,N,0.028183,N,0.013486
3dnt_chainA,320,D,N,0.189598,N,0.057704
3dnt_chainA,321,L,N,0.023919,N,0.016622
3dnt_chainA,322,K,N,0.028957,N,0.017766
3dnt_chainA,323,L,N,0.036213,N,0.029579
3dnt_chainA,324,A,N,0.055213,N,0.042552
3dnt_chainA,325,G,N,0.035371,N,0.030088
3dnt_chainA,326,L,N,0.042854,N,0.041282
3dnt_chainA,327,N,N,0.06331,N,0.045416
3dnt_chainA,328,A,N,0.029027,N,0.017089
3dnt_chainA,329,S,N,0.047827,N,0.033369
3dnt_chainA,330,K,N,0.067911,N,0.047936
3dnt_chainA,331,G,N,0.019118,N,0.01179
3dnt_chainA,332,K,N,0.097261,N,0.051359
3dnt_chainA,333,K,N,0.156467,N,0.072282
3dnt_chainA,334,T,N,0.053516,N,0.027936
3dnt_chainA,335,A,N,0.061766,N,0.026267
3dnt_chainA,336,I,N,0.045091,N,0.023018
3dnt_chainA,337,D,N,0.057842,N,0.027698
3dnt_chainA,338,K,N,0.117875,N,0.064975
3dnt_chainA,339,I,N,0.027814,N,0.018685
3dnt_chainA,340,Y,N,0.023946,N,0.021765
3dnt_chainA,341,P,N,0.026069,N,0.021888
3dnt_chainA,342,R,N,0.048475,N,0.045246
3dnt_chainA,343,H,N,0.037463,N,0.033422
3dnt_chainA,344,F,N,0.027285,N,0.024927
3dnt_chainA,345,L,N,0.057383,N,0.0351
3dnt_chainA,346,A,N,0.050235,N,0.030998
3dnt_chainA,347,T,N,0.051515,N,0.03293
3dnt_chainA,348,A,N,0.031705,N,0.021821
3dnt_chainA,349,K,N,0.048375,N,0.030557
3dnt_chainA,350,V,N,0.011632,N,0.006446
3dnt_chainA,351,L,N,0.022032,N,0.015794
3dnt_chainA,352,R,N,0.024586,N,0.022688
3dnt_chainA,353,F,N,0.022084,N,0.015641
3dnt_chainA,354,P,N,0.026797,N,0.019327
3dnt_chainA,355,E,N,0.049192,N,0.026978
3dnt_chainA,356,V,N,0.010784,N,0.0066
3dnt_chainA,357,Q,N,0.023497,N,0.015531
3dnt_chainA,358,H,N,0.030057,N,0.017009
3dnt_chainA,359,E,N,0.030599,N,0.026617
3dnt_chainA,360,I,N,0.027932,N,0.018688
3dnt_chainA,361,L,N,0.018252,N,0.013996
3dnt_chainA,362,S,N,0.017372,N,0.010684
3dnt_chainA,363,D,N,0.025071,N,0.01948
3dnt_chainA,364,F,N,0.035792,N,0.029216
3dnt_chainA,365,A,N,0.015455,N,0.011826
3dnt_chainA,366,R,N,0.021074,N,0.017346
3dnt_chainA,367,I,N,0.036799,N,0.021048
3dnt_chainA,368,P,N,0.087469,N,0.041106
3dnt_chainA,369,A,N,0.037588,N,0.01485
3dnt_chainA,370,A,N,0.027971,N,0.012617
3dnt_chainA,371,L,N,0.128942,N,0.047582
3dnt_chainA,372,D,N,0.125989,N,0.046403
3dnt_chainA,373,N,N,0.041494,N,0.024033
3dnt_chainA,374,V,N,0.024944,N,0.015131
3dnt_chainA,375,K,N,0.131125,N,0.101276
3dnt_chainA,376,T,N,0.024768,N,0.018211
3dnt_chainA,377,S,N,0.026842,N,0.020035
3dnt_chainA,378,L,N,0.030847,N,0.028126
3dnt_chainA,379,P,N,0.066137,N,0.062452
3dnt_chainA,380,T,N,0.053982,N,0.034045
3dnt_chainA,381,D,N,0.118011,N,0.050004
3dnt_chainA,382,F,N,0.042462,N,0.02372
3dnt_chainA,383,P,N,0.059928,N,0.032281
3dnt_chainA,384,E,N,0.043728,N,0.02325
3dnt_chainA,385,N,N,0.093241,N,0.038006
3dnt_chainA,386,V,N,0.044532,N,0.02507
3dnt_chainA,387,V,N,0.032299,N,0.021095
3dnt_chainA,388,T,N,0.038375,N,0.026652
3dnt_chainA,389,A,N,0.02055,N,0.012649
3dnt_chainA,390,V,N,0.012713,N,0.009295
3dnt_chainA,391,E,N,0.01973,N,0.017619
3dnt_chainA,392,S,N,0.018129,N,0.017271
3dnt_chainA,393,N,N,0.008998,N,0.009037
3dnt_chainA,394,V,N,0.020214,N,0.016538
3dnt_chainA,395,L,N,0.015984,N,0.012811
3dnt_chainA,396,R,N,0.050041,N,0.050947
3dnt_chainA,397,L,N,0.032618,N,0.022847
3dnt_chainA,398,H,N,0.033877,N,0.03216
3dnt_chainA,399,G,N,0.02719,N,0.023869
3dnt_chainA,400,R,N,0.054975,N,0.04
3dnt_chainA,401,L,N,0.022799,N,0.017322
3dnt_chainA,402,S,N,0.01226,N,0.009675
3dnt_chainA,403,R,N,0.009544,N,0.009022
3dnt_chainA,404,E,N,0.034072,N,0.033901
3dnt_chainA,405,Y,N,0.019678,N,0.019752
