Prot.ID,NO,Residue,ATPseq Binding Sites,ATPseq Probability,ATPbind Binding Sites,ATPbind Probability
3erc_chainC,1,N,N,0.0082,N,0.006329
3erc_chainC,2,I,N,0.009654,N,0.007998
3erc_chainC,3,T,N,0.012987,N,0.008917
3erc_chainC,4,L,N,0.011753,N,0.011664
3erc_chainC,5,K,N,0.035839,N,0.031911
3erc_chainC,6,I,N,0.019159,N,0.013545
3erc_chainC,7,I,N,0.039388,N,0.029133
3erc_chainC,8,E,N,0.061035,N,0.051487
3erc_chainC,9,T,N,0.022748,N,0.023482
3erc_chainC,10,Y,N,0.081361,N,0.069854
3erc_chainC,11,L,N,0.053019,N,0.04479
3erc_chainC,12,G,N,0.030527,N,0.026118
3erc_chainC,13,R,N,0.100103,N,0.050937
3erc_chainC,14,V,N,0.075607,N,0.036216
3erc_chainC,15,P,N,0.095248,N,0.033489
3erc_chainC,16,S,N,0.098517,N,0.043593
3erc_chainC,17,V,N,0.083208,N,0.034113
3erc_chainC,18,N,N,0.084573,N,0.043262
3erc_chainC,19,E,N,0.078431,N,0.199299
3erc_chainC,20,Y,N,0.147715,N,0.106128
3erc_chainC,21,H,N,0.093041,N,0.126634
3erc_chainC,22,M,N,0.02628,N,0.104624
3erc_chainC,23,L,N,0.022848,N,0.122709
3erc_chainC,24,K,N,0.048873,N,0.07803
3erc_chainC,25,S,N,0.009815,N,0.015724
3erc_chainC,26,Q,N,0.0572,N,0.239323
3erc_chainC,27,A,N,0.016194,N,0.022777
3erc_chainC,28,R,N,0.02084,N,0.020607
3erc_chainC,29,N,N,0.043916,N,0.040549
3erc_chainC,30,I,N,0.020702,N,0.017305
3erc_chainC,31,Q,N,0.039814,N,0.028624
3erc_chainC,32,K,N,0.022253,N,0.024066
3erc_chainC,33,I,N,0.024097,N,0.025089
3erc_chainC,34,T,N,0.0391,N,0.036205
3erc_chainC,35,V,N,0.030457,N,0.020616
3erc_chainC,36,F,N,0.018492,N,0.014883
3erc_chainC,37,N,N,0.032734,N,0.030343
3erc_chainC,38,K,N,0.031246,N,0.027054
3erc_chainC,39,D,N,0.032422,N,0.02926
3erc_chainC,40,I,N,0.010551,N,0.008167
3erc_chainC,41,F,N,0.009082,N,0.00835
3erc_chainC,42,V,N,0.01348,N,0.012501
3erc_chainC,43,S,N,0.016569,N,0.01626
3erc_chainC,44,L,N,0.021334,N,0.014993
3erc_chainC,45,V,N,0.016166,N,0.01278
3erc_chainC,46,K,N,0.024494,N,0.017083
3erc_chainC,47,K,N,0.047941,N,0.035976
3erc_chainC,48,N,N,0.054966,N,0.040884
3erc_chainC,49,K,N,0.059419,N,0.048319
3erc_chainC,50,K,N,0.021846,N,0.018737
3erc_chainC,51,R,N,0.059313,N,0.061298
3erc_chainC,52,F,N,0.074775,N,0.055939
3erc_chainC,53,F,N,0.037484,N,0.025712
3erc_chainC,54,S,N,0.032292,N,0.030778
3erc_chainC,55,D,N,0.059686,N,0.051288
3erc_chainC,56,V,N,0.051512,N,0.038009
3erc_chainC,57,N,N,0.018818,N,0.013625
3erc_chainC,58,T,N,0.021638,N,0.013608
3erc_chainC,59,S,N,0.02889,N,0.019151
3erc_chainC,60,A,N,0.060037,N,0.040992
3erc_chainC,61,S,N,0.02052,N,0.015041
3erc_chainC,62,E,N,0.036702,N,0.033673
3erc_chainC,63,I,N,0.016547,N,0.012953
3erc_chainC,64,K,N,0.024605,N,0.014654
3erc_chainC,65,D,N,0.030391,N,0.02162
3erc_chainC,66,R,N,0.024084,N,0.018322
3erc_chainC,67,I,N,0.019791,N,0.011628
3erc_chainC,68,L,N,0.011027,N,0.008595
3erc_chainC,69,S,N,0.025644,N,0.016323
3erc_chainC,70,Y,N,0.082785,N,0.051562
3erc_chainC,71,F,N,0.037916,N,0.030425
3erc_chainC,72,S,N,0.021203,N,0.012188
3erc_chainC,73,K,N,0.097157,N,0.062676
3erc_chainC,74,Q,N,0.182723,N,0.067673
3erc_chainC,75,T,N,0.030377,N,0.021293
3erc_chainC,76,Q,N,0.027887,N,0.025211
3erc_chainC,77,T,N,0.030426,N,0.028029
3erc_chainC,78,Y,N,0.063547,N,0.075131
3erc_chainC,79,N,N,0.01878,N,0.112763
3erc_chainC,80,I,N,0.031396,N,0.068561
3erc_chainC,81,G,N,0.026875,N,0.250016
3erc_chainC,82,K,N,0.017448,N,0.19944
3erc_chainC,83,L,N,0.012995,N,0.156413
3erc_chainC,84,F,N,0.022185,N,0.047985
3erc_chainC,85,T,N,0.009154,N,0.079307
3erc_chainC,86,I,N,0.026955,N,0.049564
3erc_chainC,87,I,N,0.0245,N,0.026094
3erc_chainC,88,E,N,0.036185,N,0.040398
3erc_chainC,89,L,N,0.033331,N,0.039102
3erc_chainC,90,Q,N,0.159965,N,0.341301
3erc_chainC,91,S,N,0.019683,N,0.015648
3erc_chainC,92,V,N,0.023821,N,0.03227
3erc_chainC,93,L,N,0.033795,N,0.039666
3erc_chainC,94,V,N,0.119322,N,0.068727
3erc_chainC,95,T,N,0.043049,N,0.030056
3erc_chainC,96,T,N,0.018292,N,0.011232
3erc_chainC,97,Y,N,0.112653,N,0.070689
3erc_chainC,98,T,N,0.030058,N,0.014009
3erc_chainC,99,D,N,0.228091,N,0.081784
3erc_chainC,100,I,N,0.13939,N,0.034465
3erc_chainC,101,L,N,0.104144,N,0.033658
3erc_chainC,102,G,N,0.033204,N,0.022989
3erc_chainC,103,V,N,0.042589,N,0.028312
3erc_chainC,104,L,N,0.04567,N,0.028883
3erc_chainC,105,T,N,0.057969,N,0.046492
3erc_chainC,106,I,N,0.027697,N,0.017513
3erc_chainC,107,N,N,0.144598,N,0.06254
3erc_chainC,108,V,N,0.024125,N,0.017287
3erc_chainC,109,T,N,0.010745,N,0.013149
3erc_chainC,110,S,N,0.028818,N,0.027292
3erc_chainC,111,M,N,0.061175,N,0.033111
3erc_chainC,112,E,N,0.076092,N,0.05127
3erc_chainC,113,E,N,0.024259,N,0.02407
3erc_chainC,114,L,N,0.027165,N,0.024522
3erc_chainC,115,A,N,0.030697,N,0.025839
3erc_chainC,116,R,N,0.025204,N,0.024382
3erc_chainC,117,D,N,0.045003,N,0.043417
3erc_chainC,118,M,N,0.023872,N,0.014493
3erc_chainC,119,L,N,0.036264,N,0.020763
3erc_chainC,120,N,N,0.032963,N,0.023678
3erc_chainC,121,S,N,0.047276,N,0.03009
3erc_chainC,122,M,N,0.028672,N,0.022109
3erc_chainC,123,N,N,0.020858,N,0.017814
3erc_chainC,124,V,N,0.031253,N,0.020603
3erc_chainC,125,A,N,0.03852,N,0.030753
3erc_chainC,126,V,N,0.009126,N,0.009102
3erc_chainC,127,V,N,0.025165,N,0.016719
3erc_chainC,128,S,N,0.032981,N,0.026698
3erc_chainC,129,S,N,0.006909,N,0.007658
3erc_chainC,130,L,N,0.026802,N,0.029465
3erc_chainC,131,V,N,0.059542,N,0.037034
3erc_chainC,132,K,N,0.012753,N,0.014755
3erc_chainC,133,N,N,0.020912,N,0.016236
3erc_chainC,134,V,N,0.01596,N,0.011149
3erc_chainC,135,N,N,0.02084,N,0.014621
3erc_chainC,136,K,N,0.022668,N,0.019807
3erc_chainC,137,L,N,0.035494,N,0.024005
3erc_chainC,138,M,N,0.015414,N,0.011857
3erc_chainC,139,E,N,0.016723,N,0.015562
3erc_chainC,140,E,N,0.024249,N,0.023632
3erc_chainC,141,Y,N,0.017159,N,0.015921
3erc_chainC,142,L,N,0.034786,N,0.021488
3erc_chainC,143,R,N,0.055169,N,0.039455
3erc_chainC,144,R,N,0.094455,N,0.051555
3erc_chainC,145,H,N,0.047956,N,0.030413
3erc_chainC,146,N,N,0.046298,N,0.031857
3erc_chainC,147,K,N,0.020594,N,0.021175
3erc_chainC,148,S,N,0.025257,N,0.032417
3erc_chainC,149,C,N,0.034685,N,0.03229
3erc_chainC,150,I,N,0.026697,N,0.026938
3erc_chainC,151,C,N,0.040007,N,0.033791
3erc_chainC,152,Y,N,0.202706,N,0.120544
3erc_chainC,153,G,B,0.455724,N,0.115197
3erc_chainC,154,S,N,0.222983,N,0.063112
3erc_chainC,155,Y,N,0.157055,N,0.066899
3erc_chainC,156,S,N,0.142457,N,0.053747
3erc_chainC,157,L,N,0.05148,N,0.047593
3erc_chainC,158,Y,N,0.131004,N,0.094392
3erc_chainC,159,L,N,0.110406,N,0.059889
3erc_chainC,160,I,N,0.227186,N,0.085811
3erc_chainC,161,N,B,0.502248,N,0.213335
3erc_chainC,162,P,N,0.06705,N,0.064855
3erc_chainC,163,N,N,0.051448,N,0.041751
3erc_chainC,164,I,N,0.221894,N,0.087188
3erc_chainC,165,R,B,0.672466,N,0.224402
3erc_chainC,166,Y,B,0.710693,N,0.230601
3erc_chainC,167,G,B,0.477825,N,0.125883
3erc_chainC,168,D,B,0.479118,N,0.295368
3erc_chainC,169,I,N,0.096286,N,0.068336
3erc_chainC,170,D,B,0.559082,N,0.213471
3erc_chainC,171,I,N,0.076487,N,0.043939
3erc_chainC,172,L,N,0.09953,N,0.06383
3erc_chainC,173,Q,N,0.101037,N,0.077592
3erc_chainC,174,T,N,0.036928,N,0.036105
3erc_chainC,175,N,N,0.226163,N,0.104836
3erc_chainC,176,S,N,0.236064,N,0.066066
3erc_chainC,177,R,N,0.219042,N,0.094868
3erc_chainC,178,T,N,0.333323,N,0.118033
3erc_chainC,179,F,N,0.045418,N,0.034044
3erc_chainC,180,L,N,0.035933,N,0.037636
3erc_chainC,181,I,N,0.047211,N,0.045323
3erc_chainC,182,D,N,0.067285,N,0.065884
3erc_chainC,183,L,N,0.030159,N,0.026105
3erc_chainC,184,A,N,0.033429,N,0.025607
3erc_chainC,185,F,N,0.033671,N,0.023843
3erc_chainC,186,L,N,0.101131,N,0.036277
3erc_chainC,187,I,N,0.033774,N,0.017988
3erc_chainC,188,K,N,0.067011,N,0.023818
3erc_chainC,189,F,N,0.035658,N,0.016049
3erc_chainC,190,I,N,0.046314,N,0.025056
3erc_chainC,191,T,N,0.018311,N,0.011845
3erc_chainC,192,G,N,0.030021,N,0.022705
3erc_chainC,193,N,N,0.029349,N,0.019624
3erc_chainC,194,N,N,0.014258,N,0.010789
3erc_chainC,195,I,N,0.014624,N,0.011835
3erc_chainC,196,I,N,0.103852,N,0.030497
3erc_chainC,197,L,N,0.067784,N,0.028691
3erc_chainC,198,S,B,0.536765,N,0.108538
3erc_chainC,199,K,B,0.447766,N,0.119716
3erc_chainC,200,I,N,0.330672,N,0.066895
3erc_chainC,201,P,N,0.406775,N,0.077425
3erc_chainC,202,Y,N,0.18168,N,0.059879
3erc_chainC,203,L,N,0.142209,N,0.05098
3erc_chainC,204,R,N,0.308564,N,0.086197
3erc_chainC,205,N,N,0.069662,N,0.041871
3erc_chainC,206,Y,N,0.218232,N,0.0761
3erc_chainC,207,M,N,0.072469,N,0.039183
3erc_chainC,208,V,N,0.111349,N,0.058157
3erc_chainC,209,I,N,0.027096,N,0.020542
3erc_chainC,210,K,N,0.065031,N,0.071807
3erc_chainC,211,D,N,0.038781,N,0.067921
3erc_chainC,212,E,N,0.023344,N,0.275783
3erc_chainC,213,N,N,0.053665,N,0.293458
3erc_chainC,214,D,N,0.050414,N,0.097163
3erc_chainC,215,N,N,0.223591,B,0.492461
3erc_chainC,216,H,N,0.354709,N,0.301747
3erc_chainC,217,I,N,0.113278,N,0.361757
3erc_chainC,218,I,N,0.207994,N,0.123366
3erc_chainC,219,D,N,0.056899,N,0.084559
3erc_chainC,220,S,N,0.205316,N,0.329067
3erc_chainC,221,F,N,0.035109,N,0.222289
3erc_chainC,222,N,N,0.180963,B,0.826886
3erc_chainC,223,I,N,0.033752,B,0.606064
3erc_chainC,224,R,N,0.043866,B,0.756703
3erc_chainC,225,Q,N,0.057213,B,0.764787
3erc_chainC,226,D,N,0.011031,B,0.528079
3erc_chainC,227,T,N,0.041939,B,0.598147
3erc_chainC,228,M,N,0.048552,N,0.084685
3erc_chainC,229,N,N,0.037454,N,0.062341
3erc_chainC,230,V,N,0.020529,N,0.046615
3erc_chainC,231,V,N,0.023102,N,0.040569
3erc_chainC,232,P,N,0.035261,N,0.029377
3erc_chainC,233,K,N,0.024936,N,0.025166
3erc_chainC,234,I,N,0.02748,N,0.023999
3erc_chainC,235,F,N,0.029935,N,0.027149
3erc_chainC,236,I,N,0.019729,N,0.019289
3erc_chainC,237,D,N,0.028363,N,0.0348
3erc_chainC,238,N,N,0.024959,N,0.025309
3erc_chainC,239,I,N,0.075363,N,0.038028
3erc_chainC,240,Y,N,0.106583,N,0.062577
3erc_chainC,241,I,N,0.055479,N,0.033111
3erc_chainC,242,V,N,0.070822,N,0.048646
3erc_chainC,243,D,B,0.495768,N,0.195072
3erc_chainC,244,P,N,0.215537,N,0.111047
3erc_chainC,245,T,N,0.281302,N,0.126207
3erc_chainC,246,F,N,0.266619,N,0.133767
3erc_chainC,247,Q,N,0.199189,N,0.088742
3erc_chainC,248,L,N,0.0553,N,0.03897
3erc_chainC,249,L,N,0.351661,N,0.105523
3erc_chainC,250,N,N,0.25723,N,0.084202
3erc_chainC,251,M,N,0.278873,N,0.069545
3erc_chainC,252,I,N,0.191622,N,0.053554
3erc_chainC,253,K,N,0.061991,N,0.039193
3erc_chainC,254,M,N,0.079464,N,0.039197
3erc_chainC,255,F,N,0.147983,N,0.058535
3erc_chainC,256,S,N,0.024033,N,0.021707
3erc_chainC,257,Q,N,0.054182,N,0.065194
3erc_chainC,258,I,N,0.059957,N,0.036525
3erc_chainC,259,D,N,0.045634,N,0.039785
3erc_chainC,260,R,N,0.034828,N,0.155355
3erc_chainC,261,L,N,0.015145,N,0.01609
3erc_chainC,262,E,N,0.037287,N,0.031876
3erc_chainC,263,D,N,0.027745,N,0.026409
3erc_chainC,264,L,N,0.053476,N,0.05971
3erc_chainC,265,S,N,0.042776,N,0.029279
3erc_chainC,266,K,N,0.018782,N,0.01823
3erc_chainC,267,D,N,0.051112,N,0.037131
3erc_chainC,268,P,N,0.039667,N,0.120126
3erc_chainC,269,E,N,0.025719,N,0.018505
3erc_chainC,270,K,N,0.207608,N,0.100146
3erc_chainC,271,F,N,0.028218,N,0.021663
3erc_chainC,272,N,N,0.017432,N,0.012983
3erc_chainC,273,A,N,0.024429,N,0.018487
3erc_chainC,274,R,N,0.114266,N,0.068658
3erc_chainC,275,M,N,0.008418,N,0.008727
3erc_chainC,276,A,N,0.01611,N,0.012372
3erc_chainC,277,T,N,0.032878,N,0.023046
3erc_chainC,278,M,N,0.01629,N,0.009973
3erc_chainC,279,L,N,0.037789,N,0.023318
3erc_chainC,280,E,N,0.103093,N,0.054138
3erc_chainC,281,Y,N,0.044806,N,0.032268
3erc_chainC,282,V,N,0.040993,N,0.024653
3erc_chainC,283,R,N,0.058837,N,0.033354
3erc_chainC,284,Y,N,0.02927,N,0.020276
3erc_chainC,285,T,N,0.054843,N,0.050737
3erc_chainC,286,H,N,0.030247,N,0.027903
3erc_chainC,287,G,N,0.022703,N,0.026959
3erc_chainC,288,I,N,0.03783,N,0.040987
3erc_chainC,289,V,N,0.017992,N,0.019313
3erc_chainC,290,F,N,0.031612,N,0.030441
3erc_chainC,291,D,N,0.063712,N,0.049123
3erc_chainC,292,G,N,0.063343,N,0.036005
3erc_chainC,293,K,N,0.051682,N,0.033715
3erc_chainC,294,R,N,0.065517,N,0.040532
3erc_chainC,295,N,N,0.141771,N,0.058803
3erc_chainC,296,N,N,0.073957,N,0.047832
3erc_chainC,297,M,N,0.069191,N,0.036591
3erc_chainC,298,P,N,0.044098,N,0.027359
3erc_chainC,299,M,N,0.039228,N,0.033626
3erc_chainC,300,K,N,0.069647,N,0.042395
3erc_chainC,301,C,N,0.016064,N,0.016388
3erc_chainC,302,I,N,0.038324,N,0.030671
3erc_chainC,303,I,N,0.041702,N,0.029701
3erc_chainC,304,D,N,0.032746,N,0.021318
3erc_chainC,305,E,N,0.023621,N,0.0311
3erc_chainC,306,N,N,0.017056,N,0.017636
3erc_chainC,307,N,N,0.028169,N,0.138265
3erc_chainC,308,R,N,0.024922,N,0.044141
3erc_chainC,309,I,N,0.046537,N,0.262659
3erc_chainC,310,V,N,0.059114,N,0.201901
3erc_chainC,311,T,N,0.042806,N,0.051935
3erc_chainC,312,V,N,0.026966,N,0.021623
3erc_chainC,313,T,N,0.080949,N,0.044293
3erc_chainC,314,T,N,0.065581,N,0.039417
3erc_chainC,315,K,N,0.05066,N,0.053088
3erc_chainC,316,D,N,0.014246,N,0.012108
3erc_chainC,317,Y,N,0.028927,N,0.025988
3erc_chainC,318,F,N,0.052696,N,0.041733
3erc_chainC,319,S,N,0.018566,N,0.016811
3erc_chainC,320,F,N,0.03262,N,0.034164
3erc_chainC,321,K,N,0.039404,N,0.035332
3erc_chainC,322,K,N,0.042557,N,0.04575
3erc_chainC,323,C,N,0.019142,N,0.017953
3erc_chainC,324,L,N,0.014495,N,0.026439
3erc_chainC,325,V,N,0.029576,N,0.155948
3erc_chainC,326,Y,N,0.080522,N,0.340229
3erc_chainC,327,L,N,0.047443,N,0.279891
3erc_chainC,328,D,N,0.141854,N,0.12764
3erc_chainC,329,E,N,0.025828,N,0.037127
3erc_chainC,330,N,N,0.017707,N,0.019684
3erc_chainC,331,V,N,0.021129,N,0.02142
3erc_chainC,332,L,N,0.0347,N,0.033931
3erc_chainC,333,S,N,0.040761,N,0.025441
3erc_chainC,334,S,N,0.032439,N,0.022896
3erc_chainC,335,D,N,0.027825,N,0.024996
3erc_chainC,336,I,N,0.03256,N,0.025356
3erc_chainC,337,L,N,0.030693,N,0.029064
3erc_chainC,338,D,N,0.051159,N,0.042679
3erc_chainC,339,L,N,0.044992,N,0.021021
3erc_chainC,340,N,N,0.040721,N,0.034912
3erc_chainC,341,A,N,0.018909,N,0.018691
3erc_chainC,342,D,N,0.057203,N,0.057233
3erc_chainC,343,T,N,0.021311,N,0.021326
3erc_chainC,344,S,N,0.026595,N,0.024196
3erc_chainC,345,C,N,0.024101,N,0.018536
3erc_chainC,346,D,N,0.108079,N,0.065252
3erc_chainC,347,F,N,0.04322,N,0.047906
3erc_chainC,348,E,N,0.023145,N,0.032067
3erc_chainC,349,S,N,0.014585,N,0.009728
3erc_chainC,350,V,N,0.031984,N,0.02993
3erc_chainC,351,T,N,0.068579,N,0.054619
3erc_chainC,352,N,N,0.029337,N,0.024352
3erc_chainC,353,S,N,0.02037,N,0.022059
3erc_chainC,354,V,N,0.012875,N,0.017494
3erc_chainC,355,Y,N,0.033147,N,0.026624
3erc_chainC,356,L,N,0.020521,N,0.029544
3erc_chainC,357,I,N,0.022541,N,0.023653
3erc_chainC,358,H,N,0.023601,N,0.031857
3erc_chainC,359,D,N,0.027391,N,0.034004
3erc_chainC,360,N,N,0.086015,N,0.045305
3erc_chainC,361,I,N,0.034687,N,0.031174
3erc_chainC,362,M,N,0.152979,N,0.054444
3erc_chainC,363,Y,N,0.038344,N,0.036812
3erc_chainC,364,T,N,0.017474,N,0.017228
3erc_chainC,365,Y,N,0.037612,N,0.033865
3erc_chainC,366,F,N,0.031996,N,0.047044
3erc_chainC,367,S,N,0.066831,N,0.076206
3erc_chainC,368,N,N,0.068582,N,0.084268
3erc_chainC,369,T,N,0.045605,N,0.041959
3erc_chainC,370,I,N,0.099498,N,0.035957
3erc_chainC,371,L,N,0.220074,N,0.077739
3erc_chainC,372,L,N,0.161313,N,0.033116
3erc_chainC,373,S,N,0.189258,N,0.054831
3erc_chainC,374,D,N,0.069746,N,0.023367
3erc_chainC,375,K,N,0.020766,N,0.025174
3erc_chainC,376,G,N,0.015078,N,0.019728
3erc_chainC,377,K,N,0.064929,N,0.05383
3erc_chainC,378,V,N,0.065888,N,0.044
3erc_chainC,379,H,N,0.103735,N,0.088356
3erc_chainC,380,E,N,0.057441,N,0.058405
3erc_chainC,381,I,N,0.074667,N,0.065931
3erc_chainC,382,S,N,0.036613,N,0.047724
3erc_chainC,383,A,N,0.011682,N,0.016714
3erc_chainC,384,R,N,0.116717,B,0.422414
3erc_chainC,385,G,N,0.031524,N,0.045685
3erc_chainC,386,L,N,0.01812,N,0.016982
3erc_chainC,387,C,N,0.026039,N,0.020238
3erc_chainC,388,A,N,0.024058,N,0.089014
3erc_chainC,389,H,N,0.107091,B,0.419397
3erc_chainC,390,I,N,0.021268,N,0.021968
3erc_chainC,391,L,N,0.021584,N,0.027227
3erc_chainC,392,L,N,0.027342,N,0.026486
3erc_chainC,393,Y,N,0.027726,N,0.028219
3erc_chainC,394,Q,N,0.013494,N,0.01346
3erc_chainC,395,M,N,0.017694,N,0.015698
3erc_chainC,396,L,N,0.029958,N,0.023076
3erc_chainC,397,T,N,0.022639,N,0.019667
3erc_chainC,398,S,N,0.036807,N,0.031132
3erc_chainC,399,G,N,0.028393,N,0.022349
3erc_chainC,400,E,N,0.018183,N,0.01341
3erc_chainC,401,Y,N,0.026956,N,0.021207
3erc_chainC,402,K,N,0.019902,N,0.017653
3erc_chainC,403,Q,N,0.013997,N,0.045414
3erc_chainC,404,C,N,0.011367,N,0.010873
3erc_chainC,405,L,N,0.020468,N,0.016652
3erc_chainC,406,S,N,0.022158,N,0.074553
3erc_chainC,407,D,N,0.025747,N,0.108866
3erc_chainC,408,L,N,0.025883,N,0.019772
3erc_chainC,409,L,N,0.023188,N,0.107388
3erc_chainC,410,N,N,0.027683,N,0.186652
3erc_chainC,411,S,N,0.028892,N,0.043366
3erc_chainC,412,M,N,0.019404,N,0.082119
3erc_chainC,413,M,N,0.020839,N,0.024223
3erc_chainC,414,N,N,0.028543,N,0.030165
3erc_chainC,415,R,N,0.081802,N,0.053088
3erc_chainC,416,D,N,0.032141,N,0.024375
3erc_chainC,417,K,N,0.033278,N,0.038308
3erc_chainC,418,I,N,0.028247,N,0.022159
3erc_chainC,419,P,N,0.040697,N,0.02796
3erc_chainC,420,I,N,0.031512,N,0.024248
3erc_chainC,421,Y,N,0.053884,N,0.03401
3erc_chainC,422,S,N,0.02245,N,0.017839
3erc_chainC,423,H,N,0.036266,N,0.028157
3erc_chainC,424,T,N,0.050074,N,0.049219
3erc_chainC,425,E,N,0.033092,N,0.178711
3erc_chainC,426,R,N,0.134074,N,0.186042
3erc_chainC,427,D,N,0.104125,N,0.096239
3erc_chainC,428,K,N,0.106859,N,0.09348
3erc_chainC,429,K,N,0.078802,N,0.068913
3erc_chainC,430,P,N,0.053643,N,0.0373
3erc_chainC,431,G,N,0.054573,N,0.040133
3erc_chainC,432,R,N,0.057771,N,0.061073
3erc_chainC,433,H,N,0.077222,N,0.059105
3erc_chainC,434,G,N,0.019979,N,0.018277
3erc_chainC,435,F,N,0.03889,N,0.036843
3erc_chainC,436,I,N,0.033903,N,0.038508
3erc_chainC,437,N,N,0.029372,N,0.0287
3erc_chainC,438,I,N,0.025419,N,0.100598
3erc_chainC,439,E,N,0.024085,N,0.030945
3erc_chainC,440,K,N,0.010731,N,0.014074
3erc_chainC,441,D,N,0.020081,N,0.023105
3erc_chainC,442,I,N,0.00987,N,0.011649
3erc_chainC,443,I,N,0.009201,N,0.010699
3erc_chainC,444,V,N,0.011397,N,0.009042
3erc_chainC,445,F,N,0.034592,N,0.036292
