Prot.ID,NO,Residue,ATPseq Binding Sites,ATPseq Probability,ATPbind Binding Sites,ATPbind Probability
3gqk_chainA,1,D,N,0.016578,N,0.01407
3gqk_chainA,2,F,N,0.024669,N,0.021163
3gqk_chainA,3,A,N,0.032956,N,0.033621
3gqk_chainA,4,E,N,0.026982,N,0.033939
3gqk_chainA,5,Y,N,0.051931,N,0.102663
3gqk_chainA,6,F,N,0.045014,N,0.041001
3gqk_chainA,7,E,N,0.035966,N,0.039053
3gqk_chainA,8,S,N,0.034936,N,0.033682
3gqk_chainA,9,L,N,0.030921,N,0.035022
3gqk_chainA,10,G,N,0.018171,N,0.026487
3gqk_chainA,11,G,N,0.013622,N,0.048315
3gqk_chainA,12,Q,N,0.02111,N,0.057865
3gqk_chainA,13,V,N,0.020419,N,0.03198
3gqk_chainA,14,I,N,0.031196,N,0.043539
3gqk_chainA,15,E,N,0.087266,N,0.155949
3gqk_chainA,16,T,N,0.008788,N,0.018002
3gqk_chainA,17,G,N,0.059357,N,0.101513
3gqk_chainA,18,Y,N,0.009244,N,0.319579
3gqk_chainA,19,L,N,0.181386,B,0.612012
3gqk_chainA,20,V,N,0.018649,N,0.03968
3gqk_chainA,21,T,N,0.034044,N,0.038567
3gqk_chainA,22,L,N,0.013247,N,0.019484
3gqk_chainA,23,E,N,0.023068,N,0.037633
3gqk_chainA,24,K,N,0.017822,N,0.02759
3gqk_chainA,25,G,N,0.015128,N,0.02047
3gqk_chainA,26,K,N,0.03569,N,0.040461
3gqk_chainA,27,I,N,0.041588,N,0.057901
3gqk_chainA,28,R,N,0.06403,N,0.050861
3gqk_chainA,29,K,N,0.050337,N,0.036899
3gqk_chainA,30,A,N,0.041209,N,0.046164
3gqk_chainA,31,E,N,0.021547,N,0.024632
3gqk_chainA,32,K,N,0.014294,N,0.053708
3gqk_chainA,33,G,N,0.024798,N,0.02613
3gqk_chainA,34,E,N,0.029156,N,0.02977
3gqk_chainA,35,K,N,0.026328,N,0.036433
3gqk_chainA,36,I,N,0.058764,N,0.035086
3gqk_chainA,37,I,N,0.106334,N,0.071558
3gqk_chainA,38,G,N,0.07529,N,0.064871
3gqk_chainA,39,V,N,0.053149,N,0.197742
3gqk_chainA,40,I,N,0.018391,B,0.669413
3gqk_chainA,41,S,N,0.012351,N,0.034748
3gqk_chainA,42,E,N,0.015538,N,0.053964
3gqk_chainA,43,T,N,0.007856,N,0.022133
3gqk_chainA,44,A,N,0.01761,N,0.023895
3gqk_chainA,45,G,N,0.006001,N,0.010199
3gqk_chainA,46,F,N,0.013198,N,0.018027
3gqk_chainA,47,V,N,0.036222,N,0.037515
3gqk_chainA,48,L,N,0.025234,N,0.028654
3gqk_chainA,49,G,B,0.435483,N,0.092053
3gqk_chainA,50,E,N,0.111577,N,0.037591
3gqk_chainA,51,S,N,0.040799,N,0.025756
3gqk_chainA,52,S,N,0.02537,N,0.064733
3gqk_chainA,53,F,N,0.015488,N,0.083298
3gqk_chainA,54,E,N,0.036254,N,0.164499
3gqk_chainA,55,W,N,0.121094,B,0.67781
3gqk_chainA,56,Q,N,0.140109,B,0.72523
3gqk_chainA,57,G,N,0.023865,N,0.1062
3gqk_chainA,58,A,N,0.02996,N,0.151229
3gqk_chainA,59,V,N,0.035719,N,0.072879
3gqk_chainA,60,L,N,0.063808,N,0.101551
3gqk_chainA,61,K,N,0.056347,N,0.077574
3gqk_chainA,62,N,N,0.037797,N,0.061087
3gqk_chainA,63,E,N,0.053948,N,0.160175
3gqk_chainA,64,F,N,0.046218,N,0.118726
3gqk_chainA,65,G,N,0.069913,N,0.069343
3gqk_chainA,66,G,N,0.0785,N,0.192749
3gqk_chainA,67,I,N,0.067482,N,0.041186
3gqk_chainA,68,I,N,0.117839,N,0.23622
3gqk_chainA,69,Y,N,0.02521,N,0.036982
3gqk_chainA,70,E,N,0.050265,N,0.041898
3gqk_chainA,71,E,N,0.010876,N,0.010081
3gqk_chainA,72,V,N,0.032523,N,0.027435
3gqk_chainA,73,T,N,0.045699,N,0.057043
3gqk_chainA,74,T,N,0.022105,N,0.024694
3gqk_chainA,75,E,N,0.215444,N,0.107957
3gqk_chainA,76,D,N,0.115292,N,0.046641
3gqk_chainA,77,G,N,0.236005,N,0.057198
3gqk_chainA,78,V,N,0.020736,N,0.016095
3gqk_chainA,79,K,N,0.028623,N,0.02351
3gqk_chainA,80,F,N,0.032926,N,0.0289
3gqk_chainA,81,K,N,0.052099,N,0.031223
3gqk_chainA,82,R,N,0.069288,N,0.040705
3gqk_chainA,83,P,N,0.048584,N,0.040322
3gqk_chainA,84,L,N,0.056322,N,0.040095
3gqk_chainA,85,P,N,0.03151,N,0.025728
3gqk_chainA,86,N,N,0.029003,N,0.03097
3gqk_chainA,87,P,N,0.028396,N,0.022063
3gqk_chainA,88,D,N,0.100516,N,0.257902
3gqk_chainA,89,F,N,0.159143,N,0.36098
3gqk_chainA,90,D,N,0.244246,B,0.438453
3gqk_chainA,91,P,N,0.025498,N,0.032619
3gqk_chainA,92,N,N,0.040199,N,0.064841
3gqk_chainA,93,K,N,0.085288,B,0.575532
3gqk_chainA,94,N,N,0.143074,B,0.684618
3gqk_chainA,95,Y,N,0.187153,B,0.772736
3gqk_chainA,96,I,N,0.174875,B,0.775645
3gqk_chainA,97,P,N,0.033742,N,0.145816
3gqk_chainA,98,R,N,0.32202,B,0.909643
3gqk_chainA,99,S,N,0.031874,N,0.128767
3gqk_chainA,100,Q,N,0.038958,N,0.138519
3gqk_chainA,101,R,N,0.143724,B,0.570526
3gqk_chainA,102,R,N,0.014597,N,0.0218
3gqk_chainA,103,E,N,0.039865,N,0.048693
3gqk_chainA,104,W,B,0.514951,B,0.749131
3gqk_chainA,105,H,N,0.032175,N,0.027075
3gqk_chainA,106,V,N,0.02982,N,0.028266
3gqk_chainA,107,V,N,0.061387,N,0.045726
3gqk_chainA,108,G,N,0.044047,N,0.02765
3gqk_chainA,109,L,N,0.020463,N,0.019273
3gqk_chainA,110,L,N,0.028682,N,0.032234
3gqk_chainA,111,G,N,0.021629,N,0.030983
3gqk_chainA,112,Q,N,0.019518,N,0.145878
3gqk_chainA,113,I,N,0.010085,N,0.039425
3gqk_chainA,114,A,N,0.023495,B,0.731464
3gqk_chainA,115,V,N,0.017652,B,0.667096
3gqk_chainA,116,R,N,0.037223,B,0.853705
3gqk_chainA,117,I,N,0.079275,N,0.130066
3gqk_chainA,118,D,N,0.068949,N,0.142403
3gqk_chainA,119,E,N,0.038207,N,0.051853
3gqk_chainA,120,T,N,0.174332,N,0.068861
3gqk_chainA,121,V,N,0.13004,N,0.062728
3gqk_chainA,122,K,N,0.069442,N,0.049236
3gqk_chainA,123,Q,N,0.175272,N,0.069201
3gqk_chainA,124,G,N,0.131214,N,0.068053
3gqk_chainA,125,H,N,0.073153,N,0.057061
3gqk_chainA,126,S,N,0.028662,N,0.03506
3gqk_chainA,127,I,N,0.103491,N,0.071585
3gqk_chainA,128,D,N,0.049343,N,0.051309
3gqk_chainA,129,A,N,0.031556,N,0.05737
3gqk_chainA,130,V,N,0.048394,N,0.211303
3gqk_chainA,131,G,N,0.03421,N,0.176683
3gqk_chainA,132,G,N,0.376052,B,0.531644
3gqk_chainA,133,V,N,0.083924,N,0.317479
3gqk_chainA,134,A,N,0.33383,B,0.518442
3gqk_chainA,135,T,N,0.039306,N,0.144101
3gqk_chainA,136,D,N,0.182389,N,0.145426
3gqk_chainA,137,G,N,0.124766,N,0.155841
3gqk_chainA,138,D,N,0.02617,N,0.023325
3gqk_chainA,139,N,N,0.135325,N,0.061697
3gqk_chainA,140,F,N,0.018447,N,0.020975
3gqk_chainA,141,I,N,0.213291,N,0.094955
3gqk_chainA,142,V,N,0.041667,N,0.042356
3gqk_chainA,143,Q,N,0.070152,N,0.187737
3gqk_chainA,144,E,N,0.030929,N,0.105401
3gqk_chainA,145,I,N,0.071616,N,0.078664
3gqk_chainA,146,T,N,0.050808,N,0.199318
3gqk_chainA,147,T,N,0.012568,N,0.018218
3gqk_chainA,148,P,N,0.019008,N,0.026239
3gqk_chainA,149,Y,N,0.055871,N,0.050993
3gqk_chainA,150,T,N,0.029638,N,0.021586
3gqk_chainA,151,K,N,0.034997,N,0.036437
3gqk_chainA,152,E,N,0.039565,N,0.028664
3gqk_chainA,153,K,N,0.036305,N,0.029929
3gqk_chainA,154,G,N,0.067342,N,0.048335
3gqk_chainA,155,Y,N,0.040058,N,0.032459
3gqk_chainA,156,G,N,0.084908,N,0.041505
3gqk_chainA,157,V,N,0.037066,N,0.024197
3gqk_chainA,158,A,N,0.017061,N,0.014568
3gqk_chainA,159,I,N,0.020177,N,0.014982
3gqk_chainA,160,V,N,0.012316,N,0.011026
3gqk_chainA,161,L,N,0.013931,N,0.011287
3gqk_chainA,162,V,N,0.026055,N,0.026386
3gqk_chainA,163,K,N,0.018643,N,0.016501
