Prot.ID,NO,Residue,ATPseq Binding Sites,ATPseq Probability,ATPbind Binding Sites,ATPbind Probability
3jqm_chainB,1,R,N,0.019935,N,0.026363
3jqm_chainB,2,P,N,0.031997,N,0.043905
3jqm_chainB,3,R,N,0.051487,N,0.051887
3jqm_chainB,4,M,N,0.343198,N,0.222742
3jqm_chainB,5,V,N,0.330378,N,0.201863
3jqm_chainB,6,D,N,0.325491,N,0.188407
3jqm_chainB,7,V,B,0.491717,N,0.266862
3jqm_chainB,8,T,N,0.150609,N,0.091558
3jqm_chainB,9,E,N,0.046922,N,0.029247
3jqm_chainB,10,K,N,0.0805,N,0.056351
3jqm_chainB,11,P,N,0.024265,N,0.018328
3jqm_chainB,12,E,N,0.039385,N,0.027345
3jqm_chainB,13,T,N,0.111059,N,0.051234
3jqm_chainB,14,F,N,0.045015,N,0.032466
3jqm_chainB,15,R,N,0.119389,N,0.090483
3jqm_chainB,16,T,N,0.05471,N,0.046812
3jqm_chainB,17,A,N,0.033669,N,0.0398
3jqm_chainB,18,T,N,0.036332,N,0.045696
3jqm_chainB,19,A,N,0.055732,N,0.061202
3jqm_chainB,20,E,N,0.028795,N,0.252807
3jqm_chainB,21,A,N,0.046423,N,0.194047
3jqm_chainB,22,F,N,0.026318,B,0.391754
3jqm_chainB,23,V,N,0.042254,N,0.266471
3jqm_chainB,24,E,N,0.038443,N,0.348512
3jqm_chainB,25,L,N,0.035185,N,0.067384
3jqm_chainB,26,T,N,0.027202,N,0.05033
3jqm_chainB,27,E,N,0.012952,N,0.023512
3jqm_chainB,28,E,N,0.022496,N,0.038278
3jqm_chainB,29,A,N,0.034978,N,0.076005
3jqm_chainB,30,L,N,0.020297,N,0.025554
3jqm_chainB,31,S,N,0.025441,N,0.038177
3jqm_chainB,32,A,N,0.024465,N,0.072043
3jqm_chainB,33,L,N,0.036599,N,0.085804
3jqm_chainB,34,E,N,0.039592,N,0.054273
3jqm_chainB,35,K,N,0.028922,N,0.034663
3jqm_chainB,36,G,N,0.062914,N,0.097382
3jqm_chainB,37,G,N,0.078569,N,0.076255
3jqm_chainB,38,V,N,0.075122,N,0.05082
3jqm_chainB,39,G,N,0.110627,N,0.073801
3jqm_chainB,40,K,B,0.504587,N,0.207634
3jqm_chainB,41,G,N,0.312757,N,0.131137
3jqm_chainB,42,D,B,0.478687,N,0.195035
3jqm_chainB,43,P,N,0.229374,N,0.122156
3jqm_chainB,44,L,N,0.41358,N,0.144641
3jqm_chainB,45,V,N,0.113683,N,0.052635
3jqm_chainB,46,V,N,0.076802,N,0.048816
3jqm_chainB,47,A,N,0.070245,N,0.054733
3jqm_chainB,48,Q,N,0.068266,N,0.051284
3jqm_chainB,49,L,N,0.023494,N,0.015697
3jqm_chainB,50,A,N,0.030873,N,0.022046
3jqm_chainB,51,G,N,0.088835,N,0.04108
3jqm_chainB,52,I,N,0.086598,N,0.03963
3jqm_chainB,53,L,N,0.053968,N,0.033774
3jqm_chainB,54,A,N,0.04449,N,0.024323
3jqm_chainB,55,A,N,0.059635,N,0.028553
3jqm_chainB,56,K,N,0.058012,N,0.037722
3jqm_chainB,57,K,N,0.039702,N,0.024788
3jqm_chainB,58,T,N,0.018624,N,0.014087
3jqm_chainB,59,A,N,0.007071,N,0.010481
3jqm_chainB,60,D,N,0.033664,N,0.028756
3jqm_chainB,61,L,N,0.039205,N,0.033004
3jqm_chainB,62,I,N,0.041672,N,0.058004
3jqm_chainB,63,P,N,0.09725,N,0.081043
3jqm_chainB,64,L,N,0.048438,N,0.11078
3jqm_chainB,65,C,N,0.071103,N,0.079622
3jqm_chainB,66,H,N,0.1165,N,0.135193
3jqm_chainB,67,P,N,0.075781,N,0.065258
3jqm_chainB,68,L,N,0.083576,N,0.054319
3jqm_chainB,69,P,N,0.033637,N,0.03712
3jqm_chainB,70,L,N,0.03239,N,0.043785
3jqm_chainB,71,T,N,0.037761,N,0.070469
3jqm_chainB,72,G,N,0.072473,B,0.403519
3jqm_chainB,73,V,N,0.075718,B,0.405385
3jqm_chainB,74,E,N,0.081787,B,0.494729
3jqm_chainB,75,V,N,0.035534,N,0.044485
3jqm_chainB,76,R,N,0.067528,N,0.097659
3jqm_chainB,77,V,N,0.021078,N,0.027937
3jqm_chainB,78,E,N,0.091995,N,0.123963
3jqm_chainB,79,L,N,0.026507,N,0.023084
3jqm_chainB,80,L,N,0.045943,N,0.06469
3jqm_chainB,81,K,N,0.031356,N,0.03623
3jqm_chainB,82,A,N,0.019892,N,0.032233
3jqm_chainB,83,E,N,0.048028,N,0.117307
3jqm_chainB,84,K,N,0.015895,N,0.024526
3jqm_chainB,85,R,N,0.054988,N,0.092009
3jqm_chainB,86,V,N,0.027907,N,0.066829
3jqm_chainB,87,R,N,0.047633,N,0.158463
3jqm_chainB,88,I,N,0.024745,N,0.027088
3jqm_chainB,89,E,N,0.053968,N,0.063408
3jqm_chainB,90,A,N,0.058982,N,0.057127
3jqm_chainB,91,T,N,0.045472,B,0.386373
3jqm_chainB,92,V,N,0.0309,N,0.287631
3jqm_chainB,93,K,N,0.081804,B,0.537051
3jqm_chainB,94,T,N,0.046601,N,0.07515
3jqm_chainB,95,K,N,0.033303,N,0.055585
3jqm_chainB,96,A,N,0.029395,N,0.039887
3jqm_chainB,97,E,N,0.075924,N,0.068573
3jqm_chainB,98,T,N,0.148695,N,0.090227
3jqm_chainB,99,G,B,0.611027,N,0.374921
3jqm_chainB,100,V,B,0.619398,N,0.19951
3jqm_chainB,101,E,N,0.368702,N,0.128801
3jqm_chainB,102,M,N,0.20738,N,0.083123
3jqm_chainB,103,E,N,0.32832,N,0.122712
3jqm_chainB,104,A,N,0.179532,N,0.077797
3jqm_chainB,105,M,N,0.067704,N,0.030282
3jqm_chainB,106,T,N,0.024399,N,0.017169
3jqm_chainB,107,A,N,0.0303,N,0.015663
3jqm_chainB,108,C,N,0.023203,N,0.015673
3jqm_chainB,109,A,N,0.014392,N,0.011769
3jqm_chainB,110,V,N,0.030063,N,0.016773
3jqm_chainB,111,A,N,0.026306,N,0.020581
3jqm_chainB,112,A,N,0.014771,N,0.014031
3jqm_chainB,113,L,N,0.054852,N,0.035824
3jqm_chainB,114,T,N,0.029964,N,0.019002
3jqm_chainB,115,V,N,0.028822,N,0.019554
3jqm_chainB,116,Y,N,0.07425,N,0.039969
3jqm_chainB,117,D,N,0.154242,N,0.051707
3jqm_chainB,118,M,N,0.061716,N,0.033023
3jqm_chainB,119,L,N,0.031807,N,0.023107
3jqm_chainB,120,K,N,0.062567,N,0.03897
3jqm_chainB,121,A,N,0.065867,N,0.037975
3jqm_chainB,122,A,N,0.033009,N,0.025603
3jqm_chainB,123,S,N,0.029055,N,0.026863
3jqm_chainB,124,K,N,0.045091,N,0.037912
3jqm_chainB,125,G,N,0.025243,N,0.034092
3jqm_chainB,126,L,N,0.040621,N,0.063701
3jqm_chainB,127,V,N,0.053477,N,0.062147
3jqm_chainB,128,I,N,0.176883,N,0.231011
3jqm_chainB,129,S,N,0.155452,B,0.516556
3jqm_chainB,130,Q,N,0.032299,N,0.078806
3jqm_chainB,131,V,N,0.106251,B,0.500017
3jqm_chainB,132,R,N,0.051411,N,0.149003
3jqm_chainB,133,L,N,0.184778,N,0.193058
3jqm_chainB,134,L,N,0.193619,N,0.329854
3jqm_chainB,135,H,N,0.373978,N,0.148878
3jqm_chainB,136,K,B,0.443751,N,0.242099
3jqm_chainB,137,A,N,0.133278,N,0.075081
3jqm_chainB,138,G,N,0.329738,N,0.173237
3jqm_chainB,139,G,N,0.251588,N,0.136016
3jqm_chainB,140,K,N,0.290309,N,0.15216
3jqm_chainB,141,S,N,0.238179,N,0.108764
3jqm_chainB,142,G,N,0.168692,N,0.091133
3jqm_chainB,143,E,N,0.056761,N,0.044988
3jqm_chainB,144,W,N,0.040065,N,0.031554
3jqm_chainB,145,R,N,0.02899,N,0.024523
3jqm_chainB,146,R,N,0.031137,N,0.026926
