Prot.ID,NO,Residue,ATPseq Binding Sites,ATPseq Probability,ATPbind Binding Sites,ATPbind Probability
3ruv_chainD,1,Q,N,0.020058,N,0.023752
3ruv_chainD,2,P,N,0.01942,N,0.029003
3ruv_chainD,3,G,N,0.024485,N,0.029309
3ruv_chainD,4,V,N,0.062774,N,0.05318
3ruv_chainD,5,L,N,0.070707,N,0.069847
3ruv_chainD,6,P,N,0.056113,N,0.036078
3ruv_chainD,7,E,N,0.04205,N,0.035106
3ruv_chainD,8,N,N,0.049935,N,0.032835
3ruv_chainD,9,M,N,0.023246,N,0.019592
3ruv_chainD,10,K,N,0.061237,N,0.044046
3ruv_chainD,11,R,N,0.060736,N,0.050879
3ruv_chainD,12,Y,N,0.036381,N,0.021981
3ruv_chainD,13,M,N,0.041984,N,0.03791
3ruv_chainD,14,G,N,0.032677,N,0.028232
3ruv_chainD,15,R,N,0.046771,N,0.056374
3ruv_chainD,16,D,N,0.028587,N,0.027269
3ruv_chainD,17,A,N,0.035045,N,0.021899
3ruv_chainD,18,Q,N,0.0476,N,0.025744
3ruv_chainD,19,R,N,0.020294,N,0.01396
3ruv_chainD,20,M,N,0.030411,N,0.021577
3ruv_chainD,21,N,N,0.033625,N,0.020337
3ruv_chainD,22,I,N,0.021693,N,0.011816
3ruv_chainD,23,L,N,0.0187,N,0.016263
3ruv_chainD,24,A,N,0.019126,N,0.014856
3ruv_chainD,25,G,N,0.042918,N,0.027283
3ruv_chainD,26,R,N,0.053081,N,0.034682
3ruv_chainD,27,I,N,0.013884,N,0.014787
3ruv_chainD,28,I,N,0.027978,N,0.02366
3ruv_chainD,29,A,N,0.035558,N,0.029082
3ruv_chainD,30,E,N,0.043412,N,0.031584
3ruv_chainD,31,T,N,0.061216,N,0.037575
3ruv_chainD,32,V,N,0.032656,N,0.027627
3ruv_chainD,33,R,N,0.045274,N,0.04267
3ruv_chainD,34,S,N,0.067744,N,0.061844
3ruv_chainD,35,T,N,0.340603,B,0.449025
3ruv_chainD,36,L,B,0.752131,B,0.785329
3ruv_chainD,37,G,B,0.831571,B,0.842406
3ruv_chainD,38,P,B,0.831331,B,0.844631
3ruv_chainD,39,K,N,0.071912,N,0.087443
3ruv_chainD,40,G,N,0.131202,N,0.083317
3ruv_chainD,41,M,N,0.081855,N,0.060063
3ruv_chainD,42,D,N,0.068798,N,0.05179
3ruv_chainD,43,K,N,0.171994,N,0.076919
3ruv_chainD,44,M,N,0.065037,N,0.047632
3ruv_chainD,45,L,N,0.102146,N,0.071279
3ruv_chainD,46,V,N,0.029263,N,0.025784
3ruv_chainD,47,D,N,0.02823,N,0.027594
3ruv_chainD,48,D,N,0.023929,N,0.016134
3ruv_chainD,49,L,N,0.052872,N,0.046006
3ruv_chainD,50,G,N,0.030506,N,0.022612
3ruv_chainD,51,D,N,0.027631,N,0.023918
3ruv_chainD,52,V,N,0.037106,N,0.026514
3ruv_chainD,53,V,N,0.029772,N,0.030397
3ruv_chainD,54,V,N,0.049536,N,0.041758
3ruv_chainD,55,T,N,0.06631,N,0.055781
3ruv_chainD,56,N,N,0.046865,N,0.052627
3ruv_chainD,57,D,N,0.071725,N,0.075764
3ruv_chainD,58,G,N,0.27527,B,0.502727
3ruv_chainD,59,V,N,0.021197,N,0.034509
3ruv_chainD,60,T,N,0.031556,N,0.031677
3ruv_chainD,61,I,N,0.042689,N,0.028866
3ruv_chainD,62,L,N,0.021718,N,0.023701
3ruv_chainD,63,R,N,0.019782,N,0.023923
3ruv_chainD,64,E,N,0.01814,N,0.019917
3ruv_chainD,65,M,N,0.02983,N,0.024267
3ruv_chainD,66,S,N,0.012273,N,0.016977
3ruv_chainD,67,V,N,0.012963,N,0.012065
3ruv_chainD,68,E,N,0.029601,N,0.0241
3ruv_chainD,69,H,N,0.03811,N,0.033189
3ruv_chainD,70,P,N,0.05565,N,0.032257
3ruv_chainD,71,A,N,0.032607,N,0.02511
3ruv_chainD,72,A,N,0.023882,N,0.017571
3ruv_chainD,73,K,N,0.03068,N,0.023886
3ruv_chainD,74,M,N,0.013226,N,0.008581
3ruv_chainD,75,L,N,0.036634,N,0.024797
3ruv_chainD,76,I,N,0.035185,N,0.026118
3ruv_chainD,77,E,N,0.022097,N,0.01766
3ruv_chainD,78,V,N,0.014654,N,0.011165
3ruv_chainD,79,A,N,0.029895,N,0.020293
3ruv_chainD,80,K,N,0.027498,N,0.021764
3ruv_chainD,81,T,N,0.048524,N,0.039409
3ruv_chainD,82,Q,N,0.037234,N,0.029524
3ruv_chainD,83,E,N,0.034928,N,0.030238
3ruv_chainD,84,K,N,0.045094,N,0.039956
3ruv_chainD,85,E,N,0.053496,N,0.041646
3ruv_chainD,86,V,N,0.106936,N,0.047934
3ruv_chainD,87,G,N,0.296559,N,0.171035
3ruv_chainD,88,D,B,0.894901,B,0.898613
3ruv_chainD,89,G,B,0.904702,B,0.925791
3ruv_chainD,90,T,B,0.892086,B,0.902166
3ruv_chainD,91,T,B,0.917586,B,0.908844
3ruv_chainD,92,T,B,0.893077,B,0.863279
3ruv_chainD,93,A,N,0.074861,N,0.064293
3ruv_chainD,94,V,N,0.040505,N,0.029069
3ruv_chainD,95,V,N,0.044984,N,0.031145
3ruv_chainD,96,V,N,0.037096,N,0.02598
3ruv_chainD,97,A,N,0.017532,N,0.019478
3ruv_chainD,98,G,N,0.010205,N,0.0151
3ruv_chainD,99,E,N,0.0186,N,0.018727
3ruv_chainD,100,L,N,0.011649,N,0.016032
3ruv_chainD,101,L,N,0.018925,N,0.016479
3ruv_chainD,102,R,N,0.028961,N,0.034027
3ruv_chainD,103,K,N,0.030406,N,0.026969
3ruv_chainD,104,A,N,0.01319,N,0.011654
3ruv_chainD,105,E,N,0.011964,N,0.010734
3ruv_chainD,106,E,N,0.035053,N,0.028489
3ruv_chainD,107,L,N,0.022114,N,0.022563
3ruv_chainD,108,L,N,0.039276,N,0.02828
3ruv_chainD,109,D,N,0.031086,N,0.025982
3ruv_chainD,110,Q,N,0.075618,N,0.054136
3ruv_chainD,111,N,N,0.072492,N,0.046989
3ruv_chainD,112,V,N,0.032802,N,0.023916
3ruv_chainD,113,H,N,0.020592,N,0.014709
3ruv_chainD,114,P,N,0.038076,N,0.02713
3ruv_chainD,115,T,N,0.027457,N,0.020602
3ruv_chainD,116,I,N,0.013154,N,0.015912
3ruv_chainD,117,V,N,0.035901,N,0.030295
3ruv_chainD,118,V,N,0.033384,N,0.023805
3ruv_chainD,119,K,N,0.021919,N,0.020588
3ruv_chainD,120,G,N,0.048612,N,0.036879
3ruv_chainD,121,Y,N,0.047296,N,0.036574
3ruv_chainD,122,Q,N,0.027808,N,0.018036
3ruv_chainD,123,A,N,0.035162,N,0.02035
3ruv_chainD,124,A,N,0.023128,N,0.01563
3ruv_chainD,125,A,N,0.022402,N,0.012214
3ruv_chainD,126,Q,N,0.012546,N,0.008284
3ruv_chainD,127,K,N,0.019273,N,0.015295
3ruv_chainD,128,A,N,0.016931,N,0.013354
3ruv_chainD,129,Q,N,0.027236,N,0.017408
3ruv_chainD,130,E,N,0.021281,N,0.016716
3ruv_chainD,131,L,N,0.013193,N,0.011351
3ruv_chainD,132,L,N,0.038655,N,0.028379
3ruv_chainD,133,K,N,0.042227,N,0.029156
3ruv_chainD,134,T,N,0.044941,N,0.036131
3ruv_chainD,135,I,N,0.032467,N,0.023459
3ruv_chainD,136,A,N,0.060364,N,0.042139
3ruv_chainD,137,C,N,0.060138,N,0.043172
3ruv_chainD,138,E,N,0.100798,N,0.069409
3ruv_chainD,139,V,N,0.034843,N,0.027716
3ruv_chainD,140,G,N,0.027362,N,0.028658
3ruv_chainD,141,A,N,0.013468,N,0.012438
3ruv_chainD,142,Q,N,0.033549,N,0.023557
3ruv_chainD,143,D,N,0.020374,N,0.015564
3ruv_chainD,144,K,N,0.04611,N,0.02111
3ruv_chainD,145,E,N,0.014946,N,0.010245
3ruv_chainD,146,I,N,0.006326,N,0.005087
3ruv_chainD,147,L,N,0.045976,N,0.027283
3ruv_chainD,148,T,N,0.018086,N,0.01583
3ruv_chainD,149,K,N,0.03903,N,0.035755
3ruv_chainD,150,I,N,0.04114,N,0.029871
3ruv_chainD,151,A,N,0.049991,N,0.030067
3ruv_chainD,152,M,N,0.031351,N,0.021352
3ruv_chainD,153,T,N,0.058502,N,0.035239
3ruv_chainD,154,S,N,0.071111,N,0.044682
3ruv_chainD,155,I,N,0.016657,N,0.014343
3ruv_chainD,156,T,N,0.017362,N,0.01387
3ruv_chainD,157,G,N,0.043809,N,0.02749
3ruv_chainD,158,K,N,0.018567,N,0.018334
3ruv_chainD,159,G,N,0.008131,N,0.008487
3ruv_chainD,160,A,N,0.031367,N,0.021792
3ruv_chainD,161,E,N,0.023046,N,0.020941
3ruv_chainD,162,K,N,0.015635,N,0.014874
3ruv_chainD,163,A,N,0.011851,N,0.010787
3ruv_chainD,164,K,N,0.045928,N,0.033481
3ruv_chainD,165,E,N,0.027038,N,0.020978
3ruv_chainD,166,K,N,0.01615,N,0.014324
3ruv_chainD,167,L,N,0.017844,N,0.013862
3ruv_chainD,168,A,N,0.04593,N,0.031099
3ruv_chainD,169,E,N,0.062194,N,0.055738
3ruv_chainD,170,I,N,0.042881,N,0.031333
3ruv_chainD,171,I,N,0.029007,N,0.023412
3ruv_chainD,172,V,N,0.017463,N,0.011717
3ruv_chainD,173,E,N,0.073591,N,0.042748
3ruv_chainD,174,A,N,0.069046,N,0.036248
3ruv_chainD,175,V,N,0.018266,N,0.01428
3ruv_chainD,176,S,N,0.022402,N,0.018282
3ruv_chainD,177,A,N,0.031293,N,0.018843
3ruv_chainD,178,V,N,0.04178,N,0.027289
3ruv_chainD,179,V,N,0.013904,N,0.012486
3ruv_chainD,180,D,N,0.026275,N,0.030324
3ruv_chainD,181,D,N,0.020868,N,0.023531
3ruv_chainD,182,E,N,0.025144,N,0.020662
3ruv_chainD,183,G,N,0.071702,N,0.050657
3ruv_chainD,184,K,N,0.046914,N,0.028777
3ruv_chainD,185,V,N,0.065505,N,0.03581
3ruv_chainD,186,D,N,0.036998,N,0.022657
3ruv_chainD,187,K,N,0.060027,N,0.032779
3ruv_chainD,188,D,N,0.051152,N,0.029147
3ruv_chainD,189,L,N,0.022714,N,0.017471
3ruv_chainD,190,I,N,0.076175,N,0.047932
3ruv_chainD,191,K,N,0.038601,N,0.030484
3ruv_chainD,192,I,N,0.03783,N,0.024247
3ruv_chainD,193,E,N,0.040275,N,0.030928
3ruv_chainD,194,K,N,0.09141,N,0.055002
3ruv_chainD,195,K,N,0.04537,N,0.023383
3ruv_chainD,196,S,N,0.06693,N,0.04149
3ruv_chainD,197,G,N,0.056403,N,0.040267
3ruv_chainD,198,A,N,0.046651,N,0.028357
3ruv_chainD,199,S,N,0.052133,N,0.034826
3ruv_chainD,200,I,N,0.030342,N,0.014525
3ruv_chainD,201,D,N,0.013637,N,0.012477
3ruv_chainD,202,D,N,0.020285,N,0.016614
3ruv_chainD,203,T,N,0.05866,N,0.032346
3ruv_chainD,204,E,N,0.037057,N,0.022803
3ruv_chainD,205,L,N,0.027393,N,0.018459
3ruv_chainD,206,I,N,0.030654,N,0.028353
3ruv_chainD,207,K,N,0.0159,N,0.015717
3ruv_chainD,208,G,N,0.0329,N,0.029136
3ruv_chainD,209,V,N,0.043795,N,0.034284
3ruv_chainD,210,L,N,0.031374,N,0.019869
3ruv_chainD,211,V,N,0.061623,N,0.043531
3ruv_chainD,212,D,N,0.057326,N,0.038288
3ruv_chainD,213,K,N,0.040132,N,0.029479
3ruv_chainD,214,E,N,0.037964,N,0.029119
3ruv_chainD,215,R,N,0.041167,N,0.030967
3ruv_chainD,216,V,N,0.043166,N,0.031017
3ruv_chainD,217,S,N,0.046403,N,0.031778
3ruv_chainD,218,A,N,0.0564,N,0.044832
3ruv_chainD,219,Q,N,0.04041,N,0.046286
3ruv_chainD,220,M,N,0.070566,N,0.065282
3ruv_chainD,221,P,N,0.043523,N,0.037896
3ruv_chainD,222,K,N,0.054641,N,0.04551
3ruv_chainD,223,K,N,0.045744,N,0.03539
3ruv_chainD,224,V,N,0.049948,N,0.031973
3ruv_chainD,225,T,N,0.046967,N,0.040949
3ruv_chainD,226,D,N,0.042702,N,0.033341
3ruv_chainD,227,A,N,0.025002,N,0.019917
3ruv_chainD,228,K,N,0.046924,N,0.051231
3ruv_chainD,229,I,N,0.025592,N,0.023209
3ruv_chainD,230,A,N,0.034963,N,0.027641
3ruv_chainD,231,L,N,0.03425,N,0.027701
3ruv_chainD,232,L,N,0.040048,N,0.02936
3ruv_chainD,233,N,N,0.025982,N,0.019697
3ruv_chainD,234,C,N,0.017182,N,0.01306
3ruv_chainD,235,A,N,0.016969,N,0.017986
3ruv_chainD,236,I,N,0.035425,N,0.030041
3ruv_chainD,237,E,N,0.038319,N,0.025738
3ruv_chainD,238,I,N,0.025664,N,0.01647
3ruv_chainD,239,K,N,0.037131,N,0.029723
3ruv_chainD,240,E,N,0.077249,N,0.070015
3ruv_chainD,241,T,N,0.02433,N,0.014989
3ruv_chainD,242,E,N,0.158649,N,0.093407
3ruv_chainD,243,T,N,0.07375,N,0.048376
3ruv_chainD,244,D,N,0.107978,N,0.085383
3ruv_chainD,245,A,N,0.037517,N,0.030945
3ruv_chainD,246,E,N,0.060993,N,0.053848
3ruv_chainD,247,I,N,0.023464,N,0.019166
3ruv_chainD,248,R,N,0.025711,N,0.0224
3ruv_chainD,249,I,N,0.020293,N,0.01713
3ruv_chainD,250,T,N,0.016092,N,0.020308
3ruv_chainD,251,D,N,0.015048,N,0.017252
3ruv_chainD,252,P,N,0.033403,N,0.023724
3ruv_chainD,253,A,N,0.021435,N,0.017819
3ruv_chainD,254,K,N,0.017375,N,0.013453
3ruv_chainD,255,L,N,0.013387,N,0.013802
3ruv_chainD,256,M,N,0.025816,N,0.020826
3ruv_chainD,257,E,N,0.019942,N,0.018304
3ruv_chainD,258,F,N,0.023067,N,0.0211
3ruv_chainD,259,I,N,0.020296,N,0.02201
3ruv_chainD,260,E,N,0.017059,N,0.015244
3ruv_chainD,261,Q,N,0.022914,N,0.018095
3ruv_chainD,262,E,N,0.026806,N,0.022707
3ruv_chainD,263,E,N,0.032953,N,0.020609
3ruv_chainD,264,K,N,0.029425,N,0.017934
3ruv_chainD,265,M,N,0.026226,N,0.024361
3ruv_chainD,266,L,N,0.020323,N,0.016106
3ruv_chainD,267,K,N,0.019992,N,0.013661
3ruv_chainD,268,D,N,0.033408,N,0.025988
3ruv_chainD,269,M,N,0.036353,N,0.035439
3ruv_chainD,270,V,N,0.027207,N,0.021677
3ruv_chainD,271,A,N,0.042249,N,0.027152
3ruv_chainD,272,E,N,0.040735,N,0.029693
3ruv_chainD,273,I,N,0.025558,N,0.023051
3ruv_chainD,274,K,N,0.031474,N,0.02343
3ruv_chainD,275,A,N,0.024486,N,0.018041
3ruv_chainD,276,S,N,0.048874,N,0.032765
3ruv_chainD,277,G,N,0.026484,N,0.023354
3ruv_chainD,278,A,N,0.021278,N,0.018068
3ruv_chainD,279,N,N,0.014672,N,0.015996
3ruv_chainD,280,V,N,0.030987,N,0.028094
3ruv_chainD,281,L,N,0.03432,N,0.028653
3ruv_chainD,282,F,N,0.047534,N,0.041556
3ruv_chainD,283,C,N,0.041596,N,0.037537
3ruv_chainD,284,Q,N,0.067235,N,0.054416
3ruv_chainD,285,K,N,0.040095,N,0.029869
3ruv_chainD,286,G,N,0.053196,N,0.037798
3ruv_chainD,287,I,N,0.087276,N,0.05026
3ruv_chainD,288,D,N,0.056964,N,0.031796
3ruv_chainD,289,D,N,0.036665,N,0.022703
3ruv_chainD,290,L,N,0.056675,N,0.032195
3ruv_chainD,291,A,N,0.042978,N,0.032708
3ruv_chainD,292,Q,N,0.026215,N,0.023885
3ruv_chainD,293,H,N,0.03147,N,0.024694
3ruv_chainD,294,Y,N,0.011602,N,0.011533
3ruv_chainD,295,L,N,0.034742,N,0.026183
3ruv_chainD,296,A,N,0.026425,N,0.021783
3ruv_chainD,297,K,N,0.067332,N,0.057647
3ruv_chainD,298,E,N,0.013808,N,0.011789
3ruv_chainD,299,G,N,0.019812,N,0.022638
3ruv_chainD,300,I,N,0.013756,N,0.014313
3ruv_chainD,301,V,N,0.025525,N,0.02192
3ruv_chainD,302,A,N,0.023782,N,0.018585
3ruv_chainD,303,A,N,0.045676,N,0.024581
3ruv_chainD,304,R,N,0.084598,N,0.043394
3ruv_chainD,305,R,N,0.055213,N,0.035285
3ruv_chainD,306,V,N,0.014538,N,0.01154
3ruv_chainD,307,K,N,0.010344,N,0.011246
3ruv_chainD,308,K,N,0.055013,N,0.030525
3ruv_chainD,309,S,N,0.014805,N,0.013972
3ruv_chainD,310,D,N,0.030993,N,0.020271
3ruv_chainD,311,M,N,0.051036,N,0.031174
3ruv_chainD,312,E,N,0.031152,N,0.032287
3ruv_chainD,313,K,N,0.035895,N,0.02698
3ruv_chainD,314,L,N,0.041175,N,0.026491
3ruv_chainD,315,A,N,0.037748,N,0.026206
3ruv_chainD,316,K,N,0.019609,N,0.014926
3ruv_chainD,317,A,N,0.033872,N,0.017799
3ruv_chainD,318,T,N,0.016483,N,0.017126
3ruv_chainD,319,G,N,0.026142,N,0.02259
3ruv_chainD,320,A,N,0.013361,N,0.012484
3ruv_chainD,321,N,N,0.011868,N,0.016516
3ruv_chainD,322,V,N,0.023267,N,0.023514
3ruv_chainD,323,I,N,0.019131,N,0.017914
3ruv_chainD,324,A,N,0.017374,N,0.019659
3ruv_chainD,325,A,N,0.036689,N,0.039977
3ruv_chainD,326,I,N,0.024783,N,0.023068
3ruv_chainD,327,A,N,0.014355,N,0.017785
3ruv_chainD,328,A,N,0.023916,N,0.020312
3ruv_chainD,329,L,N,0.02153,N,0.01532
3ruv_chainD,330,S,N,0.031212,N,0.022789
3ruv_chainD,331,A,N,0.033892,N,0.025483
3ruv_chainD,332,Q,N,0.039912,N,0.03166
3ruv_chainD,333,D,N,0.021849,N,0.024397
3ruv_chainD,334,L,N,0.068152,N,0.056189
3ruv_chainD,335,G,N,0.04336,N,0.032663
3ruv_chainD,336,D,N,0.023697,N,0.022381
3ruv_chainD,337,A,N,0.037396,N,0.031622
3ruv_chainD,338,G,N,0.021561,N,0.020549
3ruv_chainD,339,L,N,0.01873,N,0.020151
3ruv_chainD,340,V,N,0.039287,N,0.031154
3ruv_chainD,341,E,N,0.014328,N,0.016791
3ruv_chainD,342,E,N,0.035293,N,0.0274
3ruv_chainD,343,R,N,0.031995,N,0.027478
3ruv_chainD,344,K,N,0.01543,N,0.015015
3ruv_chainD,345,I,N,0.030768,N,0.025004
3ruv_chainD,346,S,N,0.02539,N,0.026944
3ruv_chainD,347,G,N,0.042383,N,0.034672
3ruv_chainD,348,D,N,0.039926,N,0.030371
3ruv_chainD,349,S,N,0.013516,N,0.015727
3ruv_chainD,350,M,N,0.044544,N,0.042859
3ruv_chainD,351,I,N,0.02766,N,0.024371
3ruv_chainD,352,F,N,0.03501,N,0.030689
3ruv_chainD,353,V,N,0.034168,N,0.029484
3ruv_chainD,354,E,N,0.027986,N,0.031387
3ruv_chainD,355,E,N,0.025933,N,0.024902
3ruv_chainD,356,C,N,0.044513,N,0.02783
3ruv_chainD,357,K,N,0.077408,N,0.033855
3ruv_chainD,358,H,N,0.041629,N,0.020366
3ruv_chainD,359,P,N,0.045547,N,0.026114
3ruv_chainD,360,K,N,0.022344,N,0.016932
3ruv_chainD,361,A,N,0.036666,N,0.027156
3ruv_chainD,362,V,N,0.035837,N,0.025674
3ruv_chainD,363,T,N,0.034119,N,0.027201
3ruv_chainD,364,M,N,0.052433,N,0.035379
3ruv_chainD,365,L,N,0.052397,N,0.037167
3ruv_chainD,366,I,N,0.028651,N,0.022516
3ruv_chainD,367,R,N,0.032172,N,0.029031
3ruv_chainD,368,G,N,0.037666,N,0.032325
3ruv_chainD,369,T,N,0.024791,N,0.020435
3ruv_chainD,370,T,N,0.040428,N,0.025238
3ruv_chainD,371,E,N,0.031799,N,0.020308
3ruv_chainD,372,H,N,0.017079,N,0.017441
3ruv_chainD,373,V,N,0.015251,N,0.01228
3ruv_chainD,374,I,N,0.017698,N,0.014877
3ruv_chainD,375,E,N,0.027965,N,0.020053
3ruv_chainD,376,E,N,0.032559,N,0.030823
3ruv_chainD,377,V,N,0.016179,N,0.016364
3ruv_chainD,378,A,N,0.021937,N,0.018771
3ruv_chainD,379,R,N,0.024761,N,0.020035
3ruv_chainD,380,A,N,0.033568,N,0.025364
3ruv_chainD,381,V,N,0.024828,N,0.014696
3ruv_chainD,382,D,N,0.032638,N,0.021297
3ruv_chainD,383,D,N,0.060223,N,0.031645
3ruv_chainD,384,A,N,0.029566,N,0.018852
3ruv_chainD,385,V,N,0.036239,N,0.021915
3ruv_chainD,386,G,N,0.028511,N,0.016478
3ruv_chainD,387,V,N,0.038524,N,0.025381
3ruv_chainD,388,V,N,0.020689,N,0.016862
3ruv_chainD,389,G,N,0.031364,N,0.026543
3ruv_chainD,390,C,N,0.01738,N,0.013633
3ruv_chainD,391,T,N,0.023504,N,0.020195
3ruv_chainD,392,I,N,0.012464,N,0.013319
3ruv_chainD,393,E,N,0.028976,N,0.025214
3ruv_chainD,394,D,N,0.025046,N,0.022917
3ruv_chainD,395,G,N,0.022937,N,0.024654
3ruv_chainD,396,R,N,0.018851,N,0.024497
3ruv_chainD,397,I,N,0.025564,N,0.03121
3ruv_chainD,398,V,N,0.039547,N,0.050378
3ruv_chainD,399,S,N,0.073592,N,0.114872
3ruv_chainD,400,G,B,0.813495,B,0.907725
3ruv_chainD,401,G,B,0.86507,B,0.930199
3ruv_chainD,402,G,N,0.136316,N,0.085675
3ruv_chainD,403,S,N,0.066932,N,0.050385
3ruv_chainD,404,T,N,0.024581,N,0.02621
3ruv_chainD,405,E,N,0.029397,N,0.028503
3ruv_chainD,406,V,N,0.018285,N,0.014682
3ruv_chainD,407,E,N,0.023648,N,0.023566
3ruv_chainD,408,L,N,0.016321,N,0.019489
3ruv_chainD,409,S,N,0.015398,N,0.013318
3ruv_chainD,410,M,N,0.022687,N,0.019774
3ruv_chainD,411,K,N,0.017508,N,0.017066
3ruv_chainD,412,L,N,0.038022,N,0.03095
3ruv_chainD,413,R,N,0.041478,N,0.028739
3ruv_chainD,414,E,N,0.051778,N,0.04131
3ruv_chainD,415,Y,N,0.037472,N,0.026766
3ruv_chainD,416,A,N,0.037218,N,0.034797
3ruv_chainD,417,E,N,0.056218,N,0.051976
3ruv_chainD,418,G,N,0.043798,N,0.036848
3ruv_chainD,419,I,N,0.038735,N,0.032618
3ruv_chainD,420,S,N,0.045879,N,0.028014
3ruv_chainD,421,G,N,0.038295,N,0.021771
3ruv_chainD,422,R,N,0.071587,N,0.043802
3ruv_chainD,423,E,N,0.080721,N,0.053815
3ruv_chainD,424,Q,N,0.049354,N,0.02776
3ruv_chainD,425,L,N,0.026698,N,0.020802
3ruv_chainD,426,A,N,0.016866,N,0.014391
3ruv_chainD,427,V,N,0.029259,N,0.023101
3ruv_chainD,428,R,N,0.028645,N,0.01916
3ruv_chainD,429,A,N,0.028306,N,0.021891
3ruv_chainD,430,F,N,0.068056,N,0.040061
3ruv_chainD,431,A,N,0.020929,N,0.014879
3ruv_chainD,432,D,N,0.034461,N,0.024245
3ruv_chainD,433,A,N,0.064457,N,0.035215
3ruv_chainD,434,L,N,0.036981,N,0.02774
3ruv_chainD,435,E,N,0.021,N,0.012743
3ruv_chainD,436,V,N,0.034652,N,0.021177
3ruv_chainD,437,I,N,0.030458,N,0.020813
3ruv_chainD,438,P,N,0.031076,N,0.021355
3ruv_chainD,439,R,N,0.044142,N,0.026655
3ruv_chainD,440,T,N,0.028221,N,0.019826
3ruv_chainD,441,L,N,0.070038,N,0.042802
3ruv_chainD,442,A,N,0.045212,N,0.032972
3ruv_chainD,443,E,N,0.024854,N,0.026969
3ruv_chainD,444,N,N,0.059182,N,0.039168
3ruv_chainD,445,A,N,0.053019,N,0.040362
3ruv_chainD,446,G,N,0.036498,N,0.029605
3ruv_chainD,447,L,N,0.022725,N,0.016056
3ruv_chainD,448,D,N,0.031654,N,0.018301
3ruv_chainD,449,A,N,0.049674,N,0.027288
3ruv_chainD,450,I,N,0.040594,N,0.028104
3ruv_chainD,451,E,N,0.026692,N,0.02285
3ruv_chainD,452,I,N,0.036897,N,0.021252
3ruv_chainD,453,L,N,0.040719,N,0.028898
3ruv_chainD,454,V,N,0.026973,N,0.021614
3ruv_chainD,455,K,N,0.046163,N,0.033941
3ruv_chainD,456,V,N,0.015505,N,0.014226
3ruv_chainD,457,R,N,0.02981,N,0.027075
3ruv_chainD,458,A,N,0.015071,N,0.014217
3ruv_chainD,459,A,N,0.026949,N,0.026537
3ruv_chainD,460,H,N,0.050553,N,0.036825
3ruv_chainD,461,A,N,0.030041,N,0.024279
3ruv_chainD,462,S,N,0.03197,N,0.031239
3ruv_chainD,463,N,N,0.060495,N,0.046954
3ruv_chainD,464,G,N,0.031591,N,0.025227
3ruv_chainD,465,N,N,0.048386,N,0.041557
3ruv_chainD,466,K,N,0.036201,N,0.032017
3ruv_chainD,467,C,N,0.016846,N,0.022852
3ruv_chainD,468,A,N,0.05436,N,0.044387
3ruv_chainD,469,G,N,0.114826,N,0.081138
3ruv_chainD,470,L,B,0.864729,B,0.836256
3ruv_chainD,471,N,B,0.790645,B,0.66152
3ruv_chainD,472,V,B,0.811545,B,0.770721
3ruv_chainD,473,F,N,0.33625,B,0.614824
3ruv_chainD,474,T,N,0.033412,N,0.043822
3ruv_chainD,475,G,N,0.037368,N,0.048367
3ruv_chainD,476,A,N,0.031157,N,0.044321
3ruv_chainD,477,V,N,0.04268,N,0.04396
3ruv_chainD,478,E,N,0.058966,N,0.045669
3ruv_chainD,479,D,N,0.062747,N,0.041618
3ruv_chainD,480,M,N,0.067,N,0.050016
3ruv_chainD,481,C,N,0.031046,N,0.035973
3ruv_chainD,482,E,N,0.029522,N,0.035359
3ruv_chainD,483,N,N,0.040813,N,0.046108
3ruv_chainD,484,G,N,0.056506,N,0.063907
3ruv_chainD,485,V,B,0.451471,B,0.489052
3ruv_chainD,486,V,N,0.045367,N,0.060223
3ruv_chainD,487,E,B,0.898767,B,0.824696
3ruv_chainD,488,P,N,0.104173,N,0.065757
3ruv_chainD,489,L,N,0.047442,N,0.040293
3ruv_chainD,490,R,N,0.045698,N,0.032114
3ruv_chainD,491,V,N,0.045271,N,0.03239
3ruv_chainD,492,K,N,0.16687,N,0.354158
3ruv_chainD,493,T,N,0.020926,N,0.018777
3ruv_chainD,494,Q,N,0.034209,N,0.025898
3ruv_chainD,495,A,N,0.024971,N,0.020701
3ruv_chainD,496,I,N,0.027777,N,0.022621
3ruv_chainD,497,Q,N,0.028672,N,0.018818
3ruv_chainD,498,S,N,0.014247,N,0.011053
3ruv_chainD,499,A,N,0.053468,N,0.034093
3ruv_chainD,500,A,N,0.027392,N,0.020795
3ruv_chainD,501,E,N,0.023761,N,0.017742
3ruv_chainD,502,S,N,0.027034,N,0.018652
3ruv_chainD,503,T,N,0.032371,N,0.022852
3ruv_chainD,504,E,N,0.025764,N,0.022404
3ruv_chainD,505,M,N,0.034153,N,0.026302
3ruv_chainD,506,L,N,0.032725,N,0.025552
3ruv_chainD,507,L,N,0.031994,N,0.025779
3ruv_chainD,508,R,N,0.026393,N,0.026646
3ruv_chainD,509,I,N,0.020984,N,0.020427
3ruv_chainD,510,D,N,0.033949,N,0.030873
3ruv_chainD,511,D,N,0.012227,N,0.015351
3ruv_chainD,512,V,N,0.016357,N,0.020815
3ruv_chainD,513,I,N,0.031215,N,0.025236
3ruv_chainD,514,A,N,0.012449,N,0.013705
3ruv_chainD,515,A,N,0.013873,N,0.014562
3ruv_chainD,516,E,N,0.035633,N,0.026379
