Prot.ID,NO,Residue,ATPseq Binding Sites,ATPseq Probability,ATPbind Binding Sites,ATPbind Probability
3tux_chainA,1,R,N,0.014474,N,0.018535
3tux_chainA,2,M,N,0.046503,N,0.056327
3tux_chainA,3,I,N,0.091494,N,0.06664
3tux_chainA,4,A,N,0.109008,N,0.0813
3tux_chainA,5,L,N,0.24649,N,0.152324
3tux_chainA,6,D,N,0.154068,N,0.086062
3tux_chainA,7,G,N,0.149088,N,0.116551
3tux_chainA,8,A,N,0.167498,N,0.104036
3tux_chainA,9,Q,N,0.275261,N,0.176012
3tux_chainA,10,G,B,0.550632,N,0.172511
3tux_chainA,11,E,B,0.916459,B,0.755757
3tux_chainA,12,G,N,0.268965,N,0.144124
3tux_chainA,13,G,B,0.831203,B,0.626022
3tux_chainA,14,G,B,0.751843,B,0.511797
3tux_chainA,15,Q,B,0.713925,B,0.530577
3tux_chainA,16,I,N,0.142113,N,0.064327
3tux_chainA,17,L,N,0.061095,N,0.039364
3tux_chainA,18,R,B,0.616323,B,0.483244
3tux_chainA,19,S,N,0.092481,N,0.066047
3tux_chainA,20,A,N,0.148191,N,0.205309
3tux_chainA,21,L,N,0.019292,N,0.015677
3tux_chainA,22,S,N,0.040611,N,0.02638
3tux_chainA,23,L,N,0.039876,N,0.030026
3tux_chainA,24,S,N,0.046608,N,0.038695
3tux_chainA,25,M,N,0.013123,N,0.01305
3tux_chainA,26,I,N,0.02209,N,0.020379
3tux_chainA,27,T,N,0.034184,N,0.034319
3tux_chainA,28,G,N,0.033245,N,0.07241
3tux_chainA,29,Q,N,0.018555,N,0.019511
3tux_chainA,30,P,N,0.028921,N,0.03009
3tux_chainA,31,F,N,0.019435,N,0.024845
3tux_chainA,32,T,N,0.035624,N,0.041125
3tux_chainA,33,I,N,0.072201,N,0.064959
3tux_chainA,34,T,N,0.072057,N,0.047493
3tux_chainA,35,S,N,0.069588,N,0.05494
3tux_chainA,36,I,N,0.137053,N,0.08079
3tux_chainA,37,R,B,0.75925,B,0.603422
3tux_chainA,38,A,N,0.089097,N,0.060099
3tux_chainA,39,G,N,0.08489,N,0.060067
3tux_chainA,40,R,N,0.353523,B,0.468772
3tux_chainA,41,A,N,0.057013,N,0.046108
3tux_chainA,42,K,N,0.056156,N,0.046331
3tux_chainA,43,P,N,0.101639,N,0.101904
3tux_chainA,44,G,N,0.08925,N,0.078411
3tux_chainA,45,L,N,0.057475,N,0.063059
3tux_chainA,46,L,N,0.024673,N,0.037789
3tux_chainA,47,R,N,0.043574,N,0.12253
3tux_chainA,48,Q,N,0.087069,N,0.140682
3tux_chainA,49,H,N,0.274447,B,0.588098
3tux_chainA,50,L,N,0.018261,N,0.0549
3tux_chainA,51,T,N,0.022027,N,0.076678
3tux_chainA,52,A,N,0.00954,N,0.035273
3tux_chainA,53,V,N,0.019964,N,0.020444
3tux_chainA,54,K,N,0.039783,N,0.043076
3tux_chainA,55,A,N,0.045583,N,0.054223
3tux_chainA,56,A,N,0.026271,N,0.030631
3tux_chainA,57,T,N,0.03075,N,0.028971
3tux_chainA,58,E,N,0.033777,N,0.027513
3tux_chainA,59,I,N,0.043862,N,0.113241
3tux_chainA,60,C,N,0.058812,N,0.046236
3tux_chainA,61,G,N,0.049284,N,0.03745
3tux_chainA,62,A,N,0.033266,N,0.026836
3tux_chainA,63,T,N,0.050433,N,0.04522
3tux_chainA,64,V,N,0.044864,N,0.035638
3tux_chainA,65,E,N,0.158276,N,0.083441
3tux_chainA,66,G,N,0.040026,N,0.03044
3tux_chainA,67,A,N,0.064364,N,0.053724
3tux_chainA,68,E,N,0.030072,N,0.106942
3tux_chainA,69,L,N,0.011437,N,0.019611
3tux_chainA,70,G,N,0.026189,N,0.034012
3tux_chainA,71,S,N,0.03599,N,0.031647
3tux_chainA,72,Q,N,0.056805,N,0.054158
3tux_chainA,73,R,N,0.015144,N,0.013012
3tux_chainA,74,L,N,0.029249,N,0.021235
3tux_chainA,75,L,N,0.025243,N,0.020524
3tux_chainA,76,F,N,0.039969,N,0.042463
3tux_chainA,77,R,N,0.023004,N,0.029532
3tux_chainA,78,P,N,0.023296,N,0.030219
3tux_chainA,79,G,N,0.028263,N,0.052556
3tux_chainA,80,T,N,0.026637,N,0.030853
3tux_chainA,81,V,N,0.075653,N,0.071175
3tux_chainA,82,R,N,0.044969,N,0.047073
3tux_chainA,83,G,N,0.038197,N,0.030711
3tux_chainA,84,G,N,0.048215,N,0.040024
3tux_chainA,85,D,N,0.024928,N,0.023699
3tux_chainA,86,Y,N,0.034529,N,0.032848
3tux_chainA,87,R,N,0.032537,N,0.03115
3tux_chainA,88,F,N,0.040553,N,0.032981
3tux_chainA,89,A,N,0.076289,N,0.047645
3tux_chainA,90,I,N,0.034543,N,0.024314
3tux_chainA,91,G,N,0.04613,N,0.0516
3tux_chainA,92,S,N,0.087549,N,0.055796
3tux_chainA,93,A,N,0.120861,N,0.071515
3tux_chainA,94,G,N,0.141562,N,0.068064
3tux_chainA,95,S,N,0.089295,N,0.045644
3tux_chainA,96,C,N,0.090641,N,0.055517
3tux_chainA,97,T,N,0.073485,N,0.137143
3tux_chainA,98,L,N,0.046125,N,0.053192
3tux_chainA,99,V,N,0.034393,N,0.03025
3tux_chainA,100,L,N,0.032896,N,0.117333
3tux_chainA,101,Q,B,0.522117,B,0.742703
3tux_chainA,102,T,N,0.016489,N,0.028847
3tux_chainA,103,V,N,0.011598,N,0.040805
3tux_chainA,104,L,N,0.028128,N,0.029751
3tux_chainA,105,P,N,0.014714,N,0.023361
3tux_chainA,106,A,N,0.008044,N,0.035157
3tux_chainA,107,L,N,0.00937,N,0.038999
3tux_chainA,108,W,N,0.015939,N,0.029975
3tux_chainA,109,F,N,0.025752,N,0.032492
3tux_chainA,110,A,N,0.026203,N,0.048058
3tux_chainA,111,D,N,0.054659,N,0.050783
3tux_chainA,112,G,N,0.015843,N,0.015116
3tux_chainA,113,P,N,0.027257,N,0.026557
3tux_chainA,114,S,N,0.019517,N,0.019924
3tux_chainA,115,R,N,0.036685,N,0.040878
3tux_chainA,116,V,N,0.030028,N,0.018998
3tux_chainA,117,E,N,0.02848,N,0.024785
3tux_chainA,118,V,N,0.024662,N,0.020198
3tux_chainA,119,S,N,0.041681,N,0.039572
3tux_chainA,120,G,N,0.042277,N,0.046765
3tux_chainA,121,G,N,0.076047,N,0.064785
3tux_chainA,122,T,N,0.102346,N,0.093821
3tux_chainA,123,D,N,0.064349,N,0.150473
3tux_chainA,124,N,N,0.047374,N,0.043178
3tux_chainA,125,P,N,0.041867,N,0.033757
3tux_chainA,126,S,N,0.295643,B,0.47313
3tux_chainA,127,A,N,0.152268,B,0.415258
3tux_chainA,128,P,N,0.29233,B,0.507601
3tux_chainA,129,P,N,0.035092,N,0.031174
3tux_chainA,130,A,N,0.036526,N,0.031334
3tux_chainA,131,D,N,0.096723,N,0.050049
3tux_chainA,132,F,N,0.373657,B,0.614381
3tux_chainA,133,I,N,0.02505,N,0.021578
3tux_chainA,134,R,N,0.043132,N,0.03848
3tux_chainA,135,R,N,0.017793,N,0.020102
3tux_chainA,136,V,N,0.021725,N,0.014977
3tux_chainA,137,L,N,0.013108,N,0.016077
3tux_chainA,138,E,N,0.014238,N,0.014056
3tux_chainA,139,P,N,0.041517,N,0.038352
3tux_chainA,140,L,N,0.025662,N,0.022993
3tux_chainA,141,L,N,0.03208,N,0.021823
3tux_chainA,142,A,N,0.041898,N,0.036197
3tux_chainA,143,K,N,0.051817,N,0.044153
3tux_chainA,144,I,N,0.040921,N,0.029006
3tux_chainA,145,G,N,0.046306,N,0.036035
3tux_chainA,146,I,N,0.031594,N,0.01858
3tux_chainA,147,H,N,0.04032,N,0.026049
3tux_chainA,148,Q,N,0.021857,N,0.018146
3tux_chainA,149,Q,N,0.041376,N,0.030533
3tux_chainA,150,T,N,0.011648,N,0.011571
3tux_chainA,151,T,N,0.034904,N,0.027109
3tux_chainA,152,L,N,0.025947,N,0.017163
3tux_chainA,153,L,N,0.045115,N,0.031854
3tux_chainA,154,R,N,0.051114,N,0.033507
3tux_chainA,155,H,N,0.046569,N,0.044438
3tux_chainA,156,G,N,0.044633,N,0.04503
3tux_chainA,157,F,N,0.056615,N,0.049843
3tux_chainA,158,Y,N,0.053663,N,0.053046
3tux_chainA,159,P,N,0.070033,N,0.061581
3tux_chainA,160,A,N,0.052285,N,0.051532
3tux_chainA,161,G,N,0.047132,N,0.057895
3tux_chainA,162,G,N,0.084578,N,0.104354
3tux_chainA,163,G,N,0.058222,N,0.056131
3tux_chainA,164,V,N,0.051535,N,0.060482
3tux_chainA,165,V,N,0.072212,N,0.051848
3tux_chainA,166,A,N,0.062477,N,0.191601
3tux_chainA,167,T,N,0.023436,N,0.020172
3tux_chainA,168,E,N,0.043728,N,0.055219
3tux_chainA,169,V,N,0.018613,N,0.017798
3tux_chainA,170,S,N,0.045715,N,0.035329
3tux_chainA,171,P,N,0.033491,N,0.020413
3tux_chainA,172,V,N,0.02796,N,0.018417
3tux_chainA,173,A,N,0.041319,N,0.036074
3tux_chainA,174,S,N,0.040014,N,0.032764
3tux_chainA,175,F,N,0.045163,N,0.04861
3tux_chainA,176,N,N,0.030643,N,0.028675
3tux_chainA,177,T,N,0.045505,N,0.037271
3tux_chainA,178,L,N,0.095407,N,0.080494
3tux_chainA,179,Q,N,0.027959,N,0.027451
3tux_chainA,180,L,N,0.022941,N,0.020252
3tux_chainA,181,G,N,0.025099,N,0.019515
3tux_chainA,182,E,N,0.024874,N,0.021088
3tux_chainA,183,R,N,0.022879,N,0.023452
3tux_chainA,184,G,N,0.023535,N,0.026612
3tux_chainA,185,N,N,0.01362,N,0.018662
3tux_chainA,186,I,N,0.0707,N,0.052358
3tux_chainA,187,V,N,0.011429,N,0.018046
3tux_chainA,188,Q,N,0.028712,N,0.021398
3tux_chainA,189,M,N,0.026303,N,0.022238
3tux_chainA,190,R,N,0.014624,N,0.02193
3tux_chainA,191,G,N,0.039278,N,0.028488
3tux_chainA,192,E,N,0.036383,N,0.048374
3tux_chainA,193,V,N,0.05537,N,0.051159
3tux_chainA,194,L,N,0.078377,N,0.168197
3tux_chainA,195,L,N,0.047284,N,0.039858
3tux_chainA,196,A,N,0.028363,N,0.033944
3tux_chainA,197,G,N,0.022472,N,0.025388
3tux_chainA,198,V,N,0.043508,N,0.035811
3tux_chainA,199,P,N,0.062824,N,0.04311
3tux_chainA,200,R,N,0.026667,N,0.027855
3tux_chainA,201,H,N,0.060036,N,0.055429
3tux_chainA,202,V,N,0.045083,N,0.032832
3tux_chainA,203,A,N,0.04912,N,0.030001
3tux_chainA,204,E,N,0.079467,N,0.052102
3tux_chainA,205,R,N,0.067728,N,0.052161
3tux_chainA,206,E,N,0.037935,N,0.028544
3tux_chainA,207,I,N,0.04493,N,0.023565
3tux_chainA,208,A,N,0.044389,N,0.030295
3tux_chainA,209,T,N,0.017081,N,0.011994
3tux_chainA,210,L,N,0.014449,N,0.011446
3tux_chainA,211,A,N,0.018326,N,0.016806
3tux_chainA,212,G,N,0.009055,N,0.008403
3tux_chainA,213,S,N,0.01475,N,0.013243
3tux_chainA,214,F,N,0.018211,N,0.012431
3tux_chainA,215,S,N,0.017574,N,0.015829
3tux_chainA,216,L,N,0.017784,N,0.011412
3tux_chainA,217,H,N,0.03322,N,0.019256
3tux_chainA,218,E,N,0.044507,N,0.028997
3tux_chainA,219,Q,N,0.039679,N,0.018415
3tux_chainA,220,N,N,0.043504,N,0.020323
3tux_chainA,221,I,N,0.034974,N,0.02641
3tux_chainA,222,H,N,0.052077,N,0.068233
3tux_chainA,223,N,N,0.02145,N,0.160978
3tux_chainA,224,L,N,0.036078,N,0.289901
3tux_chainA,225,P,N,0.050504,B,0.466176
3tux_chainA,226,R,N,0.065295,B,0.469925
3tux_chainA,227,D,N,0.045543,N,0.344385
3tux_chainA,228,Q,N,0.029848,N,0.226522
3tux_chainA,229,G,N,0.046795,N,0.071521
3tux_chainA,230,P,N,0.076041,N,0.100239
3tux_chainA,231,G,N,0.101723,N,0.126594
3tux_chainA,232,N,N,0.049069,N,0.05451
3tux_chainA,233,T,N,0.054267,N,0.06208
3tux_chainA,234,V,N,0.037115,N,0.038367
3tux_chainA,235,S,N,0.020635,N,0.025461
3tux_chainA,236,L,N,0.024816,N,0.027768
3tux_chainA,237,E,N,0.017987,N,0.018766
3tux_chainA,238,V,N,0.007477,N,0.006368
3tux_chainA,239,E,N,0.022558,N,0.024269
3tux_chainA,240,S,N,0.0204,N,0.015992
3tux_chainA,241,E,N,0.037211,N,0.041658
3tux_chainA,242,N,N,0.017966,N,0.018496
3tux_chainA,243,I,N,0.01241,N,0.014451
3tux_chainA,244,T,N,0.02269,N,0.021751
3tux_chainA,245,E,N,0.022063,N,0.024584
3tux_chainA,246,R,N,0.024529,N,0.017204
3tux_chainA,247,F,N,0.026699,N,0.018638
3tux_chainA,248,F,N,0.158204,N,0.364792
3tux_chainA,249,V,N,0.06067,N,0.026489
3tux_chainA,250,V,N,0.100241,N,0.054719
3tux_chainA,251,G,N,0.122508,N,0.082139
3tux_chainA,252,E,N,0.060356,N,0.032803
3tux_chainA,253,K,N,0.074252,N,0.058978
3tux_chainA,254,R,N,0.083526,N,0.061217
3tux_chainA,255,V,N,0.03792,N,0.02537
3tux_chainA,256,S,N,0.042871,N,0.034512
3tux_chainA,257,A,N,0.081198,N,0.0368
3tux_chainA,258,E,N,0.033085,N,0.025838
3tux_chainA,259,V,N,0.027477,N,0.024512
3tux_chainA,260,V,N,0.036644,N,0.025729
3tux_chainA,261,A,N,0.027592,N,0.020098
3tux_chainA,262,A,N,0.0187,N,0.018661
3tux_chainA,263,Q,N,0.041439,N,0.030091
3tux_chainA,264,L,N,0.027653,N,0.050082
3tux_chainA,265,V,N,0.024062,N,0.014889
3tux_chainA,266,K,N,0.044552,N,0.033738
3tux_chainA,267,E,N,0.036597,N,0.087702
3tux_chainA,268,V,N,0.014976,N,0.051495
3tux_chainA,269,K,N,0.017709,N,0.016
3tux_chainA,270,R,N,0.025674,N,0.026188
3tux_chainA,271,Y,N,0.054153,N,0.12286
3tux_chainA,272,L,N,0.04609,N,0.039606
3tux_chainA,273,A,N,0.019455,N,0.01877
3tux_chainA,274,S,N,0.03723,N,0.033068
3tux_chainA,275,T,N,0.026477,N,0.030035
3tux_chainA,276,A,N,0.024303,N,0.01799
3tux_chainA,277,A,N,0.016269,N,0.015686
3tux_chainA,278,V,N,0.024538,N,0.01872
3tux_chainA,279,G,N,0.042081,N,0.035594
3tux_chainA,280,E,N,0.029282,N,0.028317
3tux_chainA,281,Y,N,0.329501,B,0.448057
3tux_chainA,282,L,N,0.039721,N,0.039093
3tux_chainA,283,A,N,0.02479,N,0.023727
3tux_chainA,284,D,N,0.21153,B,0.457699
3tux_chainA,285,Q,N,0.219488,B,0.405656
3tux_chainA,286,L,N,0.02266,N,0.031178
3tux_chainA,287,V,N,0.028668,N,0.197398
3tux_chainA,288,L,N,0.01636,N,0.022745
3tux_chainA,289,P,N,0.020352,N,0.045288
3tux_chainA,290,M,N,0.019044,N,0.173571
3tux_chainA,291,A,N,0.014874,N,0.026209
3tux_chainA,292,L,N,0.02829,N,0.045913
3tux_chainA,293,A,N,0.043133,N,0.180875
3tux_chainA,294,G,N,0.037362,N,0.047932
3tux_chainA,295,A,N,0.021908,N,0.036975
3tux_chainA,296,G,N,0.017394,N,0.022188
3tux_chainA,297,E,N,0.018382,N,0.028328
3tux_chainA,298,F,N,0.031484,N,0.033544
3tux_chainA,299,T,N,0.028171,N,0.031717
3tux_chainA,300,V,N,0.060231,N,0.035722
3tux_chainA,301,A,N,0.041135,N,0.031059
3tux_chainA,302,H,N,0.082485,N,0.052064
3tux_chainA,303,P,N,0.061094,N,0.029528
3tux_chainA,304,S,N,0.059266,N,0.036113
3tux_chainA,305,S,N,0.067806,N,0.033524
3tux_chainA,306,N,B,0.569639,B,0.449711
3tux_chainA,307,L,N,0.079554,N,0.053471
3tux_chainA,308,L,N,0.013593,N,0.015764
3tux_chainA,309,T,N,0.036898,N,0.020369
3tux_chainA,310,N,N,0.029724,N,0.025104
3tux_chainA,311,I,N,0.014468,N,0.01294
3tux_chainA,312,A,N,0.01846,N,0.020329
3tux_chainA,313,V,N,0.019041,N,0.017362
3tux_chainA,314,V,N,0.012977,N,0.012992
3tux_chainA,315,E,N,0.030819,N,0.024495
3tux_chainA,316,R,N,0.014222,N,0.011563
3tux_chainA,317,F,N,0.056925,N,0.040028
3tux_chainA,318,L,N,0.025569,N,0.021248
3tux_chainA,319,P,N,0.026338,N,0.027125
3tux_chainA,320,V,N,0.019046,N,0.015794
3tux_chainA,321,R,N,0.036918,N,0.030389
3tux_chainA,322,F,N,0.037168,N,0.025882
3tux_chainA,323,S,N,0.036216,N,0.034737
3tux_chainA,324,L,N,0.023618,N,0.018433
3tux_chainA,325,I,N,0.033513,N,0.034582
3tux_chainA,326,E,N,0.036029,N,0.034499
3tux_chainA,327,T,N,0.019632,N,0.023353
3tux_chainA,328,D,N,0.025467,N,0.032061
3tux_chainA,329,G,N,0.010613,N,0.017017
3tux_chainA,330,V,N,0.027426,N,0.035741
3tux_chainA,331,T,N,0.015736,N,0.019961
3tux_chainA,332,R,N,0.031657,N,0.031705
3tux_chainA,333,V,N,0.024984,N,0.022774
3tux_chainA,334,S,N,0.024572,N,0.022968
3tux_chainA,335,I,N,0.016981,N,0.015964
3tux_chainA,336,E,N,0.027751,N,0.026521
