Prot.ID,NO,Residue,ATPseq Binding Sites,ATPseq Probability,ATPbind Binding Sites,ATPbind Probability
3vth_chainA,1,R,N,0.028624,N,0.025478
3vth_chainA,2,G,N,0.020353,N,0.015908
3vth_chainA,3,R,N,0.034513,N,0.020862
3vth_chainA,4,V,N,0.027471,N,0.020564
3vth_chainA,5,P,N,0.048042,N,0.033554
3vth_chainA,6,Q,N,0.050911,N,0.035597
3vth_chainA,7,I,N,0.084008,N,0.057483
3vth_chainA,8,Q,N,0.02917,N,0.025923
3vth_chainA,9,A,N,0.034658,N,0.031011
3vth_chainA,10,R,N,0.025665,N,0.024092
3vth_chainA,11,Q,N,0.024637,N,0.022459
3vth_chainA,12,I,N,0.030759,N,0.022621
3vth_chainA,13,N,N,0.015284,N,0.015387
3vth_chainA,14,I,N,0.039537,N,0.026287
3vth_chainA,15,F,N,0.034495,N,0.025404
3vth_chainA,16,G,N,0.022218,N,0.020544
3vth_chainA,17,I,N,0.046351,N,0.038448
3vth_chainA,18,V,N,0.058996,N,0.043792
3vth_chainA,19,Q,N,0.082687,N,0.062505
3vth_chainA,20,G,N,0.074085,N,0.044993
3vth_chainA,21,V,N,0.114948,N,0.053309
3vth_chainA,22,G,N,0.062394,N,0.034628
3vth_chainA,23,F,N,0.05736,N,0.036111
3vth_chainA,24,R,N,0.05779,N,0.044164
3vth_chainA,25,P,N,0.020102,N,0.020026
3vth_chainA,26,F,N,0.031067,N,0.025346
3vth_chainA,27,V,N,0.035275,N,0.026284
3vth_chainA,28,F,N,0.023215,N,0.023203
3vth_chainA,29,N,N,0.019638,N,0.020547
3vth_chainA,30,I,N,0.014398,N,0.017479
3vth_chainA,31,A,N,0.038916,N,0.033448
3vth_chainA,32,Q,N,0.029992,N,0.026825
3vth_chainA,33,K,N,0.048739,N,0.040874
3vth_chainA,34,Y,N,0.033763,N,0.03147
3vth_chainA,35,N,N,0.032632,N,0.033917
3vth_chainA,36,L,N,0.038249,N,0.0322
3vth_chainA,37,K,N,0.03098,N,0.029069
3vth_chainA,38,G,N,0.069312,N,0.044383
3vth_chainA,39,I,N,0.077056,N,0.054738
3vth_chainA,40,V,N,0.036545,N,0.026587
3vth_chainA,41,Y,N,0.041098,N,0.037274
3vth_chainA,42,N,N,0.133403,N,0.064626
3vth_chainA,43,N,N,0.044385,N,0.036625
3vth_chainA,44,S,N,0.021327,N,0.024265
3vth_chainA,45,S,N,0.028889,N,0.0329
3vth_chainA,46,G,N,0.042377,N,0.05579
3vth_chainA,47,L,N,0.071086,N,0.045766
3vth_chainA,48,Y,N,0.036276,N,0.034479
3vth_chainA,49,I,N,0.053415,N,0.043389
3vth_chainA,50,E,N,0.095356,N,0.051792
3vth_chainA,51,V,N,0.054414,N,0.031142
3vth_chainA,52,E,N,0.038154,N,0.032929
3vth_chainA,53,G,N,0.028421,N,0.03066
3vth_chainA,54,E,N,0.030566,N,0.031715
3vth_chainA,55,E,N,0.017376,N,0.018926
3vth_chainA,56,K,N,0.019871,N,0.024836
3vth_chainA,57,D,N,0.038406,N,0.032549
3vth_chainA,58,I,N,0.021718,N,0.014239
3vth_chainA,59,E,N,0.029233,N,0.016157
3vth_chainA,60,A,N,0.031531,N,0.027138
3vth_chainA,61,F,N,0.025828,N,0.019164
3vth_chainA,62,I,N,0.036434,N,0.026813
3vth_chainA,63,R,N,0.020594,N,0.017401
3vth_chainA,64,E,N,0.045241,N,0.037405
3vth_chainA,65,I,N,0.036609,N,0.025446
3vth_chainA,66,K,N,0.034877,N,0.026804
3vth_chainA,67,E,N,0.031787,N,0.022351
3vth_chainA,68,N,N,0.074407,N,0.053451
3vth_chainA,69,P,N,0.067074,N,0.044459
3vth_chainA,70,P,N,0.088463,N,0.06034
3vth_chainA,71,S,N,0.109385,N,0.079648
3vth_chainA,72,L,N,0.047204,N,0.041259
3vth_chainA,73,S,N,0.098944,N,0.074294
3vth_chainA,74,V,N,0.10113,N,0.072863
3vth_chainA,75,I,N,0.067686,N,0.060251
3vth_chainA,76,D,N,0.101776,N,0.076022
3vth_chainA,77,E,N,0.022863,N,0.025707
3vth_chainA,78,I,N,0.03144,N,0.026105
3vth_chainA,79,Q,N,0.053164,N,0.031719
3vth_chainA,80,V,N,0.025437,N,0.025198
3vth_chainA,81,R,N,0.023654,N,0.026508
3vth_chainA,82,E,N,0.036359,N,0.041917
3vth_chainA,83,V,N,0.015507,N,0.023637
3vth_chainA,84,E,N,0.019151,N,0.034477
3vth_chainA,85,V,N,0.020465,N,0.028538
3vth_chainA,86,K,N,0.028291,N,0.040717
3vth_chainA,87,E,N,0.023307,N,0.028487
3vth_chainA,88,Y,N,0.029326,N,0.038497
3vth_chainA,89,K,N,0.025208,N,0.025109
3vth_chainA,90,D,N,0.036182,N,0.041373
3vth_chainA,91,F,N,0.091362,N,0.073336
3vth_chainA,92,K,N,0.027584,N,0.024737
3vth_chainA,93,I,N,0.08203,N,0.057826
3vth_chainA,94,V,N,0.058474,N,0.053621
3vth_chainA,95,G,N,0.022238,N,0.027086
3vth_chainA,96,S,N,0.033948,N,0.040841
3vth_chainA,97,K,N,0.018441,N,0.026165
3vth_chainA,98,E,N,0.044859,N,0.041839
3vth_chainA,99,D,N,0.025734,N,0.027285
3vth_chainA,100,G,N,0.0333,N,0.03411
3vth_chainA,101,G,N,0.070895,N,0.053025
3vth_chainA,102,F,N,0.067035,N,0.061066
3vth_chainA,103,V,N,0.062767,N,0.040814
3vth_chainA,104,P,N,0.039076,N,0.025762
3vth_chainA,105,V,N,0.034989,N,0.028665
3vth_chainA,106,S,N,0.045156,N,0.030606
3vth_chainA,107,P,N,0.032337,N,0.025929
3vth_chainA,108,D,N,0.041063,N,0.036395
3vth_chainA,109,M,N,0.029824,N,0.023829
3vth_chainA,110,G,N,0.03503,N,0.022209
3vth_chainA,111,V,N,0.018247,N,0.012281
3vth_chainA,112,C,N,0.039868,N,0.019946
3vth_chainA,113,E,N,0.039153,N,0.028128
3vth_chainA,114,D,N,0.02132,N,0.022398
3vth_chainA,115,C,N,0.044869,N,0.023209
3vth_chainA,116,L,N,0.017409,N,0.015181
3vth_chainA,117,R,N,0.020748,N,0.016608
3vth_chainA,118,E,N,0.033515,N,0.035246
3vth_chainA,119,L,N,0.036568,N,0.020615
3vth_chainA,120,K,N,0.027012,N,0.018588
3vth_chainA,121,D,N,0.038675,N,0.026426
3vth_chainA,122,P,N,0.036302,N,0.024771
3vth_chainA,123,K,N,0.020567,N,0.022858
3vth_chainA,124,D,N,0.032012,N,0.028375
3vth_chainA,125,R,N,0.065501,N,0.067109
3vth_chainA,126,R,N,0.035617,N,0.030113
3vth_chainA,127,Y,N,0.028503,N,0.027039
3vth_chainA,128,R,N,0.019858,N,0.026765
3vth_chainA,129,Y,N,0.044449,N,0.035589
3vth_chainA,130,P,N,0.029641,N,0.024298
3vth_chainA,131,F,N,0.081506,N,0.080129
3vth_chainA,132,I,N,0.043185,N,0.031785
3vth_chainA,133,N,N,0.025628,N,0.019391
3vth_chainA,134,C,N,0.087821,N,0.072905
3vth_chainA,135,T,N,0.06193,N,0.048906
3vth_chainA,136,N,N,0.043017,N,0.032661
3vth_chainA,137,C,N,0.046375,N,0.034703
3vth_chainA,138,G,N,0.028619,N,0.026553
3vth_chainA,139,P,N,0.025399,N,0.024672
3vth_chainA,140,R,N,0.056455,N,0.065533
3vth_chainA,141,F,N,0.037116,N,0.034353
3vth_chainA,142,S,N,0.019918,N,0.017947
3vth_chainA,143,I,N,0.03069,N,0.029635
3vth_chainA,144,I,N,0.043696,N,0.031813
3vth_chainA,145,E,N,0.025718,N,0.030259
3vth_chainA,146,D,N,0.03221,N,0.02006
3vth_chainA,147,I,N,0.039286,N,0.034464
3vth_chainA,148,P,N,0.068699,N,0.044388
3vth_chainA,149,Y,N,0.086293,N,0.098644
3vth_chainA,150,D,N,0.062396,N,0.064509
3vth_chainA,151,R,N,0.124086,N,0.090709
3vth_chainA,152,A,N,0.02884,N,0.02539
3vth_chainA,153,K,N,0.068444,N,0.070639
3vth_chainA,154,T,N,0.061164,N,0.036354
3vth_chainA,155,S,N,0.098611,N,0.07443
3vth_chainA,156,M,N,0.05087,N,0.034892
3vth_chainA,157,K,N,0.027919,N,0.023333
3vth_chainA,158,V,N,0.021435,N,0.014285
3vth_chainA,159,F,N,0.092101,N,0.074538
3vth_chainA,160,P,N,0.020849,N,0.019962
3vth_chainA,161,M,N,0.011939,N,0.011543
3vth_chainA,162,C,N,0.06224,N,0.046159
3vth_chainA,163,E,N,0.029292,N,0.025575
3vth_chainA,164,K,N,0.021228,N,0.020696
3vth_chainA,165,C,N,0.080927,N,0.046361
3vth_chainA,166,S,N,0.038724,N,0.026879
3vth_chainA,167,R,N,0.024025,N,0.021924
3vth_chainA,168,E,N,0.058802,N,0.059006
3vth_chainA,169,Y,N,0.052519,N,0.042283
3vth_chainA,170,H,N,0.027291,N,0.020918
3vth_chainA,171,D,N,0.055616,N,0.045652
3vth_chainA,172,P,N,0.044453,N,0.037482
3vth_chainA,173,H,N,0.01462,N,0.015006
3vth_chainA,174,D,N,0.026991,N,0.026494
3vth_chainA,175,R,N,0.028853,N,0.035811
3vth_chainA,176,R,N,0.035087,N,0.037389
3vth_chainA,177,F,N,0.035784,N,0.034661
3vth_chainA,178,H,N,0.074485,N,0.086252
3vth_chainA,179,A,N,0.028522,N,0.021595
3vth_chainA,180,Q,N,0.044891,N,0.044856
3vth_chainA,181,P,N,0.04824,N,0.037218
3vth_chainA,182,V,N,0.030144,N,0.025244
3vth_chainA,183,A,N,0.025271,N,0.020051
3vth_chainA,184,C,N,0.059849,N,0.058991
3vth_chainA,185,F,N,0.046245,N,0.040898
3vth_chainA,186,D,N,0.024258,N,0.025219
3vth_chainA,187,C,N,0.060931,N,0.055869
3vth_chainA,188,G,N,0.056029,N,0.064387
3vth_chainA,189,P,N,0.032956,N,0.034883
3vth_chainA,190,S,N,0.050528,N,0.072105
3vth_chainA,191,L,N,0.032402,N,0.037352
3vth_chainA,192,S,N,0.039434,N,0.05251
3vth_chainA,193,F,N,0.050863,N,0.05401
3vth_chainA,194,V,N,0.046829,N,0.043252
3vth_chainA,195,G,N,0.027244,N,0.032521
3vth_chainA,196,E,N,0.053272,N,0.045909
3vth_chainA,197,G,N,0.024138,N,0.024119
3vth_chainA,198,C,N,0.060705,N,0.045497
3vth_chainA,199,F,N,0.060363,N,0.043983
3vth_chainA,200,D,N,0.038168,N,0.02483
3vth_chainA,201,D,N,0.039108,N,0.024031
3vth_chainA,202,E,N,0.028593,N,0.025384
3vth_chainA,203,I,N,0.04708,N,0.028732
3vth_chainA,204,K,N,0.032949,N,0.026013
3vth_chainA,205,C,N,0.013023,N,0.013214
3vth_chainA,206,V,N,0.010623,N,0.009906
3vth_chainA,207,A,N,0.045168,N,0.032551
3vth_chainA,208,K,N,0.022888,N,0.020726
3vth_chainA,209,A,N,0.018003,N,0.017702
3vth_chainA,210,L,N,0.029355,N,0.021117
3vth_chainA,211,K,N,0.023757,N,0.02273
3vth_chainA,212,E,N,0.016287,N,0.015559
3vth_chainA,213,G,N,0.023072,N,0.020915
3vth_chainA,214,K,N,0.028871,N,0.033225
3vth_chainA,215,I,N,0.056853,N,0.04167
3vth_chainA,216,V,N,0.025991,N,0.024268
3vth_chainA,217,A,N,0.043778,N,0.039605
3vth_chainA,218,I,N,0.042805,N,0.035811
3vth_chainA,219,K,N,0.051133,N,0.048994
3vth_chainA,220,G,N,0.046944,N,0.032582
3vth_chainA,221,I,N,0.063236,N,0.056204
3vth_chainA,222,G,N,0.01203,N,0.021942
3vth_chainA,223,G,N,0.024087,N,0.029866
3vth_chainA,224,F,N,0.073895,N,0.069356
3vth_chainA,225,H,N,0.04907,N,0.047675
3vth_chainA,226,L,N,0.053279,N,0.035245
3vth_chainA,227,A,N,0.065035,N,0.044948
3vth_chainA,228,V,N,0.088817,N,0.052741
3vth_chainA,229,N,N,0.117265,N,0.065665
3vth_chainA,230,A,N,0.061636,N,0.035535
3vth_chainA,231,L,N,0.025178,N,0.018987
3vth_chainA,232,D,N,0.065755,N,0.036807
3vth_chainA,233,D,N,0.027051,N,0.016791
3vth_chainA,234,E,N,0.016848,N,0.015806
3vth_chainA,235,A,N,0.034772,N,0.022598
3vth_chainA,236,V,N,0.018028,N,0.014294
3vth_chainA,237,A,N,0.014358,N,0.016245
3vth_chainA,238,T,N,0.021252,N,0.018589
3vth_chainA,239,L,N,0.021444,N,0.017561
3vth_chainA,240,R,N,0.018079,N,0.020482
3vth_chainA,241,R,N,0.022753,N,0.019823
3vth_chainA,242,R,N,0.036109,N,0.029494
3vth_chainA,243,K,N,0.135731,N,0.070814
3vth_chainA,244,K,N,0.033585,N,0.023859
3vth_chainA,245,R,N,0.056302,N,0.041285
3vth_chainA,246,Y,N,0.047011,N,0.035329
3vth_chainA,247,G,N,0.06027,N,0.050543
3vth_chainA,248,K,N,0.093219,N,0.06538
3vth_chainA,249,P,N,0.018637,N,0.015617
3vth_chainA,250,F,N,0.03932,N,0.027334
3vth_chainA,251,A,N,0.096904,N,0.049232
3vth_chainA,252,V,N,0.040795,N,0.023075
3vth_chainA,253,M,N,0.061251,N,0.026779
3vth_chainA,254,M,N,0.039226,N,0.017883
3vth_chainA,255,R,N,0.018783,N,0.017795
3vth_chainA,256,D,N,0.029552,N,0.02299
3vth_chainA,257,V,N,0.02088,N,0.021922
3vth_chainA,258,E,N,0.026491,N,0.030322
3vth_chainA,259,E,N,0.027186,N,0.032805
3vth_chainA,260,V,N,0.017612,N,0.014936
3vth_chainA,261,K,N,0.036042,N,0.028435
3vth_chainA,262,K,N,0.021042,N,0.01961
3vth_chainA,263,Y,N,0.082734,N,0.063504
3vth_chainA,264,C,N,0.051241,N,0.047323
3vth_chainA,265,I,N,0.015111,N,0.016146
3vth_chainA,266,V,N,0.021503,N,0.019241
3vth_chainA,267,S,N,0.027721,N,0.025826
3vth_chainA,268,P,N,0.0303,N,0.019721
3vth_chainA,269,E,N,0.015822,N,0.014883
3vth_chainA,270,E,N,0.016806,N,0.016736
3vth_chainA,271,E,N,0.015457,N,0.013066
3vth_chainA,272,R,N,0.028765,N,0.024256
3vth_chainA,273,L,N,0.027275,N,0.017427
3vth_chainA,274,L,N,0.038858,N,0.032135
3vth_chainA,275,L,N,0.037138,N,0.02911
3vth_chainA,276,S,N,0.034762,N,0.023846
3vth_chainA,277,Q,N,0.04937,N,0.035608
3vth_chainA,278,R,N,0.05512,N,0.046507
3vth_chainA,279,R,N,0.045562,N,0.039655
3vth_chainA,280,P,N,0.070712,N,0.041897
3vth_chainA,281,I,N,0.057707,N,0.03293
3vth_chainA,282,V,N,0.095694,N,0.045601
3vth_chainA,283,L,N,0.126387,N,0.052313
3vth_chainA,284,L,N,0.094487,N,0.047512
3vth_chainA,285,K,N,0.022246,N,0.017753
3vth_chainA,286,K,N,0.048154,N,0.034306
3vth_chainA,287,K,N,0.076441,N,0.060092
3vth_chainA,288,G,N,0.039642,N,0.039896
3vth_chainA,289,E,N,0.020923,N,0.022353
3vth_chainA,290,K,N,0.042007,N,0.041765
3vth_chainA,291,L,N,0.072827,N,0.049186
3vth_chainA,292,A,N,0.079317,N,0.05695
3vth_chainA,293,K,N,0.065743,N,0.059798
3vth_chainA,294,G,N,0.033563,N,0.035887
3vth_chainA,295,I,N,0.043364,N,0.039764
3vth_chainA,296,A,N,0.046924,N,0.038933
3vth_chainA,297,D,N,0.035723,N,0.032313
3vth_chainA,298,D,N,0.032139,N,0.032358
3vth_chainA,299,L,N,0.028553,N,0.029386
3vth_chainA,300,D,N,0.016858,N,0.015504
3vth_chainA,301,T,N,0.034887,N,0.03628
3vth_chainA,302,L,N,0.033138,N,0.022143
3vth_chainA,303,G,N,0.036855,N,0.033375
3vth_chainA,304,V,N,0.126393,N,0.060585
3vth_chainA,305,M,N,0.129221,N,0.067541
3vth_chainA,306,L,N,0.083173,N,0.043556
3vth_chainA,307,P,N,0.039075,N,0.028128
3vth_chainA,308,Y,N,0.017154,N,0.02128
3vth_chainA,309,A,N,0.027566,N,0.024482
3vth_chainA,310,P,N,0.017105,N,0.01704
3vth_chainA,311,I,N,0.019375,N,0.01758
3vth_chainA,312,H,N,0.030308,N,0.025159
3vth_chainA,313,Y,N,0.036623,N,0.028685
3vth_chainA,314,L,N,0.015896,N,0.013811
3vth_chainA,315,L,N,0.031858,N,0.024393
3vth_chainA,316,M,N,0.031584,N,0.032987
3vth_chainA,317,E,N,0.016189,N,0.01581
3vth_chainA,318,E,N,0.023024,N,0.017574
3vth_chainA,319,I,N,0.021454,N,0.018575
3vth_chainA,320,D,N,0.014102,N,0.014378
3vth_chainA,321,F,N,0.011858,N,0.012561
3vth_chainA,322,P,N,0.009002,N,0.010547
3vth_chainA,323,I,N,0.02763,N,0.02938
3vth_chainA,324,V,N,0.029624,N,0.019814
3vth_chainA,325,M,N,0.029116,N,0.023888
3vth_chainA,326,T,N,0.086339,N,0.071238
3vth_chainA,327,S,N,0.109925,N,0.080703
3vth_chainA,328,G,N,0.032918,N,0.037582
3vth_chainA,329,N,N,0.044605,N,0.053091
3vth_chainA,330,V,N,0.013427,N,0.019923
3vth_chainA,331,S,N,0.018385,N,0.022576
3vth_chainA,332,E,N,0.028518,N,0.034357
3vth_chainA,333,E,N,0.034187,N,0.038675
3vth_chainA,334,P,N,0.034577,N,0.032445
3vth_chainA,335,I,N,0.050557,N,0.034824
3vth_chainA,336,C,N,0.030357,N,0.026318
3vth_chainA,337,K,N,0.053734,N,0.033987
3vth_chainA,338,D,N,0.02047,N,0.013248
3vth_chainA,339,N,N,0.015486,N,0.01531
3vth_chainA,340,E,N,0.014815,N,0.012822
3vth_chainA,341,E,N,0.029714,N,0.034533
3vth_chainA,342,A,N,0.016872,N,0.010307
3vth_chainA,343,L,N,0.02497,N,0.021694
3vth_chainA,344,E,N,0.026121,N,0.020164
3vth_chainA,345,K,N,0.03978,N,0.032318
3vth_chainA,346,L,N,0.03855,N,0.023482
3vth_chainA,347,K,N,0.031348,N,0.019111
3vth_chainA,348,D,N,0.024909,N,0.018719
3vth_chainA,349,I,N,0.054368,N,0.038268
3vth_chainA,350,A,N,0.040498,N,0.031962
3vth_chainA,351,D,N,0.045179,N,0.038456
3vth_chainA,352,V,N,0.008962,N,0.009649
3vth_chainA,353,F,N,0.026934,N,0.026113
3vth_chainA,354,L,N,0.023887,N,0.016766
3vth_chainA,355,L,N,0.031096,N,0.025639
3vth_chainA,356,N,N,0.079165,N,0.060426
3vth_chainA,357,N,N,0.073189,N,0.076455
3vth_chainA,358,R,N,0.079305,N,0.080378
3vth_chainA,359,D,N,0.036926,N,0.045267
3vth_chainA,360,I,N,0.046879,N,0.032954
3vth_chainA,361,V,N,0.044922,N,0.035085
3vth_chainA,362,N,N,0.050039,N,0.037599
3vth_chainA,363,R,N,0.060525,N,0.038013
3vth_chainA,364,I,N,0.05671,N,0.041655
3vth_chainA,365,D,N,0.031605,N,0.021226
3vth_chainA,366,D,N,0.048805,N,0.032013
3vth_chainA,367,S,N,0.073704,N,0.040852
3vth_chainA,368,V,N,0.099091,N,0.053466
3vth_chainA,369,T,N,0.09041,N,0.062599
3vth_chainA,370,S,N,0.045353,N,0.055704
3vth_chainA,371,F,N,0.012261,N,0.012826
3vth_chainA,372,N,N,0.024314,N,0.023054
3vth_chainA,373,A,N,0.011474,N,0.010797
3vth_chainA,374,G,N,0.026117,N,0.020821
3vth_chainA,375,A,N,0.010834,N,0.008635
3vth_chainA,376,E,N,0.015896,N,0.014643
3vth_chainA,377,R,N,0.041965,N,0.034147
3vth_chainA,378,I,N,0.119127,N,0.041597
3vth_chainA,379,I,N,0.058218,N,0.035395
3vth_chainA,380,R,N,0.260431,N,0.121231
3vth_chainA,381,R,N,0.051071,N,0.040926
3vth_chainA,382,A,N,0.043195,N,0.028226
3vth_chainA,383,R,N,0.033633,N,0.044458
3vth_chainA,384,G,N,0.020609,N,0.019422
3vth_chainA,385,Y,N,0.032713,N,0.027689
3vth_chainA,386,A,N,0.031463,N,0.027725
3vth_chainA,387,P,N,0.081671,N,0.083514
3vth_chainA,388,Q,N,0.044983,N,0.042373
3vth_chainA,389,P,N,0.033703,N,0.024893
3vth_chainA,390,I,N,0.037694,N,0.034959
3vth_chainA,391,L,N,0.049761,N,0.04321
3vth_chainA,392,L,N,0.039109,N,0.036092
3vth_chainA,393,K,N,0.030808,N,0.035787
3vth_chainA,394,K,N,0.03889,N,0.039183
3vth_chainA,395,E,N,0.026849,N,0.02129
3vth_chainA,396,V,N,0.013071,N,0.012251
3vth_chainA,397,K,N,0.031612,N,0.02326
3vth_chainA,398,A,N,0.069018,N,0.042317
3vth_chainA,399,S,N,0.019086,N,0.01793
3vth_chainA,400,I,N,0.085143,N,0.054129
3vth_chainA,401,L,N,0.055345,N,0.039378
3vth_chainA,402,A,N,0.040441,N,0.028062
3vth_chainA,403,V,N,0.031255,N,0.024165
3vth_chainA,404,G,N,0.04267,N,0.042394
3vth_chainA,405,G,N,0.011549,N,0.010035
3vth_chainA,406,F,N,0.022815,N,0.028705
3vth_chainA,407,Y,N,0.03417,N,0.31399
3vth_chainA,408,K,N,0.041179,N,0.067427
3vth_chainA,409,N,N,0.027056,N,0.344901
3vth_chainA,410,T,N,0.025154,N,0.03412
3vth_chainA,411,F,N,0.027308,N,0.048856
3vth_chainA,412,C,N,0.029107,N,0.022717
3vth_chainA,413,M,N,0.024271,N,0.022906
3vth_chainA,414,T,N,0.020902,N,0.026503
3vth_chainA,415,K,N,0.035678,N,0.034078
3vth_chainA,416,G,N,0.011601,N,0.019901
3vth_chainA,417,H,N,0.016239,N,0.019487
3vth_chainA,418,Y,N,0.01536,N,0.020914
3vth_chainA,419,A,N,0.023478,N,0.026699
3vth_chainA,420,F,N,0.026773,N,0.032036
3vth_chainA,421,I,N,0.043871,N,0.029988
3vth_chainA,422,S,N,0.031752,N,0.029774
3vth_chainA,423,H,N,0.091771,N,0.067991
3vth_chainA,424,H,N,0.185209,N,0.095588
3vth_chainA,425,I,N,0.086037,N,0.062638
3vth_chainA,426,G,N,0.028519,N,0.021642
3vth_chainA,427,D,N,0.064845,N,0.048083
3vth_chainA,428,L,N,0.068037,N,0.034737
3vth_chainA,429,D,N,0.027971,N,0.015203
3vth_chainA,430,N,N,0.045638,N,0.021962
3vth_chainA,431,E,N,0.042261,N,0.02343
3vth_chainA,432,K,N,0.027727,N,0.021424
3vth_chainA,433,A,N,0.018212,N,0.010926
3vth_chainA,434,F,N,0.017813,N,0.019589
3vth_chainA,435,N,N,0.035453,N,0.027872
3vth_chainA,436,Y,N,0.015689,N,0.01447
3vth_chainA,437,Y,N,0.020586,N,0.019976
3vth_chainA,438,I,N,0.035446,N,0.02548
3vth_chainA,439,E,N,0.032553,N,0.027787
3vth_chainA,440,Q,N,0.033347,N,0.033066
3vth_chainA,441,I,N,0.023889,N,0.01496
3vth_chainA,442,E,N,0.027058,N,0.016812
3vth_chainA,443,R,N,0.036754,N,0.033281
3vth_chainA,444,Y,N,0.019604,N,0.01746
3vth_chainA,445,K,N,0.037151,N,0.023852
3vth_chainA,446,K,N,0.017082,N,0.015195
3vth_chainA,447,L,N,0.027337,N,0.019583
3vth_chainA,448,F,N,0.028239,N,0.02234
3vth_chainA,449,R,N,0.023037,N,0.017865
3vth_chainA,450,V,N,0.025833,N,0.02099
3vth_chainA,451,D,N,0.026497,N,0.02695
3vth_chainA,452,P,N,0.029268,N,0.024113
3vth_chainA,453,E,N,0.015234,N,0.016875
3vth_chainA,454,V,N,0.018248,N,0.019628
3vth_chainA,455,V,N,0.027442,N,0.02479
3vth_chainA,456,A,N,0.039669,N,0.027808
3vth_chainA,457,H,N,0.077858,N,0.056671
3vth_chainA,458,D,N,0.06377,N,0.030883
3vth_chainA,459,M,N,0.024958,N,0.014497
3vth_chainA,460,H,N,0.062294,N,0.039478
3vth_chainA,461,K,N,0.013248,N,0.008775
3vth_chainA,462,G,N,0.036843,N,0.027595
3vth_chainA,463,Y,N,0.054497,N,0.045485
3vth_chainA,464,L,N,0.01856,N,0.01613
3vth_chainA,465,S,N,0.041119,N,0.028369
3vth_chainA,466,T,N,0.058261,N,0.033223
3vth_chainA,467,Q,N,0.055096,N,0.048748
3vth_chainA,468,Y,N,0.024591,N,0.022496
3vth_chainA,469,A,N,0.016156,N,0.016324
3vth_chainA,470,K,N,0.035075,N,0.035808
3vth_chainA,471,S,N,0.030945,N,0.028668
3vth_chainA,472,L,N,0.036058,N,0.028308
3vth_chainA,473,D,N,0.016115,N,0.017586
3vth_chainA,474,L,N,0.024364,N,0.018716
3vth_chainA,475,P,N,0.022989,N,0.028009
3vth_chainA,476,K,N,0.023946,N,0.029966
3vth_chainA,477,I,N,0.031453,N,0.023519
3vth_chainA,478,E,N,0.024805,N,0.026554
3vth_chainA,479,V,N,0.040756,N,0.033132
3vth_chainA,480,Q,N,0.086072,N,0.105412
3vth_chainA,481,H,N,0.061788,N,0.128731
3vth_chainA,482,H,N,0.044109,N,0.03897
3vth_chainA,483,H,N,0.039969,N,0.032177
3vth_chainA,484,A,N,0.026197,N,0.016763
3vth_chainA,485,H,N,0.05859,N,0.056439
3vth_chainA,486,I,N,0.018053,N,0.012395
3vth_chainA,487,A,N,0.02186,N,0.014949
3vth_chainA,488,S,N,0.017303,N,0.012908
3vth_chainA,489,C,N,0.019864,N,0.015062
3vth_chainA,490,M,N,0.021087,N,0.014115
3vth_chainA,491,A,N,0.014075,N,0.013956
3vth_chainA,492,E,N,0.067558,N,0.06087
3vth_chainA,493,H,N,0.042241,N,0.030695
3vth_chainA,494,N,N,0.036506,N,0.028535
3vth_chainA,495,L,N,0.041766,N,0.030438
3vth_chainA,496,D,N,0.036818,N,0.032382
3vth_chainA,497,E,N,0.037897,N,0.034592
3vth_chainA,498,K,N,0.021651,N,0.020857
3vth_chainA,499,V,N,0.029327,N,0.028905
3vth_chainA,500,I,N,0.022558,N,0.017759
3vth_chainA,501,G,N,0.034042,N,0.037783
3vth_chainA,502,I,N,0.014543,N,0.018653
3vth_chainA,503,A,N,0.044798,N,0.176868
3vth_chainA,504,Y,N,0.052455,N,0.161415
3vth_chainA,505,D,N,0.092646,B,0.909727
3vth_chainA,506,G,N,0.032093,B,0.751989
3vth_chainA,507,T,N,0.032242,B,0.630646
3vth_chainA,508,G,N,0.022295,N,0.101392
3vth_chainA,509,Y,N,0.013813,N,0.032701
3vth_chainA,510,G,N,0.012154,N,0.029364
3vth_chainA,511,T,N,0.021261,N,0.025195
3vth_chainA,512,D,N,0.044775,N,0.049911
3vth_chainA,513,G,N,0.014815,N,0.020567
3vth_chainA,514,N,N,0.027964,N,0.041013
3vth_chainA,515,V,N,0.022212,N,0.036602
3vth_chainA,516,W,N,0.026675,N,0.029509
3vth_chainA,517,G,N,0.056763,B,0.400247
3vth_chainA,518,A,N,0.033993,N,0.03932
3vth_chainA,519,E,N,0.040142,N,0.064136
3vth_chainA,520,I,N,0.014816,N,0.014485
3vth_chainA,521,L,N,0.035838,N,0.032272
3vth_chainA,522,V,N,0.02339,N,0.022272
3vth_chainA,523,C,N,0.016296,N,0.013727
3vth_chainA,524,D,N,0.049588,N,0.036464
3vth_chainA,525,L,N,0.019937,N,0.017818
3vth_chainA,526,K,N,0.039437,N,0.040685
3vth_chainA,527,S,N,0.061442,N,0.048833
3vth_chainA,528,F,N,0.035205,N,0.032973
3vth_chainA,529,E,N,0.038436,N,0.041256
3vth_chainA,530,R,N,0.019711,N,0.018167
3vth_chainA,531,I,N,0.026839,N,0.019199
3vth_chainA,532,A,N,0.023608,N,0.020916
3vth_chainA,533,H,N,0.048846,N,0.036309
3vth_chainA,534,L,N,0.021883,N,0.018063
3vth_chainA,535,K,N,0.030427,N,0.027367
3vth_chainA,536,Y,N,0.0188,N,0.017239
3vth_chainA,537,K,N,0.018495,N,0.017087
3vth_chainA,538,P,N,0.053221,N,0.046835
3vth_chainA,539,L,N,0.02219,N,0.021741
3vth_chainA,540,P,N,0.034837,N,0.028892
3vth_chainA,541,G,N,0.045047,N,0.031838
3vth_chainA,542,N,N,0.037737,N,0.026815
3vth_chainA,543,E,N,0.036192,N,0.02942
3vth_chainA,544,L,N,0.058864,N,0.033249
3vth_chainA,545,A,N,0.047344,N,0.027394
3vth_chainA,546,I,N,0.017227,N,0.016379
3vth_chainA,547,K,N,0.05016,N,0.041294
3vth_chainA,548,K,N,0.076978,N,0.038309
3vth_chainA,549,I,N,0.030835,N,0.018135
3vth_chainA,550,Y,N,0.026573,N,0.022524
3vth_chainA,551,R,N,0.077823,N,0.060035
3vth_chainA,552,T,N,0.075442,N,0.042832
3vth_chainA,553,A,N,0.045532,N,0.030632
3vth_chainA,554,L,N,0.041259,N,0.031276
3vth_chainA,555,G,N,0.033109,N,0.021213
3vth_chainA,556,F,N,0.02825,N,0.019267
3vth_chainA,557,I,N,0.034625,N,0.023131
3vth_chainA,558,F,N,0.033898,N,0.024803
3vth_chainA,559,D,N,0.025669,N,0.01818
3vth_chainA,560,N,N,0.012158,N,0.008918
3vth_chainA,561,I,N,0.019953,N,0.014211
3vth_chainA,562,S,N,0.044764,N,0.030025
3vth_chainA,563,F,N,0.03185,N,0.025623
3vth_chainA,564,Y,N,0.045755,N,0.030518
3vth_chainA,565,K,N,0.045328,N,0.023156
3vth_chainA,566,N,N,0.071256,N,0.037561
3vth_chainA,567,F,N,0.110416,N,0.054676
3vth_chainA,568,V,N,0.091741,N,0.050598
3vth_chainA,569,E,N,0.129846,N,0.060572
3vth_chainA,570,Q,N,0.203626,N,0.073973
3vth_chainA,571,V,N,0.129453,N,0.054553
3vth_chainA,572,D,N,0.167204,N,0.091646
3vth_chainA,573,S,N,0.030323,N,0.016771
3vth_chainA,574,R,N,0.045268,N,0.031449
3vth_chainA,575,E,N,0.041112,N,0.030479
3vth_chainA,576,L,N,0.036734,N,0.025781
3vth_chainA,577,D,N,0.062986,N,0.040459
3vth_chainA,578,I,N,0.020172,N,0.014002
3vth_chainA,579,I,N,0.01623,N,0.01445
3vth_chainA,580,L,N,0.039975,N,0.038532
3vth_chainA,581,K,N,0.036947,N,0.03062
3vth_chainA,582,Q,N,0.022831,N,0.016577
3vth_chainA,583,I,N,0.023402,N,0.02591
3vth_chainA,584,D,N,0.027675,N,0.024429
3vth_chainA,585,R,N,0.028675,N,0.021666
3vth_chainA,586,K,N,0.032646,N,0.026644
3vth_chainA,587,I,N,0.032746,N,0.027866
3vth_chainA,588,N,N,0.022174,N,0.023689
3vth_chainA,589,T,N,0.043317,N,0.032434
3vth_chainA,590,A,N,0.101923,N,0.073405
3vth_chainA,591,Y,N,0.091939,N,0.073906
3vth_chainA,592,V,N,0.039273,N,0.032114
3vth_chainA,593,S,N,0.077865,N,0.045061
3vth_chainA,594,S,N,0.112269,N,0.087095
3vth_chainA,595,M,N,0.070244,N,0.083089
3vth_chainA,596,G,B,0.670219,B,0.664438
3vth_chainA,597,R,N,0.21159,N,0.170506
3vth_chainA,598,F,N,0.03015,N,0.033819
3vth_chainA,599,F,N,0.334578,N,0.265882
3vth_chainA,600,D,B,0.768885,B,0.607468
3vth_chainA,601,A,N,0.050049,N,0.040166
3vth_chainA,602,V,N,0.023648,N,0.019549
3vth_chainA,603,A,N,0.069836,N,0.043209
3vth_chainA,604,A,N,0.047049,N,0.03294
3vth_chainA,605,L,N,0.017515,N,0.016044
3vth_chainA,606,I,N,0.024656,N,0.019384
3vth_chainA,607,G,N,0.019028,N,0.017758
3vth_chainA,608,V,N,0.022589,N,0.022498
3vth_chainA,609,R,N,0.021274,N,0.019753
3vth_chainA,610,K,N,0.022559,N,0.023759
3vth_chainA,611,E,N,0.021567,N,0.0237
3vth_chainA,612,V,N,0.010565,N,0.016084
3vth_chainA,613,L,N,0.053964,N,0.049297
3vth_chainA,614,F,N,0.16367,N,0.128289
3vth_chainA,615,E,N,0.130229,N,0.116935
3vth_chainA,616,G,N,0.116434,N,0.236103
3vth_chainA,617,Q,B,0.707245,B,0.419327
3vth_chainA,618,A,B,0.526286,N,0.253081
3vth_chainA,619,A,N,0.049093,N,0.286123
3vth_chainA,620,M,N,0.10465,N,0.2558
3vth_chainA,621,E,N,0.146449,N,0.126665
3vth_chainA,622,L,N,0.030457,N,0.093315
3vth_chainA,623,E,N,0.013016,N,0.025181
3vth_chainA,624,S,N,0.024485,N,0.029265
3vth_chainA,625,L,N,0.044563,N,0.041799
3vth_chainA,626,M,N,0.03566,N,0.028686
3vth_chainA,627,A,N,0.029312,N,0.029544
3vth_chainA,628,E,N,0.058386,N,0.046783
3vth_chainA,629,S,N,0.018643,N,0.015299
3vth_chainA,630,E,N,0.037807,N,0.03079
3vth_chainA,631,E,N,0.033032,N,0.024991
3vth_chainA,632,Y,N,0.03018,N,0.026637
3vth_chainA,633,Y,N,0.036936,N,0.029117
3vth_chainA,634,E,N,0.043627,N,0.027461
3vth_chainA,635,Y,N,0.055657,N,0.038758
3vth_chainA,636,E,N,0.078763,N,0.048924
3vth_chainA,637,I,N,0.06673,N,0.032875
3vth_chainA,638,L,N,0.097427,N,0.046857
3vth_chainA,639,K,N,0.052338,N,0.034362
3vth_chainA,640,E,N,0.0615,N,0.035107
3vth_chainA,641,D,N,0.064066,N,0.033868
3vth_chainA,642,R,N,0.054959,N,0.029076
3vth_chainA,643,Y,N,0.069328,N,0.040009
3vth_chainA,644,V,N,0.039919,N,0.024507
3vth_chainA,645,I,N,0.035709,N,0.023026
3vth_chainA,646,D,N,0.044527,N,0.039952
3vth_chainA,647,P,N,0.042143,N,0.025586
3vth_chainA,648,E,N,0.048062,N,0.036991
3vth_chainA,649,L,N,0.062121,N,0.05108
3vth_chainA,650,I,N,0.027051,N,0.023428
3vth_chainA,651,L,N,0.054166,N,0.052852
3vth_chainA,652,R,N,0.050143,N,0.043732
3vth_chainA,653,Q,N,0.017176,N,0.015014
3vth_chainA,654,I,N,0.034137,N,0.024307
3vth_chainA,655,Y,N,0.027525,N,0.022267
3vth_chainA,656,E,N,0.032453,N,0.030448
3vth_chainA,657,D,N,0.01793,N,0.021085
3vth_chainA,658,Y,N,0.045283,N,0.037564
3vth_chainA,659,M,N,0.036338,N,0.023947
3vth_chainA,660,K,N,0.067939,N,0.053316
3vth_chainA,661,G,N,0.036338,N,0.028594
3vth_chainA,662,F,N,0.031946,N,0.0266
3vth_chainA,663,E,N,0.020707,N,0.017875
3vth_chainA,664,K,N,0.043552,N,0.03014
3vth_chainA,665,S,N,0.036479,N,0.020627
3vth_chainA,666,Y,N,0.102965,N,0.055497
3vth_chainA,667,I,N,0.046837,N,0.02987
3vth_chainA,668,S,N,0.055348,N,0.037152
3vth_chainA,669,A,N,0.034132,N,0.020508
3vth_chainA,670,K,N,0.039906,N,0.02298
3vth_chainA,671,F,N,0.047026,N,0.031558
3vth_chainA,672,H,N,0.036926,N,0.027741
3vth_chainA,673,N,N,0.022113,N,0.017428
3vth_chainA,674,T,N,0.033087,N,0.021324
3vth_chainA,675,V,N,0.03206,N,0.024929
3vth_chainA,676,V,N,0.013306,N,0.012045
3vth_chainA,677,N,N,0.028091,N,0.022948
3vth_chainA,678,F,N,0.031933,N,0.025464
3vth_chainA,679,T,N,0.033202,N,0.024679
3vth_chainA,680,Y,N,0.022243,N,0.013096
3vth_chainA,681,D,N,0.025456,N,0.018898
3vth_chainA,682,L,N,0.044219,N,0.029432
3vth_chainA,683,A,N,0.028,N,0.018172
3vth_chainA,684,N,N,0.013918,N,0.013051
3vth_chainA,685,L,N,0.021725,N,0.020141
3vth_chainA,686,I,N,0.037025,N,0.0239
3vth_chainA,687,R,N,0.026681,N,0.019602
3vth_chainA,688,K,N,0.026394,N,0.020507
3vth_chainA,689,E,N,0.033714,N,0.024079
3vth_chainA,690,T,N,0.02329,N,0.020887
3vth_chainA,691,G,N,0.04758,N,0.038464
3vth_chainA,692,I,N,0.029481,N,0.024413
3vth_chainA,693,N,N,0.020059,N,0.025205
3vth_chainA,694,K,N,0.031772,N,0.03073
3vth_chainA,695,V,N,0.034718,N,0.034328
3vth_chainA,696,V,N,0.013246,N,0.022508
3vth_chainA,697,L,N,0.028489,N,0.033186
3vth_chainA,698,S,N,0.145784,N,0.096708
3vth_chainA,699,G,N,0.333979,N,0.362214
3vth_chainA,700,G,B,0.974021,B,0.924236
3vth_chainA,701,S,B,0.894347,B,0.791376
3vth_chainA,702,F,N,0.088287,N,0.081321
3vth_chainA,703,Q,N,0.388455,B,0.556344
3vth_chainA,704,N,B,0.739873,B,0.704505
3vth_chainA,705,R,N,0.061586,N,0.056958
3vth_chainA,706,Y,N,0.045961,N,0.089652
3vth_chainA,707,L,N,0.045693,N,0.036177
3vth_chainA,708,L,N,0.034495,N,0.03257
3vth_chainA,709,R,N,0.017059,N,0.017832
3vth_chainA,710,R,N,0.024959,N,0.028054
3vth_chainA,711,L,N,0.017119,N,0.022346
3vth_chainA,712,I,N,0.016146,N,0.015201
3vth_chainA,713,E,N,0.026699,N,0.021044
3vth_chainA,714,K,N,0.024802,N,0.018555
3vth_chainA,715,L,N,0.032881,N,0.026682
3vth_chainA,716,S,N,0.040591,N,0.028899
3vth_chainA,717,L,N,0.04429,N,0.029651
3vth_chainA,718,S,N,0.030071,N,0.023025
3vth_chainA,719,G,N,0.051424,N,0.030888
3vth_chainA,720,F,N,0.026828,N,0.022418
3vth_chainA,721,E,N,0.045367,N,0.028347
3vth_chainA,722,V,N,0.02683,N,0.018758
3vth_chainA,723,Y,N,0.024008,N,0.025846
3vth_chainA,724,S,N,0.048561,N,0.038889
3vth_chainA,725,N,N,0.039028,N,0.032924
3vth_chainA,726,S,N,0.03167,N,0.029277
3vth_chainA,727,K,N,0.145271,N,0.161577
3vth_chainA,728,V,N,0.037104,N,0.042952
3vth_chainA,729,P,N,0.032941,N,0.037889
3vth_chainA,730,C,N,0.234587,N,0.19288
3vth_chainA,731,N,N,0.318542,B,0.418293
3vth_chainA,732,D,B,0.458596,N,0.323199
3vth_chainA,733,G,N,0.09962,N,0.056983
3vth_chainA,734,G,N,0.057212,N,0.036774
3vth_chainA,735,I,N,0.030287,N,0.026619
3vth_chainA,736,S,N,0.046199,N,0.027584
3vth_chainA,737,L,N,0.024885,N,0.015749
3vth_chainA,738,G,N,0.018798,N,0.018888
3vth_chainA,739,Q,N,0.009087,N,0.009107
3vth_chainA,740,A,N,0.009447,N,0.009126
3vth_chainA,741,V,N,0.011621,N,0.012563
3vth_chainA,742,I,N,0.021057,N,0.021344
3vth_chainA,743,A,N,0.014899,N,0.0142
3vth_chainA,744,N,N,0.046404,N,0.030219
3vth_chainA,745,K,N,0.021584,N,0.014347
3vth_chainA,746,I,N,0.020202,N,0.016661
3vth_chainA,747,L,N,0.040157,N,0.024302
3vth_chainA,748,E,N,0.034883,N,0.026002
3vth_chainA,749,G,N,0.03172,N,0.027632
3vth_chainA,750,S,N,0.029429,N,0.022103
3vth_chainA,751,A,N,0.021288,N,0.017563
3vth_chainA,752,W,N,0.01371,N,0.014376
3vth_chainA,753,S,N,0.014747,N,0.011285
