Prot.ID,NO,Residue,ATPseq Binding Sites,ATPseq Probability,ATPbind Binding Sites,ATPbind Probability
3wdl_chainB,1,I,N,0.043106,N,0.040004
3wdl_chainB,2,P,N,0.030309,N,0.029551
3wdl_chainB,3,K,N,0.022508,N,0.021919
3wdl_chainB,4,S,N,0.027153,N,0.019074
3wdl_chainB,5,H,N,0.03089,N,0.021206
3wdl_chainB,6,P,N,0.017437,N,0.017945
3wdl_chainB,7,R,N,0.045869,N,0.033144
3wdl_chainB,8,Y,N,0.037068,N,0.026745
3wdl_chainB,9,W,N,0.028898,N,0.028191
3wdl_chainB,10,S,N,0.043013,N,0.078215
3wdl_chainB,11,L,N,0.061325,N,0.052451
3wdl_chainB,12,Y,N,0.021255,N,0.0209
3wdl_chainB,13,Y,N,0.020877,N,0.018667
3wdl_chainB,14,R,B,0.463443,B,0.710851
3wdl_chainB,15,E,N,0.033188,N,0.081987
3wdl_chainB,16,K,N,0.033505,N,0.038007
3wdl_chainB,17,I,N,0.023877,N,0.018811
3wdl_chainB,18,I,N,0.030378,N,0.024472
3wdl_chainB,19,E,N,0.04057,N,0.03294
3wdl_chainB,20,G,N,0.057116,N,0.03812
3wdl_chainB,21,M,N,0.071449,N,0.040807
3wdl_chainB,22,E,N,0.069056,N,0.036768
3wdl_chainB,23,K,N,0.044218,N,0.023396
3wdl_chainB,24,G,N,0.306333,N,0.093199
3wdl_chainB,25,M,N,0.240967,N,0.061392
3wdl_chainB,26,T,N,0.08054,N,0.020565
3wdl_chainB,27,A,N,0.161858,N,0.050891
3wdl_chainB,28,K,N,0.227921,N,0.095212
3wdl_chainB,29,A,N,0.110422,N,0.040516
3wdl_chainB,30,G,N,0.040796,N,0.035248
3wdl_chainB,31,L,N,0.0462,N,0.037929
3wdl_chainB,32,I,N,0.028724,N,0.029289
3wdl_chainB,33,A,N,0.095321,N,0.206329
3wdl_chainB,34,H,N,0.405129,B,0.602165
3wdl_chainB,35,G,N,0.031634,N,0.084935
3wdl_chainB,36,R,B,0.443271,B,0.506561
3wdl_chainB,37,G,N,0.166375,N,0.071682
3wdl_chainB,38,E,N,0.141446,N,0.07932
3wdl_chainB,39,A,N,0.133861,N,0.146591
3wdl_chainB,40,F,N,0.058367,N,0.039519
3wdl_chainB,41,D,N,0.101716,N,0.081627
3wdl_chainB,42,Y,N,0.226816,B,0.454577
3wdl_chainB,43,L,N,0.060578,N,0.047244
3wdl_chainB,44,I,N,0.151224,N,0.102207
3wdl_chainB,45,G,N,0.141826,N,0.05725
3wdl_chainB,46,E,N,0.044721,N,0.03529
3wdl_chainB,47,R,N,0.141808,N,0.06733
3wdl_chainB,48,T,N,0.113886,N,0.05277
3wdl_chainB,49,I,N,0.119243,N,0.262447
3wdl_chainB,50,E,N,0.035783,N,0.044787
3wdl_chainB,51,P,N,0.033264,N,0.10512
3wdl_chainB,52,A,N,0.02233,B,0.41434
3wdl_chainB,53,E,N,0.015259,N,0.167079
3wdl_chainB,54,R,N,0.033096,N,0.045477
3wdl_chainB,55,A,N,0.019622,N,0.043472
3wdl_chainB,56,M,N,0.018139,N,0.021098
3wdl_chainB,57,R,N,0.046149,N,0.036448
3wdl_chainB,58,A,N,0.025263,N,0.015626
3wdl_chainB,59,A,N,0.027656,N,0.014353
3wdl_chainB,60,V,N,0.015821,N,0.010023
3wdl_chainB,61,A,N,0.028132,N,0.016858
3wdl_chainB,62,K,N,0.017322,N,0.014519
3wdl_chainB,63,F,N,0.011431,N,0.009435
3wdl_chainB,64,L,N,0.024225,N,0.020132
3wdl_chainB,65,L,N,0.011859,N,0.009871
3wdl_chainB,66,A,N,0.018916,N,0.010925
3wdl_chainB,67,E,N,0.026457,N,0.017094
3wdl_chainB,68,H,N,0.029013,N,0.018079
3wdl_chainB,69,P,N,0.013276,N,0.011497
3wdl_chainB,70,V,N,0.032497,N,0.031956
3wdl_chainB,71,I,N,0.050048,N,0.060151
3wdl_chainB,72,S,N,0.032916,N,0.275816
3wdl_chainB,73,V,N,0.031457,B,0.579387
3wdl_chainB,74,N,N,0.045338,B,0.488174
3wdl_chainB,75,G,N,0.097494,B,0.739049
3wdl_chainB,76,N,N,0.108459,B,0.610021
3wdl_chainB,77,V,N,0.264315,B,0.535837
3wdl_chainB,78,A,N,0.198266,N,0.100054
3wdl_chainB,79,A,N,0.163944,N,0.07385
3wdl_chainB,80,L,N,0.135871,B,0.398533
3wdl_chainB,81,V,N,0.02324,N,0.025476
3wdl_chainB,82,P,N,0.015804,N,0.020334
3wdl_chainB,83,K,N,0.021082,N,0.029476
3wdl_chainB,84,E,N,0.01919,N,0.025117
3wdl_chainB,85,T,N,0.016668,N,0.01761
3wdl_chainB,86,I,N,0.01223,N,0.01112
3wdl_chainB,87,E,N,0.011106,N,0.016062
3wdl_chainB,88,L,N,0.008819,N,0.008629
3wdl_chainB,89,A,N,0.013976,N,0.01487
3wdl_chainB,90,K,N,0.01539,N,0.012816
3wdl_chainB,91,A,N,0.032515,N,0.01838
3wdl_chainB,92,L,N,0.023737,N,0.014947
3wdl_chainB,93,N,N,0.029427,N,0.022881
3wdl_chainB,94,A,N,0.008574,N,0.009055
3wdl_chainB,95,K,N,0.039557,N,0.036542
3wdl_chainB,96,L,N,0.01957,N,0.018283
3wdl_chainB,97,E,N,0.049859,N,0.197949
3wdl_chainB,98,I,N,0.023488,N,0.139236
3wdl_chainB,99,N,N,0.04474,N,0.256418
3wdl_chainB,100,L,N,0.022548,N,0.343295
3wdl_chainB,101,F,N,0.039945,N,0.207274
3wdl_chainB,102,Y,N,0.043003,B,0.395218
3wdl_chainB,103,R,N,0.054896,N,0.203601
3wdl_chainB,104,T,N,0.025948,N,0.044153
3wdl_chainB,105,E,N,0.020175,N,0.024424
3wdl_chainB,106,E,N,0.011534,N,0.013106
3wdl_chainB,107,R,N,0.041654,N,0.126371
3wdl_chainB,108,V,N,0.015057,N,0.015271
3wdl_chainB,109,R,N,0.020326,N,0.022986
3wdl_chainB,110,T,N,0.011771,N,0.012046
3wdl_chainB,111,I,N,0.016871,N,0.04158
3wdl_chainB,112,A,N,0.022481,N,0.021657
3wdl_chainB,113,E,N,0.020635,N,0.016629
3wdl_chainB,114,E,N,0.021736,N,0.023073
3wdl_chainB,115,L,N,0.036787,N,0.029787
3wdl_chainB,116,R,N,0.025677,N,0.019888
3wdl_chainB,117,K,N,0.050431,N,0.033958
3wdl_chainB,118,Y,N,0.049058,N,0.028638
3wdl_chainB,119,D,N,0.03044,N,0.022895
3wdl_chainB,120,P,N,0.050623,N,0.037406
3wdl_chainB,121,E,N,0.01499,N,0.014319
3wdl_chainB,122,I,N,0.03867,N,0.027777
3wdl_chainB,123,E,N,0.041374,N,0.026905
3wdl_chainB,124,I,N,0.038076,N,0.0232
3wdl_chainB,125,L,N,0.051211,N,0.031648
3wdl_chainB,126,G,N,0.078617,N,0.051659
3wdl_chainB,127,I,N,0.03975,N,0.024612
3wdl_chainB,128,N,N,0.167966,N,0.07134
3wdl_chainB,129,P,N,0.05705,N,0.039917
3wdl_chainB,130,T,N,0.039971,N,0.048082
3wdl_chainB,131,K,N,0.029398,N,0.036477
3wdl_chainB,132,R,N,0.062585,N,0.05874
3wdl_chainB,133,I,N,0.054715,N,0.050647
3wdl_chainB,134,P,N,0.031708,N,0.049931
3wdl_chainB,135,G,N,0.043971,N,0.195201
3wdl_chainB,136,L,N,0.034992,B,0.395889
3wdl_chainB,137,E,N,0.048548,N,0.243305
3wdl_chainB,138,H,N,0.034264,N,0.213896
3wdl_chainB,139,E,N,0.031774,N,0.163471
3wdl_chainB,140,R,N,0.075388,N,0.329413
3wdl_chainB,141,G,N,0.050567,N,0.157106
3wdl_chainB,142,K,N,0.053333,N,0.073205
3wdl_chainB,143,V,N,0.054811,N,0.16719
3wdl_chainB,144,D,N,0.047592,N,0.058246
3wdl_chainB,145,E,N,0.048391,N,0.047589
3wdl_chainB,146,N,N,0.087349,N,0.055403
3wdl_chainB,147,G,N,0.020549,N,0.01427
3wdl_chainB,148,I,N,0.075474,N,0.045775
3wdl_chainB,149,W,N,0.03369,N,0.026321
3wdl_chainB,150,K,N,0.011555,N,0.006786
3wdl_chainB,151,A,N,0.055356,N,0.026293
3wdl_chainB,152,D,N,0.029289,N,0.01448
3wdl_chainB,153,V,N,0.036337,N,0.018628
3wdl_chainB,154,V,N,0.036138,N,0.020933
3wdl_chainB,155,L,N,0.031405,N,0.052552
3wdl_chainB,156,V,N,0.061351,N,0.281598
3wdl_chainB,157,P,N,0.083884,B,0.693133
3wdl_chainB,158,L,N,0.25788,B,0.979849
3wdl_chainB,159,E,N,0.116573,B,0.559798
3wdl_chainB,160,D,N,0.06505,N,0.246006
3wdl_chainB,161,G,B,0.489552,B,0.66893
3wdl_chainB,162,D,N,0.136089,N,0.123322
3wdl_chainB,163,R,N,0.149655,B,0.471442
3wdl_chainB,164,T,N,0.107467,N,0.050399
3wdl_chainB,165,E,N,0.030642,N,0.023944
3wdl_chainB,166,A,N,0.061532,N,0.038318
3wdl_chainB,167,L,N,0.038295,N,0.036386
3wdl_chainB,168,V,N,0.030637,N,0.023115
3wdl_chainB,169,R,N,0.042048,N,0.024219
3wdl_chainB,170,M,N,0.085767,N,0.042133
3wdl_chainB,171,G,N,0.047686,N,0.021638
3wdl_chainB,172,K,N,0.036937,N,0.027286
3wdl_chainB,173,F,N,0.018259,N,0.01461
3wdl_chainB,174,V,N,0.013373,N,0.018647
3wdl_chainB,175,V,N,0.046127,N,0.054115
3wdl_chainB,176,T,N,0.016151,N,0.054473
3wdl_chainB,177,V,N,0.035691,N,0.094527
3wdl_chainB,178,D,N,0.37871,B,0.43226
3wdl_chainB,179,L,N,0.13859,N,0.267572
3wdl_chainB,180,N,B,0.498209,B,0.471983
3wdl_chainB,181,P,N,0.080545,N,0.032236
3wdl_chainB,182,L,N,0.180117,N,0.076749
3wdl_chainB,183,S,N,0.289779,N,0.369709
3wdl_chainB,184,R,N,0.208896,N,0.347737
3wdl_chainB,185,S,N,0.244715,N,0.259871
3wdl_chainB,186,A,N,0.079583,N,0.037455
3wdl_chainB,187,R,N,0.046181,N,0.043417
3wdl_chainB,188,M,N,0.037701,N,0.018836
3wdl_chainB,189,A,N,0.015888,N,0.006948
3wdl_chainB,190,D,N,0.214133,N,0.08496
3wdl_chainB,191,I,N,0.033205,N,0.085489
3wdl_chainB,192,T,N,0.031486,N,0.038044
3wdl_chainB,193,I,N,0.032981,N,0.036436
3wdl_chainB,194,V,N,0.100308,N,0.103614
3wdl_chainB,195,D,B,0.615072,B,0.959226
3wdl_chainB,196,N,N,0.049864,B,0.452758
3wdl_chainB,197,I,N,0.13024,N,0.286953
3wdl_chainB,198,V,N,0.100022,N,0.0618
3wdl_chainB,199,R,N,0.072922,N,0.041635
3wdl_chainB,200,A,N,0.016662,N,0.013554
3wdl_chainB,201,Y,N,0.017184,N,0.01069
3wdl_chainB,202,P,N,0.012516,N,0.008447
3wdl_chainB,203,R,N,0.020884,N,0.01907
3wdl_chainB,204,M,N,0.011441,N,0.007525
3wdl_chainB,205,V,N,0.012778,N,0.009012
3wdl_chainB,206,E,N,0.029452,N,0.02918
3wdl_chainB,207,L,N,0.021293,N,0.017446
3wdl_chainB,208,A,N,0.020913,N,0.017418
3wdl_chainB,209,R,N,0.026741,N,0.019884
3wdl_chainB,210,E,N,0.033941,N,0.031765
3wdl_chainB,211,M,N,0.024166,N,0.022209
3wdl_chainB,212,K,N,0.062951,N,0.03255
3wdl_chainB,213,D,N,0.054217,N,0.036143
3wdl_chainB,214,Y,N,0.025655,N,0.021393
3wdl_chainB,215,S,N,0.045407,N,0.031728
3wdl_chainB,216,R,N,0.227177,N,0.088378
3wdl_chainB,217,E,N,0.094391,N,0.042181
3wdl_chainB,218,E,N,0.032334,N,0.021624
3wdl_chainB,219,L,N,0.037078,N,0.023099
3wdl_chainB,220,L,N,0.156031,N,0.051422
3wdl_chainB,221,K,N,0.046409,N,0.034241
3wdl_chainB,222,I,N,0.023825,N,0.02184
3wdl_chainB,223,V,N,0.03405,N,0.024687
3wdl_chainB,224,G,N,0.03705,N,0.028723
3wdl_chainB,225,E,N,0.069327,N,0.062469
3wdl_chainB,226,Y,N,0.06889,N,0.048358
3wdl_chainB,227,D,N,0.245561,N,0.235007
3wdl_chainB,228,N,N,0.097218,N,0.057121
3wdl_chainB,229,G,N,0.215443,N,0.095322
3wdl_chainB,230,K,N,0.069926,N,0.046437
3wdl_chainB,231,T,N,0.101538,N,0.104629
3wdl_chainB,232,L,N,0.146992,N,0.055298
3wdl_chainB,233,S,N,0.043828,N,0.042546
3wdl_chainB,234,D,N,0.031131,N,0.032449
3wdl_chainB,235,V,N,0.031604,N,0.024921
3wdl_chainB,236,L,N,0.03745,N,0.028806
3wdl_chainB,237,L,N,0.015283,N,0.015809
3wdl_chainB,238,H,N,0.026939,N,0.062142
3wdl_chainB,239,I,N,0.02372,N,0.020161
3wdl_chainB,240,R,N,0.021017,N,0.018866
3wdl_chainB,241,D,N,0.020944,N,0.015044
3wdl_chainB,242,R,N,0.064577,N,0.052685
3wdl_chainB,243,L,N,0.023855,N,0.020008
3wdl_chainB,244,T,N,0.016222,N,0.011107
3wdl_chainB,245,R,N,0.046791,N,0.031067
3wdl_chainB,246,L,N,0.01445,N,0.011705
3wdl_chainB,247,A,N,0.01105,N,0.011053
3wdl_chainB,248,E,N,0.011282,N,0.011213
3wdl_chainB,249,E,N,0.019021,N,0.015785
3wdl_chainB,250,G,N,0.017206,N,0.014933
3wdl_chainB,251,I,N,0.018605,N,0.014301
3wdl_chainB,252,W,N,0.020454,N,0.017108
3wdl_chainB,253,R,N,0.020485,N,0.013855
