Prot.ID,NO,Residue,ATPseq Binding Sites,ATPseq Probability,ATPbind Binding Sites,ATPbind Probability
3wgu_chainC,1,R,N,0.010804,N,0.009259
3wgu_chainC,2,D,N,0.013781,N,0.009338
3wgu_chainC,3,M,N,0.016262,N,0.012437
3wgu_chainC,4,D,N,0.020496,N,0.01529
3wgu_chainC,5,E,N,0.031268,N,0.025269
3wgu_chainC,6,L,N,0.022669,N,0.017103
3wgu_chainC,7,K,N,0.041327,N,0.027686
3wgu_chainC,8,K,N,0.019712,N,0.016402
3wgu_chainC,9,E,N,0.022846,N,0.021903
3wgu_chainC,10,V,N,0.025263,N,0.014379
3wgu_chainC,11,S,N,0.022826,N,0.021785
3wgu_chainC,12,M,N,0.048222,N,0.026738
3wgu_chainC,13,D,N,0.065358,N,0.041922
3wgu_chainC,14,D,N,0.028465,N,0.017518
3wgu_chainC,15,H,N,0.039393,N,0.029635
3wgu_chainC,16,K,N,0.033578,N,0.025335
3wgu_chainC,17,L,N,0.053686,N,0.032663
3wgu_chainC,18,S,N,0.022336,N,0.019487
3wgu_chainC,19,L,N,0.036673,N,0.023991
3wgu_chainC,20,D,N,0.026579,N,0.021781
3wgu_chainC,21,E,N,0.028911,N,0.025887
3wgu_chainC,22,L,N,0.022513,N,0.0174
3wgu_chainC,23,H,N,0.035408,N,0.028281
3wgu_chainC,24,R,N,0.020733,N,0.026617
3wgu_chainC,25,K,N,0.052262,N,0.045042
3wgu_chainC,26,Y,N,0.034228,N,0.024629
3wgu_chainC,27,G,N,0.032107,N,0.02753
3wgu_chainC,28,T,N,0.031385,N,0.022908
3wgu_chainC,29,D,N,0.101238,N,0.063547
3wgu_chainC,30,L,N,0.072369,N,0.055864
3wgu_chainC,31,S,N,0.043468,N,0.035463
3wgu_chainC,32,R,N,0.085914,N,0.05178
3wgu_chainC,33,G,N,0.080308,N,0.046739
3wgu_chainC,34,L,N,0.064474,N,0.050037
3wgu_chainC,35,T,N,0.048511,N,0.041258
3wgu_chainC,36,P,N,0.018079,N,0.014221
3wgu_chainC,37,A,N,0.029984,N,0.016081
3wgu_chainC,38,R,N,0.038362,N,0.031436
3wgu_chainC,39,A,N,0.021213,N,0.018555
3wgu_chainC,40,A,N,0.035947,N,0.021361
3wgu_chainC,41,E,N,0.016664,N,0.017785
3wgu_chainC,42,I,N,0.034255,N,0.031004
3wgu_chainC,43,L,N,0.039207,N,0.025759
3wgu_chainC,44,A,N,0.037301,N,0.032769
3wgu_chainC,45,R,N,0.048792,N,0.03926
3wgu_chainC,46,D,N,0.059877,N,0.039159
3wgu_chainC,47,G,N,0.035381,N,0.030659
3wgu_chainC,48,P,N,0.023553,N,0.024509
3wgu_chainC,49,N,N,0.061645,N,0.047153
3wgu_chainC,50,A,N,0.046073,N,0.033166
3wgu_chainC,51,L,N,0.033452,N,0.035625
3wgu_chainC,52,T,N,0.026631,N,0.02323
3wgu_chainC,53,P,N,0.033953,N,0.028114
3wgu_chainC,54,P,N,0.026103,N,0.026582
3wgu_chainC,55,P,N,0.028271,N,0.034076
3wgu_chainC,56,T,N,0.022233,N,0.02139
3wgu_chainC,57,T,N,0.050126,N,0.036184
3wgu_chainC,58,P,N,0.021049,N,0.016486
3wgu_chainC,59,E,N,0.03325,N,0.022564
3wgu_chainC,60,W,N,0.042636,N,0.035609
3wgu_chainC,61,V,N,0.024048,N,0.024347
3wgu_chainC,62,K,N,0.031478,N,0.027122
3wgu_chainC,63,F,N,0.027933,N,0.021962
3wgu_chainC,64,C,N,0.019765,N,0.02191
3wgu_chainC,65,R,N,0.028076,N,0.030234
3wgu_chainC,66,Q,N,0.044336,N,0.033285
3wgu_chainC,67,L,N,0.01775,N,0.013898
3wgu_chainC,68,F,N,0.029623,N,0.029244
3wgu_chainC,69,G,N,0.033761,N,0.030423
3wgu_chainC,70,G,N,0.046957,N,0.038203
3wgu_chainC,71,F,N,0.042649,N,0.038181
3wgu_chainC,72,S,N,0.032571,N,0.031081
3wgu_chainC,73,M,N,0.027637,N,0.026989
3wgu_chainC,74,L,N,0.035222,N,0.030376
3wgu_chainC,75,L,N,0.029577,N,0.025257
3wgu_chainC,76,W,N,0.026564,N,0.020344
3wgu_chainC,77,I,N,0.025791,N,0.023122
3wgu_chainC,78,G,N,0.034389,N,0.035537
3wgu_chainC,79,A,N,0.020644,N,0.01932
3wgu_chainC,80,I,N,0.020919,N,0.017306
3wgu_chainC,81,L,N,0.024215,N,0.024299
3wgu_chainC,82,C,N,0.028714,N,0.029864
3wgu_chainC,83,F,N,0.021661,N,0.021442
3wgu_chainC,84,L,N,0.030204,N,0.028267
3wgu_chainC,85,A,N,0.012482,N,0.011456
3wgu_chainC,86,Y,N,0.014717,N,0.013969
3wgu_chainC,87,G,N,0.01692,N,0.016504
3wgu_chainC,88,I,N,0.018583,N,0.014543
3wgu_chainC,89,Q,N,0.0174,N,0.016988
3wgu_chainC,90,A,N,0.012258,N,0.011674
3wgu_chainC,91,A,N,0.026509,N,0.020769
3wgu_chainC,92,T,N,0.02635,N,0.018976
3wgu_chainC,93,E,N,0.022567,N,0.018805
3wgu_chainC,94,E,N,0.01664,N,0.015354
3wgu_chainC,95,E,N,0.015704,N,0.016012
3wgu_chainC,96,P,N,0.015352,N,0.01421
3wgu_chainC,97,Q,N,0.026732,N,0.020884
3wgu_chainC,98,N,N,0.023467,N,0.021495
3wgu_chainC,99,D,N,0.040277,N,0.027228
3wgu_chainC,100,N,N,0.06802,N,0.054769
3wgu_chainC,101,L,N,0.030386,N,0.029977
3wgu_chainC,102,Y,N,0.032254,N,0.024091
3wgu_chainC,103,L,N,0.032185,N,0.024659
3wgu_chainC,104,G,N,0.043389,N,0.037562
3wgu_chainC,105,V,N,0.034914,N,0.029878
3wgu_chainC,106,V,N,0.030657,N,0.024775
3wgu_chainC,107,L,N,0.046655,N,0.038507
3wgu_chainC,108,S,N,0.058028,N,0.057518
3wgu_chainC,109,A,N,0.02662,N,0.022538
3wgu_chainC,110,V,N,0.045893,N,0.036835
3wgu_chainC,111,V,N,0.035913,N,0.03183
3wgu_chainC,112,I,N,0.017313,N,0.020546
3wgu_chainC,113,I,N,0.030571,N,0.029735
3wgu_chainC,114,T,N,0.028929,N,0.029167
3wgu_chainC,115,G,N,0.024301,N,0.025456
3wgu_chainC,116,C,N,0.010247,N,0.01366
3wgu_chainC,117,F,N,0.022752,N,0.026345
3wgu_chainC,118,S,N,0.033189,N,0.029011
3wgu_chainC,119,Y,N,0.035281,N,0.0406
3wgu_chainC,120,Y,N,0.026969,N,0.027559
3wgu_chainC,121,Q,N,0.046896,N,0.042023
3wgu_chainC,122,E,N,0.076978,N,0.053128
3wgu_chainC,123,A,N,0.046171,N,0.038656
3wgu_chainC,124,K,N,0.099706,N,0.073825
3wgu_chainC,125,S,N,0.021944,N,0.016957
3wgu_chainC,126,S,N,0.029237,N,0.02267
3wgu_chainC,127,K,N,0.04813,N,0.034592
3wgu_chainC,128,I,N,0.037535,N,0.028194
3wgu_chainC,129,M,N,0.025942,N,0.019702
3wgu_chainC,130,E,N,0.040322,N,0.031368
3wgu_chainC,131,S,N,0.025154,N,0.018793
3wgu_chainC,132,F,N,0.026155,N,0.027476
3wgu_chainC,133,K,N,0.046653,N,0.03403
3wgu_chainC,134,N,N,0.039371,N,0.027721
3wgu_chainC,135,M,N,0.029601,N,0.023507
3wgu_chainC,136,V,N,0.020979,N,0.017143
3wgu_chainC,137,P,N,0.045,N,0.03802
3wgu_chainC,138,Q,N,0.034547,N,0.028515
3wgu_chainC,139,Q,N,0.028885,N,0.023465
3wgu_chainC,140,A,N,0.047446,N,0.030636
3wgu_chainC,141,L,N,0.038849,N,0.025817
3wgu_chainC,142,V,N,0.04173,N,0.026276
3wgu_chainC,143,I,N,0.019358,N,0.021263
3wgu_chainC,144,R,N,0.01899,N,0.021971
3wgu_chainC,145,N,N,0.012452,N,0.016738
3wgu_chainC,146,G,N,0.039181,N,0.035386
3wgu_chainC,147,E,N,0.019434,N,0.022452
3wgu_chainC,148,K,N,0.042382,N,0.040366
3wgu_chainC,149,M,N,0.034602,N,0.027294
3wgu_chainC,150,S,N,0.047182,N,0.036357
3wgu_chainC,151,I,N,0.039928,N,0.022887
3wgu_chainC,152,N,N,0.048057,N,0.037859
3wgu_chainC,153,A,N,0.062419,N,0.057063
3wgu_chainC,154,E,N,0.027494,N,0.028464
3wgu_chainC,155,E,N,0.027737,N,0.026855
3wgu_chainC,156,V,N,0.033449,N,0.027053
3wgu_chainC,157,V,N,0.033354,N,0.040924
3wgu_chainC,158,V,N,0.030103,N,0.029188
3wgu_chainC,159,G,N,0.04927,N,0.038222
3wgu_chainC,160,D,N,0.073364,N,0.062839
3wgu_chainC,161,L,N,0.065656,N,0.047861
3wgu_chainC,162,V,N,0.035955,N,0.030168
3wgu_chainC,163,E,N,0.01416,N,0.018874
3wgu_chainC,164,V,N,0.016238,N,0.018339
3wgu_chainC,165,K,N,0.014141,N,0.013077
3wgu_chainC,166,G,N,0.007166,N,0.008526
3wgu_chainC,167,G,N,0.030627,N,0.033754
3wgu_chainC,168,D,N,0.027178,N,0.025997
3wgu_chainC,169,R,N,0.033077,N,0.026938
3wgu_chainC,170,I,N,0.04737,N,0.035901
3wgu_chainC,171,P,N,0.042281,N,0.036775
3wgu_chainC,172,A,N,0.023537,N,0.025079
3wgu_chainC,173,D,N,0.051777,N,0.041255
3wgu_chainC,174,L,N,0.019966,N,0.019779
3wgu_chainC,175,R,N,0.026445,N,0.026295
3wgu_chainC,176,I,N,0.030162,N,0.025012
3wgu_chainC,177,I,N,0.045032,N,0.035561
3wgu_chainC,178,S,N,0.028539,N,0.023181
3wgu_chainC,179,A,N,0.028867,N,0.023494
3wgu_chainC,180,N,N,0.030915,N,0.02403
3wgu_chainC,181,G,N,0.01755,N,0.020828
3wgu_chainC,182,C,N,0.019976,N,0.025251
3wgu_chainC,183,K,N,0.020818,N,0.023786
3wgu_chainC,184,V,N,0.018015,N,0.018814
3wgu_chainC,185,D,N,0.044998,N,0.041902
3wgu_chainC,186,N,N,0.046606,N,0.036219
3wgu_chainC,187,S,N,0.045055,N,0.033947
3wgu_chainC,188,S,N,0.048547,N,0.036927
3wgu_chainC,189,L,N,0.058107,N,0.045615
3wgu_chainC,190,T,N,0.057802,N,0.043572
3wgu_chainC,191,G,N,0.029718,N,0.048471
3wgu_chainC,192,E,N,0.081593,N,0.085498
3wgu_chainC,193,S,N,0.035307,N,0.044149
3wgu_chainC,194,E,N,0.021565,N,0.024224
3wgu_chainC,195,P,N,0.037245,N,0.041458
3wgu_chainC,196,Q,N,0.056597,N,0.052398
3wgu_chainC,197,T,N,0.028828,N,0.032832
3wgu_chainC,198,R,N,0.116501,N,0.188449
3wgu_chainC,199,S,N,0.028732,N,0.054271
3wgu_chainC,200,P,N,0.029864,N,0.037723
3wgu_chainC,201,D,N,0.030678,N,0.076429
3wgu_chainC,202,F,N,0.027084,N,0.036779
3wgu_chainC,203,T,N,0.054215,N,0.111522
3wgu_chainC,204,N,N,0.074398,N,0.065913
3wgu_chainC,205,E,N,0.047272,N,0.03131
3wgu_chainC,206,N,N,0.037989,N,0.026604
3wgu_chainC,207,P,N,0.02911,N,0.019261
3wgu_chainC,208,L,N,0.017857,N,0.012509
3wgu_chainC,209,E,N,0.019995,N,0.01403
3wgu_chainC,210,T,N,0.02075,N,0.01529
3wgu_chainC,211,R,N,0.065018,N,0.093199
3wgu_chainC,212,N,N,0.010646,N,0.009012
3wgu_chainC,213,I,N,0.016642,N,0.013579
3wgu_chainC,214,A,N,0.028591,N,0.022202
3wgu_chainC,215,F,N,0.018698,N,0.015723
3wgu_chainC,216,F,N,0.012071,N,0.012825
3wgu_chainC,217,S,N,0.005084,N,0.009399
3wgu_chainC,218,T,N,0.021086,N,0.020106
3wgu_chainC,219,N,N,0.019304,N,0.019718
3wgu_chainC,220,C,N,0.030916,N,0.026895
3wgu_chainC,221,V,N,0.01866,N,0.017047
3wgu_chainC,222,E,N,0.025115,N,0.020738
3wgu_chainC,223,G,N,0.021235,N,0.015967
3wgu_chainC,224,T,N,0.009722,N,0.012276
3wgu_chainC,225,A,N,0.015193,N,0.011838
3wgu_chainC,226,R,N,0.017821,N,0.020535
3wgu_chainC,227,G,N,0.015664,N,0.013774
3wgu_chainC,228,I,N,0.050662,N,0.038273
3wgu_chainC,229,V,N,0.032059,N,0.023845
3wgu_chainC,230,V,N,0.036059,N,0.030341
3wgu_chainC,231,Y,N,0.031573,N,0.031941
3wgu_chainC,232,T,N,0.03461,N,0.041763
3wgu_chainC,233,G,N,0.019718,N,0.019182
3wgu_chainC,234,D,N,0.010528,N,0.015734
3wgu_chainC,235,R,N,0.021369,N,0.017767
3wgu_chainC,236,T,N,0.015198,N,0.016914
3wgu_chainC,237,V,N,0.021487,N,0.016973
3wgu_chainC,238,M,N,0.034134,N,0.022827
3wgu_chainC,239,G,N,0.054833,N,0.036061
3wgu_chainC,240,R,N,0.060554,N,0.053858
3wgu_chainC,241,I,N,0.013746,N,0.015121
3wgu_chainC,242,A,N,0.027473,N,0.022475
3wgu_chainC,243,T,N,0.017303,N,0.017404
3wgu_chainC,244,L,N,0.056411,N,0.043407
3wgu_chainC,245,A,N,0.075334,N,0.04776
3wgu_chainC,246,S,N,0.014863,N,0.018624
3wgu_chainC,247,G,N,0.019488,N,0.018777
3wgu_chainC,248,L,N,0.039817,N,0.034775
3wgu_chainC,249,E,N,0.050881,N,0.045508
3wgu_chainC,250,G,N,0.027297,N,0.026553
3wgu_chainC,251,G,N,0.025444,N,0.022224
3wgu_chainC,252,Q,N,0.052594,N,0.035093
3wgu_chainC,253,T,N,0.038402,N,0.031257
3wgu_chainC,254,P,N,0.044899,N,0.034131
3wgu_chainC,255,I,N,0.023706,N,0.022314
3wgu_chainC,256,A,N,0.034211,N,0.02685
3wgu_chainC,257,A,N,0.024306,N,0.024197
3wgu_chainC,258,E,N,0.018507,N,0.016766
3wgu_chainC,259,I,N,0.034835,N,0.025358
3wgu_chainC,260,E,N,0.033165,N,0.02824
3wgu_chainC,261,H,N,0.036027,N,0.030943
3wgu_chainC,262,F,N,0.021186,N,0.017168
3wgu_chainC,263,I,N,0.031925,N,0.02424
3wgu_chainC,264,H,N,0.032571,N,0.031976
3wgu_chainC,265,I,N,0.016766,N,0.014602
3wgu_chainC,266,I,N,0.032379,N,0.0293
3wgu_chainC,267,T,N,0.021702,N,0.018771
3wgu_chainC,268,G,N,0.022836,N,0.023274
3wgu_chainC,269,V,N,0.022311,N,0.01955
3wgu_chainC,270,A,N,0.021404,N,0.020887
3wgu_chainC,271,V,N,0.024685,N,0.02047
3wgu_chainC,272,F,N,0.04459,N,0.038754
3wgu_chainC,273,L,N,0.04615,N,0.042266
3wgu_chainC,274,G,N,0.041404,N,0.036884
3wgu_chainC,275,V,N,0.029736,N,0.024904
3wgu_chainC,276,S,N,0.028048,N,0.027154
3wgu_chainC,277,F,N,0.027902,N,0.031279
3wgu_chainC,278,F,N,0.028549,N,0.028673
3wgu_chainC,279,I,N,0.016567,N,0.01503
3wgu_chainC,280,L,N,0.024513,N,0.028807
3wgu_chainC,281,S,N,0.017845,N,0.02349
3wgu_chainC,282,L,N,0.015808,N,0.018362
3wgu_chainC,283,I,N,0.018402,N,0.02065
3wgu_chainC,284,L,N,0.032445,N,0.036955
3wgu_chainC,285,E,N,0.033759,N,0.030914
3wgu_chainC,286,Y,N,0.04452,N,0.03469
3wgu_chainC,287,T,N,0.020394,N,0.0205
3wgu_chainC,288,W,N,0.01934,N,0.015037
3wgu_chainC,289,L,N,0.046484,N,0.040633
3wgu_chainC,290,E,N,0.027122,N,0.026807
3wgu_chainC,291,A,N,0.027612,N,0.023813
3wgu_chainC,292,V,N,0.029123,N,0.019398
3wgu_chainC,293,I,N,0.026687,N,0.024841
3wgu_chainC,294,F,N,0.047556,N,0.032113
3wgu_chainC,295,L,N,0.027845,N,0.017703
3wgu_chainC,296,I,N,0.043687,N,0.031706
3wgu_chainC,297,G,N,0.017543,N,0.015956
3wgu_chainC,298,I,N,0.041674,N,0.02705
3wgu_chainC,299,I,N,0.020324,N,0.019272
3wgu_chainC,300,V,N,0.03181,N,0.027464
3wgu_chainC,301,A,N,0.02913,N,0.020571
3wgu_chainC,302,N,N,0.027764,N,0.024605
3wgu_chainC,303,V,N,0.021285,N,0.020679
3wgu_chainC,304,P,N,0.023814,N,0.023835
3wgu_chainC,305,E,N,0.015318,N,0.018213
3wgu_chainC,306,G,N,0.023656,N,0.022401
3wgu_chainC,307,L,N,0.04139,N,0.031605
3wgu_chainC,308,L,N,0.024408,N,0.018362
3wgu_chainC,309,A,N,0.04883,N,0.032374
3wgu_chainC,310,T,N,0.043416,N,0.030394
3wgu_chainC,311,V,N,0.030046,N,0.021387
3wgu_chainC,312,T,N,0.037186,N,0.024253
3wgu_chainC,313,V,N,0.0239,N,0.023176
3wgu_chainC,314,C,N,0.013906,N,0.018869
3wgu_chainC,315,L,N,0.020921,N,0.018767
3wgu_chainC,316,T,N,0.023293,N,0.023375
3wgu_chainC,317,L,N,0.015497,N,0.018738
3wgu_chainC,318,T,N,0.036567,N,0.033484
3wgu_chainC,319,A,N,0.024256,N,0.024998
3wgu_chainC,320,K,N,0.020071,N,0.029273
3wgu_chainC,321,R,N,0.026181,N,0.027204
3wgu_chainC,322,M,N,0.023852,N,0.017092
3wgu_chainC,323,A,N,0.021035,N,0.018056
3wgu_chainC,324,R,N,0.133311,N,0.073081
3wgu_chainC,325,K,N,0.045869,N,0.034106
3wgu_chainC,326,N,N,0.021499,N,0.022404
3wgu_chainC,327,C,N,0.012834,N,0.013837
3wgu_chainC,328,L,N,0.025922,N,0.019243
3wgu_chainC,329,V,N,0.024404,N,0.017253
3wgu_chainC,330,K,N,0.035718,N,0.025266
3wgu_chainC,331,N,N,0.029063,N,0.024119
3wgu_chainC,332,L,N,0.013161,N,0.011358
3wgu_chainC,333,E,N,0.015446,N,0.018082
3wgu_chainC,334,A,N,0.025662,N,0.027655
3wgu_chainC,335,V,N,0.029375,N,0.023549
3wgu_chainC,336,E,N,0.037393,N,0.027564
3wgu_chainC,337,T,N,0.013221,N,0.013472
3wgu_chainC,338,L,N,0.046875,N,0.027727
3wgu_chainC,339,G,N,0.046101,N,0.03347
3wgu_chainC,340,S,N,0.020098,N,0.016613
3wgu_chainC,341,T,N,0.009679,N,0.00958
3wgu_chainC,342,S,N,0.013959,N,0.013143
3wgu_chainC,343,T,N,0.014221,N,0.013165
3wgu_chainC,344,I,N,0.01971,N,0.017911
3wgu_chainC,345,C,N,0.01486,N,0.018594
3wgu_chainC,346,S,N,0.034929,N,0.064217
3wgu_chainC,347,D,N,0.076069,N,0.209875
3wgu_chainC,348,K,N,0.097222,N,0.136752
3wgu_chainC,349,T,N,0.2394,B,0.389587
3wgu_chainC,350,G,N,0.14822,N,0.12797
3wgu_chainC,351,T,N,0.115617,N,0.062364
3wgu_chainC,352,L,N,0.066032,N,0.038211
3wgu_chainC,353,T,N,0.058078,N,0.042035
3wgu_chainC,354,Q,N,0.03609,N,0.032747
3wgu_chainC,355,N,N,0.019458,N,0.015573
3wgu_chainC,356,R,N,0.028258,N,0.026996
3wgu_chainC,357,M,N,0.040639,N,0.030809
3wgu_chainC,358,T,N,0.04529,N,0.040391
3wgu_chainC,359,V,N,0.041858,N,0.032883
3wgu_chainC,360,A,N,0.040162,N,0.035891
3wgu_chainC,361,H,N,0.027061,N,0.016694
3wgu_chainC,362,M,N,0.039464,N,0.03069
3wgu_chainC,363,W,N,0.050348,N,0.036295
3wgu_chainC,364,F,N,0.035119,N,0.020526
3wgu_chainC,365,D,N,0.034164,N,0.029926
3wgu_chainC,366,N,N,0.048327,N,0.024558
3wgu_chainC,367,Q,N,0.04342,N,0.026737
3wgu_chainC,368,I,N,0.029967,N,0.016373
3wgu_chainC,369,H,N,0.036638,N,0.020227
3wgu_chainC,370,E,N,0.046104,N,0.020345
3wgu_chainC,371,A,N,0.034944,N,0.015239
3wgu_chainC,372,D,N,0.059061,N,0.030256
3wgu_chainC,373,T,N,0.057418,N,0.031221
3wgu_chainC,374,T,N,0.045951,N,0.028308
3wgu_chainC,375,E,N,0.043005,N,0.018494
3wgu_chainC,376,N,N,0.021951,N,0.011947
3wgu_chainC,377,Q,N,0.027982,N,0.014959
3wgu_chainC,378,S,N,0.055164,N,0.028957
3wgu_chainC,379,G,N,0.024586,N,0.015918
3wgu_chainC,380,V,N,0.047393,N,0.029603
3wgu_chainC,381,S,N,0.030644,N,0.027201
3wgu_chainC,382,F,N,0.031106,N,0.01944
3wgu_chainC,383,D,N,0.032733,N,0.025277
3wgu_chainC,384,K,N,0.03266,N,0.031593
3wgu_chainC,385,T,N,0.022566,N,0.020676
3wgu_chainC,386,S,N,0.024767,N,0.019563
3wgu_chainC,387,A,N,0.019805,N,0.012782
3wgu_chainC,388,T,N,0.016958,N,0.013376
3wgu_chainC,389,W,N,0.029817,N,0.020385
3wgu_chainC,390,L,N,0.025309,N,0.014149
3wgu_chainC,391,A,N,0.01953,N,0.014788
3wgu_chainC,392,L,N,0.02425,N,0.01337
3wgu_chainC,393,S,N,0.029567,N,0.025434
3wgu_chainC,394,R,N,0.063024,N,0.045014
3wgu_chainC,395,I,N,0.031131,N,0.019283
3wgu_chainC,396,A,N,0.037426,N,0.030511
3wgu_chainC,397,G,N,0.029683,N,0.154541
3wgu_chainC,398,L,N,0.023503,N,0.030913
3wgu_chainC,399,C,N,0.029235,N,0.031552
3wgu_chainC,400,N,N,0.020406,N,0.056695
3wgu_chainC,401,R,N,0.050105,B,0.493969
3wgu_chainC,402,A,N,0.018626,N,0.020718
3wgu_chainC,403,V,N,0.020862,N,0.019041
3wgu_chainC,404,F,N,0.023043,N,0.01988
3wgu_chainC,405,Q,N,0.040884,N,0.046388
3wgu_chainC,406,A,N,0.015516,N,0.018917
3wgu_chainC,407,N,N,0.028928,N,0.021284
3wgu_chainC,408,Q,N,0.023724,N,0.020617
3wgu_chainC,409,E,N,0.040579,N,0.027989
3wgu_chainC,410,N,N,0.036911,N,0.06468
3wgu_chainC,411,L,N,0.040202,N,0.051832
3wgu_chainC,412,P,N,0.041232,N,0.072535
3wgu_chainC,413,I,N,0.027707,N,0.062783
3wgu_chainC,414,L,N,0.024958,N,0.052888
3wgu_chainC,415,K,N,0.051603,N,0.091225
3wgu_chainC,416,R,N,0.031896,N,0.031068
3wgu_chainC,417,A,N,0.036198,N,0.028231
3wgu_chainC,418,V,N,0.061893,N,0.029043
3wgu_chainC,419,A,N,0.075084,N,0.065545
3wgu_chainC,420,G,N,0.028356,N,0.028323
3wgu_chainC,421,D,N,0.078862,B,0.760559
3wgu_chainC,422,A,N,0.045441,N,0.147033
3wgu_chainC,423,S,N,0.054199,B,0.406165
3wgu_chainC,424,E,N,0.044412,N,0.169182
3wgu_chainC,425,S,N,0.075007,N,0.302303
3wgu_chainC,426,A,N,0.038164,N,0.042449
3wgu_chainC,427,L,N,0.029124,N,0.023676
3wgu_chainC,428,L,N,0.025711,N,0.031518
3wgu_chainC,429,K,N,0.031543,N,0.030545
3wgu_chainC,430,C,N,0.020293,N,0.02065
3wgu_chainC,431,I,N,0.016997,N,0.011472
3wgu_chainC,432,E,N,0.022764,N,0.024126
3wgu_chainC,433,L,N,0.015935,N,0.020482
3wgu_chainC,434,C,N,0.026182,N,0.028637
3wgu_chainC,435,C,N,0.041487,N,0.034085
3wgu_chainC,436,G,N,0.015144,N,0.013065
3wgu_chainC,437,S,N,0.016284,N,0.015513
3wgu_chainC,438,V,N,0.029922,N,0.018237
3wgu_chainC,439,K,N,0.108383,N,0.040012
3wgu_chainC,440,E,N,0.038265,N,0.023223
3wgu_chainC,441,M,N,0.03607,N,0.024208
3wgu_chainC,442,R,N,0.050181,N,0.025943
3wgu_chainC,443,E,N,0.02784,N,0.01117
3wgu_chainC,444,R,N,0.018641,N,0.015468
3wgu_chainC,445,Y,N,0.025781,N,0.015894
3wgu_chainC,446,T,N,0.028168,N,0.021597
3wgu_chainC,447,K,N,0.018785,N,0.013874
3wgu_chainC,448,I,N,0.031095,N,0.014698
3wgu_chainC,449,V,N,0.025236,N,0.017415
3wgu_chainC,450,E,N,0.013407,N,0.014039
3wgu_chainC,451,I,N,0.03169,N,0.019824
3wgu_chainC,452,P,N,0.030065,N,0.022576
3wgu_chainC,453,F,N,0.398548,B,0.390541
3wgu_chainC,454,N,N,0.038601,N,0.074752
3wgu_chainC,455,S,N,0.172386,B,0.627316
3wgu_chainC,456,T,N,0.05515,N,0.109279
3wgu_chainC,457,N,N,0.050793,N,0.112457
3wgu_chainC,458,K,B,0.461503,B,0.864004
3wgu_chainC,459,Y,N,0.17636,B,0.720161
3wgu_chainC,460,Q,N,0.294481,B,0.698296
3wgu_chainC,461,L,N,0.086567,N,0.09113
3wgu_chainC,462,S,N,0.042991,N,0.049571
3wgu_chainC,463,I,N,0.058064,N,0.046357
3wgu_chainC,464,H,N,0.052974,N,0.033071
3wgu_chainC,465,K,N,0.187317,N,0.067797
3wgu_chainC,466,N,N,0.069206,N,0.019656
3wgu_chainC,467,P,N,0.110685,N,0.03105
3wgu_chainC,468,N,N,0.058746,N,0.023116
3wgu_chainC,469,T,N,0.039556,N,0.016334
3wgu_chainC,470,A,N,0.031155,N,0.018637
3wgu_chainC,471,E,N,0.060439,N,0.030999
3wgu_chainC,472,P,N,0.038174,N,0.020219
3wgu_chainC,473,R,N,0.086102,N,0.037058
3wgu_chainC,474,H,N,0.04053,N,0.023634
3wgu_chainC,475,L,N,0.04268,N,0.02581
3wgu_chainC,476,L,N,0.056236,N,0.039911
3wgu_chainC,477,V,N,0.034832,N,0.034306
3wgu_chainC,478,M,N,0.021087,N,0.041557
3wgu_chainC,479,K,N,0.185426,B,0.877608
3wgu_chainC,480,G,N,0.13106,B,0.818036
3wgu_chainC,481,A,N,0.089623,B,0.741349
3wgu_chainC,482,P,N,0.039177,N,0.239022
3wgu_chainC,483,E,N,0.036724,N,0.200614
3wgu_chainC,484,R,N,0.026998,N,0.115515
3wgu_chainC,485,I,N,0.019293,N,0.026581
3wgu_chainC,486,L,N,0.033256,N,0.03477
3wgu_chainC,487,D,N,0.019734,N,0.021411
3wgu_chainC,488,R,N,0.022096,N,0.02691
3wgu_chainC,489,C,N,0.037075,N,0.024128
3wgu_chainC,490,S,N,0.018142,N,0.014217
3wgu_chainC,491,S,N,0.041354,N,0.03396
3wgu_chainC,492,I,N,0.039485,N,0.029518
3wgu_chainC,493,L,N,0.047131,N,0.03886
3wgu_chainC,494,I,N,0.058168,N,0.034591
3wgu_chainC,495,H,N,0.056859,N,0.03204
3wgu_chainC,496,G,N,0.032801,N,0.021516
3wgu_chainC,497,K,N,0.032022,N,0.031301
3wgu_chainC,498,E,N,0.045675,N,0.027943
3wgu_chainC,499,Q,N,0.068168,N,0.042064
3wgu_chainC,500,P,N,0.057305,N,0.036332
3wgu_chainC,501,L,N,0.044548,N,0.02827
3wgu_chainC,502,D,N,0.028181,N,0.022655
3wgu_chainC,503,E,N,0.036508,N,0.02394
3wgu_chainC,504,E,N,0.028276,N,0.021399
3wgu_chainC,505,L,N,0.054022,N,0.035593
3wgu_chainC,506,K,N,0.056492,N,0.027458
3wgu_chainC,507,D,N,0.028973,N,0.019427
3wgu_chainC,508,A,N,0.012286,N,0.009096
3wgu_chainC,509,F,N,0.016958,N,0.013032
3wgu_chainC,510,Q,N,0.019467,N,0.01128
3wgu_chainC,511,N,N,0.018339,N,0.014869
3wgu_chainC,512,A,N,0.014259,N,0.015838
3wgu_chainC,513,Y,N,0.034495,N,0.024011
3wgu_chainC,514,L,N,0.028583,N,0.020866
3wgu_chainC,515,E,N,0.055324,N,0.044453
3wgu_chainC,516,L,N,0.03101,N,0.027421
3wgu_chainC,517,G,N,0.091139,N,0.153308
3wgu_chainC,518,G,N,0.035188,N,0.041779
3wgu_chainC,519,L,N,0.038291,N,0.075462
3wgu_chainC,520,G,N,0.103382,B,0.403747
3wgu_chainC,521,E,N,0.076634,B,0.407974
3wgu_chainC,522,R,N,0.055735,N,0.340687
3wgu_chainC,523,V,N,0.032026,N,0.214792
3wgu_chainC,524,L,N,0.107003,B,0.693507
3wgu_chainC,525,G,N,0.042661,N,0.056468
3wgu_chainC,526,F,N,0.036964,N,0.044217
3wgu_chainC,527,C,N,0.114148,N,0.04691
3wgu_chainC,528,H,N,0.046256,N,0.027756
3wgu_chainC,529,L,N,0.076043,N,0.043916
3wgu_chainC,530,F,N,0.032242,N,0.019558
3wgu_chainC,531,L,N,0.022527,N,0.016436
3wgu_chainC,532,P,N,0.016336,N,0.01743
3wgu_chainC,533,D,N,0.027913,N,0.02244
3wgu_chainC,534,E,N,0.031302,N,0.023286
3wgu_chainC,535,Q,N,0.110838,N,0.046187
3wgu_chainC,536,F,N,0.044873,N,0.027876
3wgu_chainC,537,P,N,0.04512,N,0.023232
3wgu_chainC,538,E,N,0.053506,N,0.029014
3wgu_chainC,539,G,N,0.058299,N,0.038343
3wgu_chainC,540,F,N,0.033167,N,0.018975
3wgu_chainC,541,Q,N,0.031322,N,0.015532
3wgu_chainC,542,F,N,0.034594,N,0.018321
3wgu_chainC,543,D,N,0.029896,N,0.014541
3wgu_chainC,544,T,N,0.031624,N,0.021872
3wgu_chainC,545,D,N,0.032272,N,0.018743
3wgu_chainC,546,D,N,0.02497,N,0.015595
3wgu_chainC,547,V,N,0.078274,N,0.053825
3wgu_chainC,548,N,N,0.054502,N,0.043804
3wgu_chainC,549,F,N,0.01663,N,0.012738
3wgu_chainC,550,P,N,0.023116,N,0.014126
3wgu_chainC,551,L,N,0.034268,N,0.034008
3wgu_chainC,552,D,N,0.016403,N,0.014616
3wgu_chainC,553,N,N,0.01083,N,0.010748
3wgu_chainC,554,L,N,0.023559,N,0.023181
3wgu_chainC,555,C,N,0.020721,N,0.013911
3wgu_chainC,556,F,N,0.031988,N,0.01987
3wgu_chainC,557,V,N,0.048748,N,0.026493
3wgu_chainC,558,G,N,0.058076,N,0.029936
3wgu_chainC,559,L,N,0.069136,N,0.0383
3wgu_chainC,560,I,N,0.149798,N,0.06131
3wgu_chainC,561,S,N,0.141257,N,0.055558
3wgu_chainC,562,M,N,0.322608,N,0.124815
3wgu_chainC,563,I,N,0.198817,N,0.143459
3wgu_chainC,564,D,N,0.138775,N,0.134448
3wgu_chainC,565,P,N,0.152583,N,0.121009
3wgu_chainC,566,P,N,0.067604,N,0.099485
3wgu_chainC,567,R,N,0.115133,N,0.201799
3wgu_chainC,568,A,N,0.043314,N,0.061785
3wgu_chainC,569,A,N,0.050457,N,0.063741
3wgu_chainC,570,V,N,0.149386,N,0.108726
3wgu_chainC,571,P,N,0.027825,N,0.023528
3wgu_chainC,572,D,N,0.039096,N,0.029941
3wgu_chainC,573,A,N,0.016784,N,0.016731
3wgu_chainC,574,V,N,0.047212,N,0.037903
3wgu_chainC,575,G,N,0.030793,N,0.025304
3wgu_chainC,576,K,N,0.016768,N,0.015685
3wgu_chainC,577,C,N,0.020893,N,0.01803
3wgu_chainC,578,R,N,0.060382,N,0.038433
3wgu_chainC,579,S,N,0.037077,N,0.024683
3wgu_chainC,580,A,N,0.028542,N,0.02146
3wgu_chainC,581,G,N,0.047319,N,0.036939
3wgu_chainC,582,I,N,0.040582,N,0.028796
3wgu_chainC,583,K,N,0.029779,N,0.025178
3wgu_chainC,584,V,N,0.039401,N,0.02706
3wgu_chainC,585,I,N,0.047395,N,0.036272
3wgu_chainC,586,M,N,0.062726,N,0.03906
3wgu_chainC,587,V,N,0.118794,N,0.05736
3wgu_chainC,588,T,N,0.193458,N,0.119704
3wgu_chainC,589,G,B,0.554114,B,0.414917
3wgu_chainC,590,D,N,0.312268,B,0.395921
3wgu_chainC,591,H,B,0.428222,B,0.43021
3wgu_chainC,592,P,N,0.035256,N,0.030827
3wgu_chainC,593,I,N,0.065296,N,0.041213
3wgu_chainC,594,T,N,0.174691,N,0.053721
3wgu_chainC,595,A,N,0.031938,N,0.042639
3wgu_chainC,596,K,N,0.023453,N,0.020036
3wgu_chainC,597,A,N,0.024751,N,0.02235
3wgu_chainC,598,I,N,0.038287,N,0.029314
3wgu_chainC,599,A,N,0.030741,N,0.026823
3wgu_chainC,600,K,N,0.028604,N,0.027106
3wgu_chainC,601,G,N,0.030432,N,0.033496
3wgu_chainC,602,V,N,0.032632,N,0.023186
3wgu_chainC,603,G,N,0.025554,N,0.018773
3wgu_chainC,604,I,N,0.023571,N,0.015124
3wgu_chainC,605,I,N,0.018635,N,0.013297
3wgu_chainC,606,S,N,0.015142,N,0.012021
3wgu_chainC,607,E,N,0.043716,N,0.023402
3wgu_chainC,608,G,N,0.023839,N,0.014261
3wgu_chainC,609,N,N,0.018419,N,0.010309
3wgu_chainC,610,E,N,0.016526,N,0.009719
3wgu_chainC,611,T,N,0.02369,N,0.012714
3wgu_chainC,612,V,N,0.021068,N,0.010173
3wgu_chainC,613,E,N,0.040894,N,0.02491
3wgu_chainC,614,D,N,0.027468,N,0.017057
3wgu_chainC,615,I,N,0.037307,N,0.015035
3wgu_chainC,616,A,N,0.04057,N,0.0198
3wgu_chainC,617,A,N,0.025473,N,0.013002
3wgu_chainC,618,R,N,0.026083,N,0.016458
3wgu_chainC,619,L,N,0.034742,N,0.017997
3wgu_chainC,620,N,N,0.03839,N,0.018541
3wgu_chainC,621,I,N,0.024447,N,0.015172
3wgu_chainC,622,P,N,0.021017,N,0.014466
3wgu_chainC,623,V,N,0.021873,N,0.015744
3wgu_chainC,624,S,N,0.035828,N,0.019801
3wgu_chainC,625,Q,N,0.016095,N,0.011049
3wgu_chainC,626,V,N,0.016743,N,0.00927
3wgu_chainC,627,N,N,0.03764,N,0.02579
3wgu_chainC,628,P,N,0.042787,N,0.020417
3wgu_chainC,629,R,N,0.047544,N,0.027222
3wgu_chainC,630,D,N,0.031344,N,0.014862
3wgu_chainC,631,A,N,0.049063,N,0.034818
3wgu_chainC,632,K,N,0.037215,N,0.023508
3wgu_chainC,633,A,N,0.033835,N,0.02794
3wgu_chainC,634,C,N,0.027831,N,0.018154
3wgu_chainC,635,V,N,0.049737,N,0.030308
3wgu_chainC,636,V,N,0.036233,N,0.017932
3wgu_chainC,637,H,N,0.241327,N,0.094708
3wgu_chainC,638,G,N,0.080822,N,0.041702
3wgu_chainC,639,S,N,0.092427,N,0.034209
3wgu_chainC,640,D,N,0.071148,N,0.025564
3wgu_chainC,641,L,N,0.052383,N,0.02172
3wgu_chainC,642,K,N,0.067155,N,0.031584
3wgu_chainC,643,D,N,0.050281,N,0.034467
3wgu_chainC,644,M,N,0.036959,N,0.02637
3wgu_chainC,645,T,N,0.049751,N,0.037441
3wgu_chainC,646,S,N,0.028904,N,0.014818
3wgu_chainC,647,E,N,0.039106,N,0.021469
3wgu_chainC,648,Q,N,0.028421,N,0.018873
3wgu_chainC,649,L,N,0.047925,N,0.020721
3wgu_chainC,650,D,N,0.026993,N,0.015057
3wgu_chainC,651,D,N,0.036026,N,0.027494
3wgu_chainC,652,I,N,0.026117,N,0.016809
3wgu_chainC,653,L,N,0.025436,N,0.015508
3wgu_chainC,654,K,N,0.018547,N,0.009967
3wgu_chainC,655,Y,N,0.02216,N,0.01275
3wgu_chainC,656,H,N,0.019168,N,0.011699
3wgu_chainC,657,T,N,0.023903,N,0.020726
3wgu_chainC,658,E,N,0.011909,N,0.008915
3wgu_chainC,659,I,N,0.012982,N,0.014004
3wgu_chainC,660,V,N,0.019398,N,0.01725
3wgu_chainC,661,F,N,0.03871,N,0.02273
3wgu_chainC,662,A,N,0.049134,N,0.030541
3wgu_chainC,663,R,N,0.243564,N,0.165753
3wgu_chainC,664,T,N,0.065813,N,0.064971
3wgu_chainC,665,S,N,0.062386,N,0.033687
3wgu_chainC,666,P,N,0.206633,N,0.058043
3wgu_chainC,667,Q,N,0.022909,N,0.015394
3wgu_chainC,668,Q,N,0.023327,N,0.017217
3wgu_chainC,669,K,N,0.257957,N,0.260919
3wgu_chainC,670,L,N,0.039786,N,0.025917
3wgu_chainC,671,I,N,0.019151,N,0.015257
3wgu_chainC,672,I,N,0.026203,N,0.016749
3wgu_chainC,673,V,N,0.037936,N,0.026934
3wgu_chainC,674,E,N,0.029326,N,0.02413
3wgu_chainC,675,G,N,0.018904,N,0.015481
3wgu_chainC,676,C,N,0.030763,N,0.021857
3wgu_chainC,677,Q,N,0.039785,N,0.028763
3wgu_chainC,678,R,N,0.025942,N,0.01879
3wgu_chainC,679,Q,N,0.018649,N,0.014948
3wgu_chainC,680,G,N,0.027887,N,0.027369
3wgu_chainC,681,A,N,0.025483,N,0.020787
3wgu_chainC,682,I,N,0.014951,N,0.017972
3wgu_chainC,683,V,N,0.014224,N,0.017572
3wgu_chainC,684,A,N,0.022511,N,0.019041
3wgu_chainC,685,V,N,0.130394,N,0.062878
3wgu_chainC,686,T,N,0.350453,N,0.12891
3wgu_chainC,687,G,B,0.573422,N,0.320813
3wgu_chainC,688,D,B,0.880824,B,0.762545
3wgu_chainC,689,G,B,0.469806,B,0.385951
3wgu_chainC,690,V,N,0.199977,N,0.256936
3wgu_chainC,691,N,B,0.557569,B,0.473639
3wgu_chainC,692,D,N,0.413429,N,0.089474
3wgu_chainC,693,S,N,0.098841,N,0.042202
3wgu_chainC,694,P,N,0.067002,N,0.035856
3wgu_chainC,695,A,N,0.133525,N,0.082594
3wgu_chainC,696,L,N,0.112928,N,0.052387
3wgu_chainC,697,K,N,0.019777,N,0.019538
3wgu_chainC,698,K,N,0.030577,N,0.02042
3wgu_chainC,699,A,N,0.092877,N,0.045593
3wgu_chainC,700,D,N,0.072355,N,0.052535
3wgu_chainC,701,I,N,0.018446,N,0.015218
3wgu_chainC,702,G,N,0.053024,N,0.041271
3wgu_chainC,703,V,N,0.033264,N,0.025976
3wgu_chainC,704,A,N,0.045756,N,0.03507
3wgu_chainC,705,M,N,0.055122,N,0.037024
3wgu_chainC,706,G,N,0.064935,N,0.082144
3wgu_chainC,707,I,N,0.036008,N,0.045188
3wgu_chainC,708,A,N,0.061818,N,0.034465
3wgu_chainC,709,G,N,0.061572,N,0.045302
3wgu_chainC,710,S,N,0.014076,N,0.018097
3wgu_chainC,711,D,N,0.015955,N,0.030904
3wgu_chainC,712,V,N,0.029096,N,0.042849
3wgu_chainC,713,S,N,0.045526,N,0.059181
3wgu_chainC,714,K,N,0.033097,N,0.037327
3wgu_chainC,715,Q,N,0.018711,N,0.019311
3wgu_chainC,716,A,N,0.039925,N,0.032873
3wgu_chainC,717,A,N,0.021914,N,0.022085
3wgu_chainC,718,D,N,0.018493,N,0.019778
3wgu_chainC,719,M,N,0.035153,N,0.028805
3wgu_chainC,720,I,N,0.023664,N,0.022399
3wgu_chainC,721,L,N,0.023236,N,0.021712
3wgu_chainC,722,L,N,0.038562,N,0.032844
3wgu_chainC,723,D,N,0.046582,N,0.100388
3wgu_chainC,724,D,N,0.012613,N,0.036066
3wgu_chainC,725,N,N,0.067198,N,0.103244
3wgu_chainC,726,F,N,0.041378,N,0.035748
3wgu_chainC,727,A,N,0.032574,N,0.027484
3wgu_chainC,728,S,N,0.02437,N,0.017736
3wgu_chainC,729,I,N,0.031516,N,0.023633
3wgu_chainC,730,V,N,0.028694,N,0.024494
3wgu_chainC,731,T,N,0.013223,N,0.013179
3wgu_chainC,732,G,N,0.019486,N,0.015209
3wgu_chainC,733,V,N,0.03292,N,0.028394
3wgu_chainC,734,E,N,0.022742,N,0.022518
3wgu_chainC,735,E,N,0.018434,N,0.017194
3wgu_chainC,736,G,N,0.049367,N,0.033338
3wgu_chainC,737,R,N,0.057518,N,0.046241
3wgu_chainC,738,L,N,0.009196,N,0.011184
3wgu_chainC,739,I,N,0.01948,N,0.015588
3wgu_chainC,740,F,N,0.059996,N,0.031558
3wgu_chainC,741,D,N,0.024582,N,0.019568
3wgu_chainC,742,N,N,0.033903,N,0.025839
3wgu_chainC,743,L,N,0.030923,N,0.021828
3wgu_chainC,744,K,N,0.0459,N,0.037176
3wgu_chainC,745,K,N,0.038183,N,0.032684
3wgu_chainC,746,S,N,0.033915,N,0.029489
3wgu_chainC,747,I,N,0.013265,N,0.013872
3wgu_chainC,748,A,N,0.017166,N,0.017251
3wgu_chainC,749,Y,N,0.024994,N,0.024536
3wgu_chainC,750,T,N,0.032062,N,0.029389
3wgu_chainC,751,L,N,0.020752,N,0.018673
3wgu_chainC,752,T,N,0.022979,N,0.018841
3wgu_chainC,753,S,N,0.043981,N,0.032498
3wgu_chainC,754,N,N,0.033157,N,0.023709
3wgu_chainC,755,I,N,0.022092,N,0.022878
3wgu_chainC,756,P,N,0.025436,N,0.021377
3wgu_chainC,757,E,N,0.02308,N,0.022257
3wgu_chainC,758,I,N,0.021405,N,0.016738
3wgu_chainC,759,T,N,0.015224,N,0.015707
3wgu_chainC,760,P,N,0.014415,N,0.015471
3wgu_chainC,761,F,N,0.02789,N,0.025408
3wgu_chainC,762,L,N,0.019453,N,0.014518
3wgu_chainC,763,I,N,0.017752,N,0.014562
3wgu_chainC,764,F,N,0.038323,N,0.021155
3wgu_chainC,765,I,N,0.035736,N,0.020036
3wgu_chainC,766,I,N,0.019716,N,0.014963
3wgu_chainC,767,A,N,0.031785,N,0.026581
3wgu_chainC,768,N,N,0.023922,N,0.01658
3wgu_chainC,769,I,N,0.034431,N,0.020183
3wgu_chainC,770,P,N,0.020267,N,0.023707
3wgu_chainC,771,L,N,0.018065,N,0.018237
3wgu_chainC,772,P,N,0.030915,N,0.02426
3wgu_chainC,773,L,N,0.017995,N,0.016962
3wgu_chainC,774,G,N,0.016051,N,0.014564
3wgu_chainC,775,T,N,0.018338,N,0.015258
3wgu_chainC,776,V,N,0.03269,N,0.026778
3wgu_chainC,777,T,N,0.045373,N,0.030089
3wgu_chainC,778,I,N,0.017592,N,0.01303
3wgu_chainC,779,L,N,0.025914,N,0.024818
3wgu_chainC,780,C,N,0.027832,N,0.026496
3wgu_chainC,781,I,N,0.034827,N,0.033969
3wgu_chainC,782,D,N,0.05135,N,0.044231
3wgu_chainC,783,L,N,0.015487,N,0.018224
3wgu_chainC,784,G,N,0.021248,N,0.022897
3wgu_chainC,785,T,N,0.027928,N,0.027054
3wgu_chainC,786,D,N,0.027822,N,0.026657
3wgu_chainC,787,M,N,0.011934,N,0.011904
3wgu_chainC,788,V,N,0.017842,N,0.019057
3wgu_chainC,789,P,N,0.031575,N,0.024724
3wgu_chainC,790,A,N,0.019042,N,0.01927
3wgu_chainC,791,I,N,0.019102,N,0.016068
3wgu_chainC,792,S,N,0.021238,N,0.020442
3wgu_chainC,793,L,N,0.031298,N,0.024146
3wgu_chainC,794,A,N,0.016362,N,0.014966
3wgu_chainC,795,Y,N,0.023829,N,0.023657
3wgu_chainC,796,E,N,0.021244,N,0.017215
3wgu_chainC,797,Q,N,0.01731,N,0.01531
3wgu_chainC,798,A,N,0.02159,N,0.016069
3wgu_chainC,799,E,N,0.025069,N,0.021394
3wgu_chainC,800,S,N,0.01644,N,0.011749
3wgu_chainC,801,D,N,0.023596,N,0.013947
3wgu_chainC,802,I,N,0.018332,N,0.014469
3wgu_chainC,803,M,N,0.057098,N,0.037344
3wgu_chainC,804,K,N,0.039085,N,0.033253
3wgu_chainC,805,R,N,0.040893,N,0.028921
3wgu_chainC,806,Q,N,0.038018,N,0.031348
3wgu_chainC,807,P,N,0.029097,N,0.0241
3wgu_chainC,808,R,N,0.035607,N,0.031904
3wgu_chainC,809,N,N,0.031964,N,0.029332
3wgu_chainC,810,P,N,0.024144,N,0.022153
3wgu_chainC,811,K,N,0.035145,N,0.038779
3wgu_chainC,812,T,N,0.021531,N,0.016287
3wgu_chainC,813,D,N,0.03253,N,0.025975
3wgu_chainC,814,K,N,0.031109,N,0.032762
3wgu_chainC,815,L,N,0.017405,N,0.01523
3wgu_chainC,816,V,N,0.017633,N,0.015324
3wgu_chainC,817,N,N,0.023957,N,0.0192
3wgu_chainC,818,E,N,0.028255,N,0.02627
3wgu_chainC,819,R,N,0.031997,N,0.029804
3wgu_chainC,820,L,N,0.02168,N,0.016304
3wgu_chainC,821,I,N,0.028314,N,0.032189
3wgu_chainC,822,S,N,0.039161,N,0.036901
3wgu_chainC,823,M,N,0.03111,N,0.033997
3wgu_chainC,824,A,N,0.024714,N,0.025494
3wgu_chainC,825,Y,N,0.026295,N,0.023591
3wgu_chainC,826,G,N,0.037389,N,0.032429
3wgu_chainC,827,Q,N,0.036869,N,0.053689
3wgu_chainC,828,I,N,0.044512,N,0.0387
3wgu_chainC,829,G,N,0.01819,N,0.015836
3wgu_chainC,830,M,N,0.034101,N,0.031888
3wgu_chainC,831,I,N,0.038393,N,0.029941
3wgu_chainC,832,Q,N,0.046312,N,0.036675
3wgu_chainC,833,A,N,0.019176,N,0.02061
3wgu_chainC,834,L,N,0.015732,N,0.016722
3wgu_chainC,835,G,N,0.01494,N,0.013947
3wgu_chainC,836,G,N,0.015171,N,0.014088
3wgu_chainC,837,F,N,0.020529,N,0.018857
3wgu_chainC,838,F,N,0.016929,N,0.016259
3wgu_chainC,839,T,N,0.015826,N,0.014945
3wgu_chainC,840,Y,N,0.020915,N,0.024862
3wgu_chainC,841,F,N,0.024858,N,0.029822
3wgu_chainC,842,V,N,0.019287,N,0.016231
3wgu_chainC,843,I,N,0.023426,N,0.016833
3wgu_chainC,844,L,N,0.042291,N,0.03112
3wgu_chainC,845,A,N,0.053645,N,0.043008
3wgu_chainC,846,E,N,0.032965,N,0.024736
3wgu_chainC,847,N,N,0.024156,N,0.016605
3wgu_chainC,848,G,N,0.024419,N,0.017717
3wgu_chainC,849,F,N,0.02164,N,0.019755
3wgu_chainC,850,L,N,0.046298,N,0.035087
3wgu_chainC,851,P,N,0.031415,N,0.01675
3wgu_chainC,852,I,N,0.035533,N,0.028045
3wgu_chainC,853,H,N,0.032807,N,0.018558
3wgu_chainC,854,L,N,0.051713,N,0.02657
3wgu_chainC,855,L,N,0.066298,N,0.035163
3wgu_chainC,856,G,N,0.056178,N,0.030319
3wgu_chainC,857,L,N,0.032219,N,0.01605
3wgu_chainC,858,R,N,0.045403,N,0.02808
3wgu_chainC,859,V,N,0.032806,N,0.016099
3wgu_chainC,860,N,N,0.034867,N,0.021518
3wgu_chainC,861,W,N,0.039248,N,0.020064
3wgu_chainC,862,D,N,0.032469,N,0.015985
3wgu_chainC,863,D,N,0.044723,N,0.024182
3wgu_chainC,864,R,N,0.041735,N,0.023401
3wgu_chainC,865,W,N,0.036102,N,0.023738
3wgu_chainC,866,I,N,0.02519,N,0.012782
3wgu_chainC,867,N,N,0.035077,N,0.017827
3wgu_chainC,868,D,N,0.024476,N,0.017195
3wgu_chainC,869,V,N,0.044912,N,0.0387
3wgu_chainC,870,E,N,0.036984,N,0.017588
3wgu_chainC,871,D,N,0.029452,N,0.021692
3wgu_chainC,872,S,N,0.020458,N,0.013407
3wgu_chainC,873,Y,N,0.042997,N,0.027833
3wgu_chainC,874,G,N,0.019606,N,0.0158
3wgu_chainC,875,Q,N,0.016493,N,0.010793
3wgu_chainC,876,Q,N,0.015739,N,0.009258
3wgu_chainC,877,W,N,0.021774,N,0.015157
3wgu_chainC,878,T,N,0.032829,N,0.02236
3wgu_chainC,879,Y,N,0.030551,N,0.030275
3wgu_chainC,880,E,N,0.029909,N,0.024545
3wgu_chainC,881,Q,N,0.030124,N,0.01826
3wgu_chainC,882,R,N,0.039329,N,0.030708
3wgu_chainC,883,K,N,0.028813,N,0.016966
3wgu_chainC,884,I,N,0.019767,N,0.014422
3wgu_chainC,885,V,N,0.019534,N,0.013873
3wgu_chainC,886,E,N,0.014401,N,0.010249
3wgu_chainC,887,F,N,0.02537,N,0.019992
3wgu_chainC,888,T,N,0.023371,N,0.015367
3wgu_chainC,889,C,N,0.018205,N,0.015497
3wgu_chainC,890,H,N,0.022668,N,0.018396
3wgu_chainC,891,T,N,0.022376,N,0.014564
3wgu_chainC,892,A,N,0.047466,N,0.032592
3wgu_chainC,893,F,N,0.025223,N,0.01487
3wgu_chainC,894,F,N,0.045329,N,0.028388
3wgu_chainC,895,V,N,0.036748,N,0.038137
3wgu_chainC,896,S,N,0.030215,N,0.02524
3wgu_chainC,897,I,N,0.016613,N,0.018769
3wgu_chainC,898,V,N,0.032045,N,0.029631
3wgu_chainC,899,V,N,0.020399,N,0.021118
3wgu_chainC,900,V,N,0.024872,N,0.023167
3wgu_chainC,901,Q,N,0.031759,N,0.030692
3wgu_chainC,902,W,N,0.02717,N,0.020492
3wgu_chainC,903,A,N,0.032697,N,0.030963
3wgu_chainC,904,D,N,0.021524,N,0.023086
3wgu_chainC,905,L,N,0.015835,N,0.016572
3wgu_chainC,906,V,N,0.013862,N,0.015518
3wgu_chainC,907,I,N,0.028122,N,0.022803
3wgu_chainC,908,C,N,0.014828,N,0.012555
3wgu_chainC,909,K,N,0.025249,N,0.020735
3wgu_chainC,910,T,N,0.034372,N,0.028878
3wgu_chainC,911,R,N,0.05048,N,0.033499
3wgu_chainC,912,R,N,0.021675,N,0.02205
3wgu_chainC,913,N,N,0.036747,N,0.031206
3wgu_chainC,914,S,N,0.017408,N,0.019342
3wgu_chainC,915,V,N,0.040367,N,0.039423
3wgu_chainC,916,F,N,0.050614,N,0.059532
3wgu_chainC,917,Q,N,0.036469,N,0.036504
3wgu_chainC,918,Q,N,0.065944,N,0.058521
3wgu_chainC,919,G,N,0.046328,N,0.038636
3wgu_chainC,920,M,N,0.050205,N,0.037439
3wgu_chainC,921,K,N,0.030473,N,0.023139
3wgu_chainC,922,N,N,0.0406,N,0.032202
3wgu_chainC,923,K,N,0.055854,N,0.034169
3wgu_chainC,924,I,N,0.045893,N,0.029366
3wgu_chainC,925,L,N,0.020719,N,0.018982
3wgu_chainC,926,I,N,0.027558,N,0.024589
3wgu_chainC,927,F,N,0.016784,N,0.018002
3wgu_chainC,928,G,N,0.041889,N,0.037046
3wgu_chainC,929,L,N,0.027076,N,0.023634
3wgu_chainC,930,F,N,0.025278,N,0.020301
3wgu_chainC,931,E,N,0.021074,N,0.023711
3wgu_chainC,932,E,N,0.028016,N,0.034195
3wgu_chainC,933,T,N,0.015277,N,0.013731
3wgu_chainC,934,A,N,0.017015,N,0.014747
3wgu_chainC,935,L,N,0.012675,N,0.008691
3wgu_chainC,936,A,N,0.017971,N,0.017369
3wgu_chainC,937,A,N,0.011716,N,0.010726
3wgu_chainC,938,F,N,0.031277,N,0.020542
3wgu_chainC,939,L,N,0.032033,N,0.025474
3wgu_chainC,940,S,N,0.028871,N,0.021422
3wgu_chainC,941,Y,N,0.028376,N,0.023268
3wgu_chainC,942,C,N,0.038878,N,0.028162
3wgu_chainC,943,P,N,0.029166,N,0.022021
3wgu_chainC,944,G,N,0.026984,N,0.017788
3wgu_chainC,945,M,N,0.036584,N,0.028647
3wgu_chainC,946,G,N,0.05788,N,0.043083
3wgu_chainC,947,V,N,0.025251,N,0.019201
3wgu_chainC,948,A,N,0.035803,N,0.024786
3wgu_chainC,949,L,N,0.077373,N,0.051811
3wgu_chainC,950,R,N,0.072502,N,0.041537
3wgu_chainC,951,M,N,0.058765,N,0.03364
3wgu_chainC,952,Y,N,0.054123,N,0.044939
3wgu_chainC,953,P,N,0.038527,N,0.029509
3wgu_chainC,954,L,N,0.051916,N,0.033665
3wgu_chainC,955,K,N,0.043643,N,0.030111
3wgu_chainC,956,P,N,0.06002,N,0.028817
3wgu_chainC,957,T,N,0.057274,N,0.034358
3wgu_chainC,958,W,N,0.051877,N,0.037781
3wgu_chainC,959,W,N,0.054215,N,0.030631
3wgu_chainC,960,F,N,0.023898,N,0.023563
3wgu_chainC,961,C,N,0.010123,N,0.010058
3wgu_chainC,962,A,N,0.019157,N,0.016777
3wgu_chainC,963,F,N,0.037326,N,0.029163
3wgu_chainC,964,P,N,0.03147,N,0.025466
3wgu_chainC,965,Y,N,0.047742,N,0.038197
3wgu_chainC,966,S,N,0.036343,N,0.030013
3wgu_chainC,967,L,N,0.030003,N,0.030268
3wgu_chainC,968,L,N,0.026353,N,0.035032
3wgu_chainC,969,I,N,0.019638,N,0.019962
3wgu_chainC,970,F,N,0.031392,N,0.02748
3wgu_chainC,971,V,N,0.014604,N,0.015603
3wgu_chainC,972,Y,N,0.019111,N,0.01934
3wgu_chainC,973,D,N,0.039505,N,0.036782
3wgu_chainC,974,E,N,0.028456,N,0.027538
3wgu_chainC,975,V,N,0.015215,N,0.013896
3wgu_chainC,976,R,N,0.025844,N,0.020845
3wgu_chainC,977,K,N,0.083967,N,0.056341
3wgu_chainC,978,L,N,0.039535,N,0.034605
3wgu_chainC,979,I,N,0.029649,N,0.028284
3wgu_chainC,980,I,N,0.016603,N,0.01606
3wgu_chainC,981,R,N,0.128258,N,0.076001
3wgu_chainC,982,R,N,0.04853,N,0.027386
3wgu_chainC,983,R,N,0.039603,N,0.032047
3wgu_chainC,984,P,N,0.017064,N,0.014539
3wgu_chainC,985,G,N,0.021186,N,0.017807
3wgu_chainC,986,G,N,0.027542,N,0.018987
3wgu_chainC,987,W,N,0.05246,N,0.040496
3wgu_chainC,988,V,N,0.02813,N,0.023069
3wgu_chainC,989,E,N,0.019161,N,0.01595
3wgu_chainC,990,K,N,0.023004,N,0.021474
3wgu_chainC,991,E,N,0.026614,N,0.024587
3wgu_chainC,992,T,N,0.028926,N,0.027593
3wgu_chainC,993,Y,N,0.032508,N,0.036808
3wgu_chainC,994,Y,N,0.036785,N,0.030835
