Prot.ID,NO,Residue,ATPseq Binding Sites,ATPseq Probability,ATPbind Binding Sites,ATPbind Probability
3zcb_chainA,1,D,N,0.028765,N,0.035078
3zcb_chainA,2,P,N,0.017682,N,0.018206
3zcb_chainA,3,Y,N,0.025072,N,0.024675
3zcb_chainA,4,T,N,0.025526,N,0.019184
3zcb_chainA,5,D,N,0.027729,N,0.030636
3zcb_chainA,6,P,N,0.024149,N,0.025091
3zcb_chainA,7,E,N,0.012915,N,0.011035
3zcb_chainA,8,T,N,0.02344,N,0.023506
3zcb_chainA,9,G,N,0.025039,N,0.019601
3zcb_chainA,10,V,N,0.025066,N,0.018391
3zcb_chainA,11,M,N,0.021493,N,0.023203
3zcb_chainA,12,Y,N,0.038373,N,0.037284
3zcb_chainA,13,N,N,0.020192,N,0.018492
3zcb_chainA,14,L,N,0.033574,N,0.036576
3zcb_chainA,15,L,N,0.03173,N,0.027695
3zcb_chainA,16,G,N,0.019636,N,0.021616
3zcb_chainA,17,I,N,0.042968,N,0.038488
3zcb_chainA,18,K,N,0.010854,N,0.01148
3zcb_chainA,19,D,N,0.036171,N,0.033681
3zcb_chainA,20,Q,N,0.037337,N,0.027093
3zcb_chainA,21,A,N,0.023374,N,0.022917
3zcb_chainA,22,R,N,0.011155,N,0.009277
3zcb_chainA,23,L,N,0.014207,N,0.013539
3zcb_chainA,24,E,N,0.022573,N,0.017434
3zcb_chainA,25,R,N,0.020539,N,0.015162
3zcb_chainA,26,V,N,0.018228,N,0.012678
3zcb_chainA,27,E,N,0.019927,N,0.017371
3zcb_chainA,28,S,N,0.011007,N,0.0095
3zcb_chainA,29,A,N,0.022818,N,0.013395
3zcb_chainA,30,F,N,0.039729,N,0.028847
3zcb_chainA,31,A,N,0.035926,N,0.022087
3zcb_chainA,32,Y,N,0.03244,N,0.017857
3zcb_chainA,33,I,N,0.028798,N,0.017434
3zcb_chainA,34,R,N,0.045105,N,0.036445
3zcb_chainA,35,S,N,0.025711,N,0.020674
3zcb_chainA,36,F,N,0.03142,N,0.021205
3zcb_chainA,37,E,N,0.042526,N,0.029806
3zcb_chainA,38,L,N,0.022975,N,0.017283
3zcb_chainA,39,G,N,0.020696,N,0.019301
3zcb_chainA,40,R,N,0.040154,N,0.035967
3zcb_chainA,41,T,N,0.016003,N,0.01235
3zcb_chainA,42,S,N,0.039705,N,0.029005
3zcb_chainA,43,I,N,0.025841,N,0.016235
3zcb_chainA,44,S,N,0.034291,N,0.026482
3zcb_chainA,45,G,N,0.026576,N,0.021371
3zcb_chainA,46,K,N,0.026199,N,0.024704
3zcb_chainA,47,F,N,0.031153,N,0.024041
3zcb_chainA,48,D,N,0.014593,N,0.0113
3zcb_chainA,49,L,N,0.015882,N,0.009605
3zcb_chainA,50,D,N,0.0278,N,0.018045
3zcb_chainA,51,H,N,0.02005,N,0.019099
3zcb_chainA,52,M,N,0.035702,N,0.026065
3zcb_chainA,53,K,N,0.034196,N,0.025177
3zcb_chainA,54,K,N,0.027517,N,0.021734
3zcb_chainA,55,I,N,0.028865,N,0.021289
3zcb_chainA,56,H,N,0.031988,N,0.028822
3zcb_chainA,57,K,N,0.041592,N,0.031571
3zcb_chainA,58,K,N,0.02567,N,0.021237
3zcb_chainA,59,L,N,0.043411,N,0.03287
3zcb_chainA,60,F,N,0.027828,N,0.019766
3zcb_chainA,61,G,N,0.032521,N,0.023015
3zcb_chainA,62,D,N,0.023091,N,0.019869
3zcb_chainA,63,V,N,0.019209,N,0.02002
3zcb_chainA,64,Y,N,0.032279,N,0.023676
3zcb_chainA,65,E,N,0.044916,N,0.029719
3zcb_chainA,66,W,N,0.047127,N,0.032811
3zcb_chainA,67,A,N,0.020096,N,0.017111
3zcb_chainA,68,G,N,0.05599,N,0.045576
3zcb_chainA,69,K,N,0.052883,N,0.053329
3zcb_chainA,70,T,N,0.023481,N,0.028793
3zcb_chainA,71,R,N,0.080424,N,0.064871
3zcb_chainA,72,L,N,0.030473,N,0.027574
3zcb_chainA,73,V,N,0.094325,N,0.052555
3zcb_chainA,74,D,N,0.033057,N,0.036641
3zcb_chainA,75,I,N,0.022207,N,0.023091
3zcb_chainA,76,S,N,0.06273,N,0.069871
3zcb_chainA,77,K,N,0.039216,N,0.035844
3zcb_chainA,78,F,N,0.042592,N,0.037816
3zcb_chainA,79,A,N,0.020632,N,0.017546
3zcb_chainA,80,H,N,0.023465,N,0.022696
3zcb_chainA,81,Y,N,0.03087,N,0.024939
3zcb_chainA,82,T,N,0.019722,N,0.020535
3zcb_chainA,83,Q,N,0.013008,N,0.01231
3zcb_chainA,84,I,N,0.031909,N,0.025598
3zcb_chainA,85,E,N,0.014723,N,0.013645
3zcb_chainA,86,S,N,0.026961,N,0.023664
3zcb_chainA,87,Y,N,0.01533,N,0.012045
3zcb_chainA,88,A,N,0.017749,N,0.012123
3zcb_chainA,89,P,N,0.018232,N,0.012935
3zcb_chainA,90,Q,N,0.024607,N,0.020533
3zcb_chainA,91,I,N,0.020819,N,0.013036
3zcb_chainA,92,T,N,0.022073,N,0.009608
3zcb_chainA,93,Q,N,0.023658,N,0.015116
3zcb_chainA,94,Q,N,0.025155,N,0.0227
3zcb_chainA,95,L,N,0.019613,N,0.015542
3zcb_chainA,96,A,N,0.015023,N,0.014115
3zcb_chainA,97,R,N,0.03097,N,0.022579
3zcb_chainA,98,E,N,0.039083,N,0.030808
3zcb_chainA,99,Q,N,0.032113,N,0.026055
3zcb_chainA,100,H,N,0.041685,N,0.031009
3zcb_chainA,101,L,N,0.025155,N,0.021438
3zcb_chainA,102,R,N,0.034471,N,0.028592
3zcb_chainA,103,G,N,0.029917,N,0.020247
3zcb_chainA,104,L,N,0.03435,N,0.021342
3zcb_chainA,105,D,N,0.021167,N,0.018969
3zcb_chainA,106,A,N,0.025715,N,0.020712
3zcb_chainA,107,N,N,0.015647,N,0.013121
3zcb_chainA,108,E,N,0.021314,N,0.022566
3zcb_chainA,109,F,N,0.026937,N,0.018058
3zcb_chainA,110,S,N,0.029888,N,0.021472
3zcb_chainA,111,Q,N,0.035952,N,0.027631
3zcb_chainA,112,R,N,0.019401,N,0.019555
3zcb_chainA,113,A,N,0.018968,N,0.016808
3zcb_chainA,114,G,N,0.02675,N,0.015284
3zcb_chainA,115,Y,N,0.033842,N,0.021607
3zcb_chainA,116,Y,N,0.027673,N,0.023499
3zcb_chainA,117,M,N,0.025452,N,0.016707
3zcb_chainA,118,G,N,0.052805,N,0.025538
3zcb_chainA,119,E,N,0.028204,N,0.028599
3zcb_chainA,120,L,N,0.037273,N,0.039522
3zcb_chainA,121,N,B,0.453634,B,0.765828
3zcb_chainA,122,A,N,0.059506,N,0.044001
3zcb_chainA,123,L,N,0.033403,N,0.035589
3zcb_chainA,124,H,B,0.828871,B,0.804993
3zcb_chainA,125,P,N,0.051193,N,0.035713
3zcb_chainA,126,F,N,0.04588,N,0.059388
3zcb_chainA,127,R,N,0.054681,N,0.060105
3zcb_chainA,128,E,B,0.83157,B,0.891164
3zcb_chainA,129,G,B,0.915299,B,0.939484
3zcb_chainA,130,N,B,0.852667,B,0.927998
3zcb_chainA,131,G,B,0.801984,B,0.876316
3zcb_chainA,132,R,B,0.846796,B,0.869788
3zcb_chainA,133,T,N,0.037588,N,0.044589
3zcb_chainA,134,L,N,0.08516,N,0.068345
3zcb_chainA,135,R,B,0.800126,B,0.827819
3zcb_chainA,136,E,N,0.025918,N,0.023166
3zcb_chainA,137,F,N,0.017497,N,0.028864
3zcb_chainA,138,I,N,0.036841,N,0.036288
3zcb_chainA,139,W,N,0.04272,N,0.041014
3zcb_chainA,140,Q,N,0.013729,N,0.014355
3zcb_chainA,141,L,N,0.018365,N,0.01627
3zcb_chainA,142,A,N,0.047413,N,0.032692
3zcb_chainA,143,R,N,0.038161,N,0.025314
3zcb_chainA,144,E,N,0.043795,N,0.029484
3zcb_chainA,145,A,N,0.014496,N,0.012486
3zcb_chainA,146,G,N,0.013853,N,0.015412
3zcb_chainA,147,Y,N,0.036982,N,0.036728
3zcb_chainA,148,H,N,0.029583,N,0.021518
3zcb_chainA,149,I,N,0.016616,N,0.01167
3zcb_chainA,150,D,N,0.038027,N,0.024623
3zcb_chainA,151,W,N,0.024377,N,0.024036
3zcb_chainA,152,D,N,0.028757,N,0.02957
3zcb_chainA,153,R,N,0.032261,N,0.02967
3zcb_chainA,154,V,N,0.039094,N,0.031587
3zcb_chainA,155,E,N,0.034176,N,0.034944
3zcb_chainA,156,R,N,0.052044,N,0.033577
3zcb_chainA,157,Q,N,0.043267,N,0.02897
3zcb_chainA,158,E,N,0.032008,N,0.037461
3zcb_chainA,159,M,B,0.589548,B,0.794158
3zcb_chainA,160,T,N,0.320551,B,0.460916
3zcb_chainA,161,R,N,0.054367,N,0.055239
3zcb_chainA,162,A,N,0.048226,N,0.057469
3zcb_chainA,163,S,B,0.799397,B,0.866367
3zcb_chainA,164,I,B,0.551494,B,0.890462
3zcb_chainA,165,E,N,0.031398,N,0.055307
3zcb_chainA,166,S,N,0.028421,N,0.038114
3zcb_chainA,167,Y,N,0.061275,N,0.060518
3zcb_chainA,168,Y,N,0.042414,N,0.030784
3zcb_chainA,169,G,N,0.021116,N,0.020046
3zcb_chainA,170,N,N,0.027155,N,0.025772
3zcb_chainA,171,S,N,0.034372,N,0.02515
3zcb_chainA,172,D,N,0.016578,N,0.012191
3zcb_chainA,173,L,N,0.016801,N,0.012235
3zcb_chainA,174,M,N,0.021762,N,0.013267
3zcb_chainA,175,S,N,0.03775,N,0.035123
3zcb_chainA,176,A,N,0.011454,N,0.008915
3zcb_chainA,177,L,N,0.017087,N,0.014661
3zcb_chainA,178,I,N,0.018172,N,0.019517
3zcb_chainA,179,R,N,0.031377,N,0.027971
3zcb_chainA,180,R,N,0.031016,N,0.01862
3zcb_chainA,181,N,N,0.019104,N,0.012975
3zcb_chainA,182,L,N,0.019679,N,0.012788
3zcb_chainA,183,T,N,0.016959,N,0.014172
3zcb_chainA,184,E,N,0.039879,N,0.031253
3zcb_chainA,185,F,N,0.023604,N,0.017971
