Prot.ID,NO,Residue,ATPseq Binding Sites,ATPseq Probability,ATPbind Binding Sites,ATPbind Probability
4amf_chainA,1,S,N,0.016762,N,0.024165
4amf_chainA,2,R,N,0.028382,N,0.025776
4amf_chainA,3,L,N,0.019632,N,0.023992
4amf_chainA,4,L,N,0.023633,N,0.030475
4amf_chainA,5,G,N,0.052553,N,0.041173
4amf_chainA,6,F,N,0.071302,N,0.067831
4amf_chainA,7,D,N,0.057258,N,0.040429
4amf_chainA,8,S,N,0.030125,N,0.021036
4amf_chainA,9,I,N,0.049772,N,0.036569
4amf_chainA,10,P,N,0.022655,N,0.018764
4amf_chainA,11,A,N,0.016549,N,0.011401
4amf_chainA,12,A,N,0.033363,N,0.027343
4amf_chainA,13,T,N,0.020785,N,0.014534
4amf_chainA,14,T,N,0.015035,N,0.013026
4amf_chainA,15,D,N,0.00997,N,0.008684
4amf_chainA,16,T,N,0.020843,N,0.020766
4amf_chainA,17,I,N,0.049032,N,0.04378
4amf_chainA,18,S,N,0.028368,N,0.020857
4amf_chainA,19,L,N,0.028256,N,0.02253
4amf_chainA,20,P,N,0.036692,N,0.030877
4amf_chainA,21,K,N,0.040291,N,0.030166
4amf_chainA,22,G,N,0.061048,N,0.027866
4amf_chainA,23,Y,N,0.069061,N,0.040669
4amf_chainA,24,K,N,0.117678,N,0.04561
4amf_chainA,25,S,N,0.075799,N,0.038191
4amf_chainA,26,S,N,0.04772,N,0.025589
4amf_chainA,27,V,N,0.048605,N,0.039359
4amf_chainA,28,L,N,0.032812,N,0.017776
4amf_chainA,29,I,N,0.027401,N,0.016662
4amf_chainA,30,S,N,0.028361,N,0.016456
4amf_chainA,31,W,N,0.077023,N,0.038966
4amf_chainA,32,G,N,0.025999,N,0.027148
4amf_chainA,33,Q,N,0.035644,N,0.034987
4amf_chainA,34,P,N,0.020026,N,0.016091
4amf_chainA,35,L,N,0.010223,N,0.012199
4amf_chainA,36,H,N,0.045632,N,0.057004
4amf_chainA,37,K,N,0.034057,N,0.036834
4amf_chainA,38,N,N,0.031907,N,0.025479
4amf_chainA,39,G,N,0.028756,N,0.029574
4amf_chainA,40,P,N,0.034671,N,0.036995
4amf_chainA,41,A,N,0.063034,N,0.077145
4amf_chainA,42,F,N,0.069911,N,0.055125
4amf_chainA,43,D,N,0.039944,N,0.042178
4amf_chainA,44,P,N,0.033915,N,0.03878
4amf_chainA,45,S,N,0.05497,N,0.055636
4amf_chainA,46,G,N,0.046716,N,0.039464
4amf_chainA,47,N,N,0.101987,N,0.099298
4amf_chainA,48,G,N,0.042221,N,0.052938
4amf_chainA,49,T,N,0.04399,N,0.250482
4amf_chainA,50,A,N,0.020981,N,0.035703
4amf_chainA,51,A,N,0.020337,N,0.039952
4amf_chainA,52,A,N,0.025348,N,0.175296
4amf_chainA,53,Q,N,0.02484,N,0.187428
4amf_chainA,54,E,N,0.040902,N,0.062382
4amf_chainA,55,V,N,0.02125,N,0.01971
4amf_chainA,56,Q,N,0.055381,N,0.326272
4amf_chainA,57,F,N,0.07368,N,0.133024
4amf_chainA,58,G,N,0.033969,N,0.053287
4amf_chainA,59,D,N,0.037549,N,0.21152
4amf_chainA,60,N,N,0.031083,N,0.092047
4amf_chainA,61,N,N,0.022399,N,0.050576
4amf_chainA,62,D,N,0.029822,N,0.052852
4amf_chainA,63,G,N,0.019368,N,0.035903
4amf_chainA,64,M,N,0.066112,N,0.278388
4amf_chainA,65,S,N,0.022387,N,0.022913
4amf_chainA,66,L,N,0.051261,N,0.059186
4amf_chainA,67,F,N,0.030018,N,0.022577
4amf_chainA,68,E,N,0.042121,N,0.042295
4amf_chainA,69,F,N,0.040637,N,0.026784
4amf_chainA,70,P,N,0.078261,N,0.055404
4amf_chainA,71,G,N,0.03299,N,0.028562
4amf_chainA,72,E,N,0.038621,N,0.037765
4amf_chainA,73,K,N,0.048333,N,0.03808
4amf_chainA,74,N,N,0.044008,N,0.02896
4amf_chainA,75,R,N,0.130621,N,0.076763
4amf_chainA,76,A,N,0.023829,N,0.015429
4amf_chainA,77,L,N,0.062126,N,0.04207
4amf_chainA,78,M,N,0.045752,N,0.03109
4amf_chainA,79,A,N,0.022027,N,0.013743
4amf_chainA,80,I,N,0.013308,N,0.011975
4amf_chainA,81,N,N,0.026451,N,0.025588
4amf_chainA,82,N,N,0.01519,N,0.010194
4amf_chainA,83,E,N,0.022877,N,0.016148
4amf_chainA,84,Y,N,0.034241,N,0.024394
4amf_chainA,85,T,N,0.034092,N,0.025454
4amf_chainA,86,N,N,0.042872,N,0.030847
4amf_chainA,87,Y,N,0.019744,N,0.016835
4amf_chainA,88,R,N,0.05921,N,0.03647
4amf_chainA,89,Y,N,0.036794,N,0.03149
4amf_chainA,90,L,N,0.034642,N,0.02554
4amf_chainA,91,Y,N,0.023723,N,0.027184
4amf_chainA,92,P,N,0.041027,N,0.036413
4amf_chainA,93,H,N,0.036874,N,0.034757
4amf_chainA,94,G,N,0.032178,N,0.034158
4amf_chainA,95,G,N,0.011499,N,0.013537
4amf_chainA,96,M,N,0.058347,N,0.041771
4amf_chainA,97,P,N,0.040589,N,0.035172
4amf_chainA,98,Q,N,0.031242,N,0.024805
4amf_chainA,99,S,N,0.039055,N,0.151861
4amf_chainA,100,A,N,0.02907,N,0.020958
4amf_chainA,101,E,N,0.026457,N,0.018374
4amf_chainA,102,D,N,0.029482,N,0.02478
4amf_chainA,103,V,N,0.008764,N,0.033732
4amf_chainA,104,R,N,0.045944,N,0.039251
4amf_chainA,105,K,N,0.019109,N,0.023992
4amf_chainA,106,A,N,0.029104,N,0.03575
4amf_chainA,107,L,N,0.025687,N,0.026388
4amf_chainA,108,A,N,0.019655,N,0.028568
4amf_chainA,109,C,N,0.022972,N,0.043008
4amf_chainA,110,E,N,0.0234,N,0.358685
4amf_chainA,111,G,N,0.018145,N,0.132591
4amf_chainA,112,V,N,0.020741,N,0.03624
4amf_chainA,113,S,N,0.01362,N,0.025311
4amf_chainA,114,V,N,0.019386,N,0.032142
4amf_chainA,115,I,N,0.010949,N,0.015735
4amf_chainA,116,E,N,0.010543,N,0.013078
4amf_chainA,117,V,N,0.028092,N,0.028266
4amf_chainA,118,Q,N,0.028433,N,0.031165
4amf_chainA,119,R,N,0.051516,N,0.048078
4amf_chainA,120,K,N,0.043944,N,0.037877
4amf_chainA,121,N,N,0.040406,N,0.044699
4amf_chainA,122,G,N,0.019972,N,0.023959
4amf_chainA,123,Q,N,0.031187,N,0.032731
4amf_chainA,124,W,N,0.062476,N,0.056503
4amf_chainA,125,Q,N,0.033793,N,0.033127
4amf_chainA,126,F,N,0.061446,N,0.059773
4amf_chainA,127,V,N,0.030768,N,0.031395
4amf_chainA,128,Q,N,0.026696,N,0.028178
4amf_chainA,129,G,N,0.050768,N,0.038877
4amf_chainA,130,S,N,0.019801,N,0.024028
4amf_chainA,131,R,N,0.074409,N,0.067233
4amf_chainA,132,Y,N,0.050231,N,0.055897
4amf_chainA,133,N,N,0.051876,N,0.061296
4amf_chainA,134,R,N,0.07388,N,0.049336
4amf_chainA,135,R,N,0.089249,N,0.085044
4amf_chainA,136,I,N,0.039699,N,0.026657
4amf_chainA,137,H,N,0.06295,N,0.074931
4amf_chainA,138,G,N,0.032374,N,0.0378
4amf_chainA,139,N,N,0.037403,N,0.033869
4amf_chainA,140,S,N,0.025634,N,0.029096
4amf_chainA,141,P,N,0.037322,N,0.035567
4amf_chainA,142,L,N,0.022366,N,0.01836
4amf_chainA,143,R,N,0.085249,N,0.082619
4amf_chainA,144,I,N,0.050699,N,0.033588
4amf_chainA,145,S,N,0.030006,N,0.035849
4amf_chainA,146,G,N,0.042091,N,0.029683
4amf_chainA,147,P,N,0.117826,N,0.096621
4amf_chainA,148,A,N,0.023084,N,0.01806
4amf_chainA,149,A,N,0.014051,N,0.008724
4amf_chainA,150,G,N,0.029397,N,0.018792
4amf_chainA,151,H,N,0.042299,N,0.02252
4amf_chainA,152,E,N,0.021078,N,0.017847
4amf_chainA,153,L,N,0.021736,N,0.016375
4amf_chainA,154,M,N,0.033806,N,0.025973
4amf_chainA,155,K,N,0.054676,N,0.038253
4amf_chainA,156,T,N,0.080432,N,0.039967
4amf_chainA,157,S,N,0.086966,N,0.040477
4amf_chainA,158,A,N,0.03366,N,0.023031
4amf_chainA,159,D,N,0.052818,N,0.041585
4amf_chainA,160,K,N,0.039415,N,0.029542
4amf_chainA,161,H,N,0.038102,N,0.027442
4amf_chainA,162,G,N,0.037878,N,0.029775
4amf_chainA,163,K,N,0.049291,N,0.044444
4amf_chainA,164,K,N,0.126922,N,0.081566
4amf_chainA,165,V,N,0.03174,N,0.018659
4amf_chainA,166,L,N,0.029314,N,0.019312
4amf_chainA,167,G,N,0.02823,N,0.033519
4amf_chainA,168,T,N,0.044574,N,0.055329
4amf_chainA,169,F,N,0.066902,B,0.516476
4amf_chainA,170,Q,N,0.046757,N,0.119363
4amf_chainA,171,N,N,0.080299,B,0.386716
4amf_chainA,172,C,N,0.106137,B,0.454133
4amf_chainA,173,A,N,0.083403,N,0.088973
4amf_chainA,174,N,N,0.056649,N,0.060674
4amf_chainA,175,G,N,0.045301,N,0.030001
4amf_chainA,176,K,N,0.12034,N,0.084761
4amf_chainA,177,T,N,0.022171,N,0.019188
4amf_chainA,178,P,N,0.08444,N,0.064345
4amf_chainA,179,W,N,0.054844,N,0.048006
4amf_chainA,180,G,N,0.036945,N,0.037734
4amf_chainA,181,T,N,0.04082,N,0.028895
4amf_chainA,182,Y,N,0.040318,N,0.049906
4amf_chainA,183,L,N,0.054304,N,0.052873
4amf_chainA,184,T,N,0.022982,N,0.016954
4amf_chainA,185,C,N,0.041129,N,0.024842
4amf_chainA,186,E,N,0.025461,N,0.022783
4amf_chainA,187,E,N,0.044143,N,0.024704
4amf_chainA,188,N,N,0.043892,N,0.035515
4amf_chainA,189,F,N,0.068441,N,0.048138
4amf_chainA,190,T,N,0.04147,N,0.027599
4amf_chainA,191,D,N,0.062663,N,0.046973
4amf_chainA,192,C,N,0.087506,N,0.052983
4amf_chainA,193,F,N,0.054898,N,0.037465
4amf_chainA,194,G,N,0.076717,N,0.029043
4amf_chainA,195,S,N,0.01596,N,0.012689
4amf_chainA,196,S,N,0.017939,N,0.019487
4amf_chainA,197,N,N,0.028673,N,0.020303
4amf_chainA,198,A,N,0.019748,N,0.015368
4amf_chainA,199,Q,N,0.028943,N,0.031868
4amf_chainA,200,Q,N,0.030915,N,0.021623
4amf_chainA,201,Q,N,0.048237,N,0.040925
4amf_chainA,202,F,N,0.040199,N,0.062276
4amf_chainA,203,D,N,0.041867,N,0.040845
4amf_chainA,204,P,N,0.058962,B,0.658988
4amf_chainA,205,A,N,0.024521,N,0.057857
4amf_chainA,206,Q,N,0.120039,N,0.124638
4amf_chainA,207,K,N,0.094441,B,0.793255
4amf_chainA,208,R,N,0.044593,N,0.121772
4amf_chainA,209,Y,N,0.050471,N,0.075569
4amf_chainA,210,G,N,0.023574,B,0.628239
4amf_chainA,211,V,N,0.046902,N,0.068628
4amf_chainA,212,S,N,0.027441,N,0.042567
4amf_chainA,213,A,N,0.034901,N,0.035503
4amf_chainA,214,A,N,0.035446,N,0.042454
4amf_chainA,215,S,N,0.018877,N,0.03113
4amf_chainA,216,R,N,0.04225,N,0.029224
4amf_chainA,217,E,N,0.025599,N,0.027904
4amf_chainA,218,I,N,0.017007,N,0.016531
4amf_chainA,219,N,N,0.024007,N,0.022435
4amf_chainA,220,W,N,0.021854,N,0.020628
4amf_chainA,221,H,N,0.042775,N,0.043409
4amf_chainA,222,P,N,0.028364,N,0.022145
4amf_chainA,223,F,N,0.028001,N,0.025739
4amf_chainA,224,D,N,0.025207,N,0.022637
4amf_chainA,225,P,N,0.020784,N,0.018835
4amf_chainA,226,R,N,0.082767,N,0.0832
4amf_chainA,227,F,N,0.026768,N,0.033853
4amf_chainA,228,D,N,0.025713,N,0.031722
4amf_chainA,229,M,N,0.059652,N,0.04517
4amf_chainA,230,A,N,0.047197,N,0.032341
4amf_chainA,231,K,N,0.046234,N,0.036995
4amf_chainA,232,N,N,0.03586,N,0.032668
4amf_chainA,233,P,N,0.02301,N,0.022002
4amf_chainA,234,N,N,0.098103,N,0.056684
4amf_chainA,235,E,N,0.060388,N,0.046705
4amf_chainA,236,L,N,0.070137,N,0.056345
4amf_chainA,237,N,N,0.036869,N,0.030441
4amf_chainA,238,R,N,0.03791,N,0.047269
4amf_chainA,239,H,N,0.056363,N,0.038279
4amf_chainA,240,G,N,0.020455,N,0.016141
4amf_chainA,241,W,N,0.047162,N,0.039997
4amf_chainA,242,V,N,0.036969,N,0.026448
4amf_chainA,243,V,N,0.062493,N,0.031486
4amf_chainA,244,E,N,0.315635,N,0.08988
4amf_chainA,245,I,N,0.120684,N,0.032181
4amf_chainA,246,D,N,0.279348,N,0.075906
4amf_chainA,247,P,N,0.07333,N,0.027743
4amf_chainA,248,F,N,0.053071,N,0.02888
4amf_chainA,249,D,N,0.108759,N,0.082937
4amf_chainA,250,P,N,0.030876,N,0.027323
4amf_chainA,251,Q,N,0.096127,N,0.061668
4amf_chainA,252,S,N,0.052316,N,0.02222
4amf_chainA,253,T,N,0.038399,N,0.027001
4amf_chainA,254,P,N,0.083974,N,0.052895
4amf_chainA,255,V,N,0.022509,N,0.016271
4amf_chainA,256,K,N,0.045697,N,0.046866
4amf_chainA,257,R,N,0.055244,N,0.037678
4amf_chainA,258,T,N,0.040033,N,0.01839
4amf_chainA,259,A,N,0.028735,N,0.021538
4amf_chainA,260,L,N,0.044128,N,0.03873
4amf_chainA,261,G,N,0.067608,N,0.044885
4amf_chainA,262,R,N,0.055912,N,0.033293
4amf_chainA,263,F,N,0.034097,N,0.019655
4amf_chainA,264,K,N,0.040153,N,0.042412
4amf_chainA,265,H,N,0.16169,N,0.081686
4amf_chainA,266,E,N,0.159177,N,0.073433
4amf_chainA,267,N,N,0.114631,N,0.039479
4amf_chainA,268,A,N,0.026376,N,0.015177
4amf_chainA,269,A,N,0.040966,N,0.027834
4amf_chainA,270,L,N,0.077099,N,0.069219
4amf_chainA,271,A,N,0.020535,N,0.020788
4amf_chainA,272,E,N,0.019463,N,0.023122
4amf_chainA,273,T,N,0.018744,N,0.01666
4amf_chainA,274,D,N,0.01775,N,0.014107
4amf_chainA,275,D,N,0.025652,N,0.024714
4amf_chainA,276,G,N,0.040453,N,0.041908
4amf_chainA,277,R,N,0.033592,N,0.033435
4amf_chainA,278,A,N,0.026712,N,0.030556
4amf_chainA,279,V,N,0.035891,N,0.039327
4amf_chainA,280,V,N,0.040658,N,0.030387
4amf_chainA,281,Y,N,0.281335,N,0.141677
4amf_chainA,282,M,N,0.333245,N,0.189966
4amf_chainA,283,G,N,0.268179,N,0.145092
4amf_chainA,284,D,N,0.189788,N,0.063898
4amf_chainA,285,D,N,0.363575,N,0.0951
4amf_chainA,286,E,B,0.444574,N,0.133473
4amf_chainA,287,R,B,0.467413,N,0.171957
4amf_chainA,288,G,N,0.201428,N,0.07839
4amf_chainA,289,E,N,0.137604,N,0.066922
4amf_chainA,290,F,N,0.110471,N,0.062142
4amf_chainA,291,I,N,0.048516,N,0.033848
4amf_chainA,292,Y,N,0.046537,N,0.04504
4amf_chainA,293,K,N,0.03541,N,0.048646
4amf_chainA,294,F,N,0.026724,N,0.017642
4amf_chainA,295,V,N,0.043452,N,0.046314
4amf_chainA,296,S,N,0.029951,N,0.037751
4amf_chainA,297,R,N,0.072214,N,0.095282
4amf_chainA,298,D,N,0.043031,N,0.046755
4amf_chainA,299,K,N,0.093666,N,0.074671
4amf_chainA,300,I,N,0.029475,N,0.027467
4amf_chainA,301,N,N,0.034361,N,0.042787
4amf_chainA,302,H,N,0.064726,N,0.060371
4amf_chainA,303,R,N,0.05928,N,0.062949
4amf_chainA,304,N,N,0.028426,N,0.0226
4amf_chainA,305,A,N,0.023132,N,0.021909
4amf_chainA,306,K,N,0.036216,N,0.035141
4amf_chainA,307,A,N,0.020774,N,0.017748
4amf_chainA,308,N,N,0.034699,N,0.030582
4amf_chainA,309,R,N,0.076081,N,0.082161
4amf_chainA,310,D,N,0.034641,N,0.0336
4amf_chainA,311,I,N,0.068596,N,0.049779
4amf_chainA,312,L,N,0.150951,N,0.093747
4amf_chainA,313,D,N,0.144702,N,0.087129
4amf_chainA,314,H,N,0.067004,N,0.038269
4amf_chainA,315,G,N,0.046191,N,0.029858
4amf_chainA,316,T,N,0.046742,N,0.022292
4amf_chainA,317,L,N,0.065235,N,0.03274
4amf_chainA,318,Y,N,0.021691,N,0.018399
4amf_chainA,319,V,N,0.021764,N,0.015205
4amf_chainA,320,A,N,0.050945,N,0.029226
4amf_chainA,321,R,N,0.042676,N,0.025981
4amf_chainA,322,F,N,0.104646,N,0.046173
4amf_chainA,323,D,N,0.164021,N,0.046701
4amf_chainA,324,A,N,0.061229,N,0.038074
4amf_chainA,325,G,N,0.043073,N,0.044938
4amf_chainA,326,D,N,0.054283,N,0.086375
4amf_chainA,327,G,N,0.029033,N,0.290476
4amf_chainA,328,N,N,0.04603,B,0.425239
4amf_chainA,329,P,N,0.049255,B,0.451894
4amf_chainA,330,D,N,0.055156,B,0.553308
4amf_chainA,331,H,N,0.073304,B,0.458992
4amf_chainA,332,P,N,0.103514,B,0.490919
4amf_chainA,333,K,N,0.218518,B,0.597864
4amf_chainA,334,G,N,0.066201,N,0.127747
4amf_chainA,335,Q,N,0.041631,N,0.288018
4amf_chainA,336,G,N,0.057753,N,0.09564
4amf_chainA,337,Q,N,0.029727,N,0.058159
4amf_chainA,338,W,N,0.070799,N,0.060469
4amf_chainA,339,I,N,0.046366,N,0.056924
4amf_chainA,340,E,N,0.067165,N,0.036329
4amf_chainA,341,L,N,0.09423,N,0.061986
4amf_chainA,342,T,N,0.023118,N,0.017045
4amf_chainA,343,H,N,0.061366,N,0.051008
4amf_chainA,344,G,N,0.029475,N,0.032054
4amf_chainA,345,K,N,0.029759,N,0.037818
4amf_chainA,346,N,N,0.032216,N,0.027168
4amf_chainA,347,G,N,0.060476,N,0.045128
4amf_chainA,348,I,N,0.028671,N,0.026229
4amf_chainA,349,D,N,0.065108,N,0.058084
4amf_chainA,350,A,N,0.083016,N,0.052719
4amf_chainA,351,S,N,0.065652,N,0.050748
4amf_chainA,352,S,N,0.161514,N,0.08082
4amf_chainA,353,G,N,0.104689,N,0.053227
4amf_chainA,354,F,N,0.264686,N,0.162943
4amf_chainA,355,A,N,0.035492,N,0.019555
4amf_chainA,356,D,N,0.024095,N,0.016131
4amf_chainA,357,Q,N,0.057348,N,0.030376
4amf_chainA,358,A,N,0.053843,N,0.022957
4amf_chainA,359,E,N,0.100849,N,0.056127
4amf_chainA,360,V,N,0.025837,N,0.017226
4amf_chainA,361,L,N,0.032796,N,0.016573
4amf_chainA,362,I,N,0.017159,N,0.020646
4amf_chainA,363,H,N,0.032366,N,0.227015
4amf_chainA,364,A,N,0.017543,N,0.02474
4amf_chainA,365,R,N,0.031527,N,0.060351
4amf_chainA,366,L,N,0.029738,N,0.190157
4amf_chainA,367,A,N,0.016176,N,0.102472
4amf_chainA,368,A,N,0.030038,N,0.040642
4amf_chainA,369,S,N,0.042709,N,0.042032
4amf_chainA,370,V,N,0.152198,N,0.351658
4amf_chainA,371,V,N,0.056706,N,0.031008
4amf_chainA,372,G,N,0.086315,N,0.04528
4amf_chainA,373,A,N,0.074249,N,0.038012
4amf_chainA,374,T,N,0.035115,N,0.026175
4amf_chainA,375,R,N,0.07164,N,0.031535
4amf_chainA,376,M,N,0.02642,N,0.009478
4amf_chainA,377,D,N,0.054558,N,0.036
4amf_chainA,378,R,N,0.038823,N,0.027214
4amf_chainA,379,P,N,0.038151,N,0.024974
4amf_chainA,380,E,N,0.087246,N,0.053076
4amf_chainA,381,W,N,0.048099,N,0.044161
4amf_chainA,382,I,N,0.054261,N,0.039566
4amf_chainA,383,V,N,0.026334,N,0.026836
4amf_chainA,384,V,N,0.033108,N,0.030183
4amf_chainA,385,S,N,0.013333,N,0.019717
4amf_chainA,386,P,N,0.018962,N,0.017041
4amf_chainA,387,K,N,0.053592,N,0.030692
4amf_chainA,388,D,N,0.050357,N,0.031892
4amf_chainA,389,G,N,0.023221,N,0.014295
4amf_chainA,390,Q,N,0.042895,N,0.033512
4amf_chainA,391,V,N,0.035532,N,0.023562
4amf_chainA,392,Y,N,0.111434,N,0.063311
4amf_chainA,393,C,N,0.033865,N,0.024174
4amf_chainA,394,T,N,0.027997,N,0.015519
4amf_chainA,395,L,N,0.13059,N,0.0501
4amf_chainA,396,T,N,0.116973,N,0.110358
4amf_chainA,397,N,N,0.051741,N,0.036262
4amf_chainA,398,N,N,0.079449,N,0.054663
4amf_chainA,399,A,N,0.032177,N,0.033402
4amf_chainA,400,K,N,0.0433,N,0.04559
4amf_chainA,401,R,N,0.054473,N,0.039379
4amf_chainA,402,G,N,0.025296,N,0.018556
4amf_chainA,403,E,N,0.068077,N,0.058378
4amf_chainA,404,D,N,0.052295,N,0.06033
4amf_chainA,405,G,N,0.021379,N,0.023595
4amf_chainA,406,Q,N,0.051083,N,0.058503
4amf_chainA,407,P,N,0.083854,N,0.093437
4amf_chainA,408,V,N,0.055247,N,0.048962
4amf_chainA,409,G,N,0.058802,N,0.052096
4amf_chainA,410,G,N,0.03813,N,0.034356
4amf_chainA,411,P,N,0.033499,N,0.033323
4amf_chainA,412,N,N,0.02393,N,0.022185
4amf_chainA,413,P,N,0.043551,N,0.035716
4amf_chainA,414,R,N,0.105543,N,0.072893
4amf_chainA,415,E,N,0.054207,N,0.030836
4amf_chainA,416,K,N,0.104252,N,0.077536
4amf_chainA,417,N,N,0.034605,N,0.022095
4amf_chainA,418,V,N,0.028137,N,0.022798
4amf_chainA,419,Y,N,0.047736,N,0.048084
4amf_chainA,420,G,N,0.035172,N,0.038424
4amf_chainA,421,Q,N,0.029188,N,0.026353
4amf_chainA,422,I,N,0.029741,N,0.026967
4amf_chainA,423,L,N,0.027031,N,0.023438
4amf_chainA,424,R,N,0.071969,N,0.037078
4amf_chainA,425,W,N,0.056544,N,0.033274
4amf_chainA,426,R,N,0.303641,N,0.101217
4amf_chainA,427,T,N,0.022703,N,0.012302
4amf_chainA,428,D,N,0.034282,N,0.044471
4amf_chainA,429,R,N,0.035135,N,0.034618
4amf_chainA,430,D,N,0.05147,N,0.04992
4amf_chainA,431,D,N,0.041171,N,0.039256
4amf_chainA,432,H,N,0.043997,N,0.058118
4amf_chainA,433,A,N,0.041737,N,0.038756
4amf_chainA,434,S,N,0.049488,N,0.052582
4amf_chainA,435,K,N,0.104026,N,0.089121
4amf_chainA,436,T,N,0.022465,N,0.017378
4amf_chainA,437,F,N,0.018324,N,0.015199
4amf_chainA,438,A,N,0.036572,N,0.023374
4amf_chainA,439,W,N,0.055787,N,0.046308
4amf_chainA,440,D,N,0.080132,N,0.040274
4amf_chainA,441,L,N,0.035129,N,0.029296
4amf_chainA,442,F,N,0.032246,N,0.025641
4amf_chainA,443,V,N,0.01844,N,0.014008
4amf_chainA,444,V,N,0.025418,N,0.017792
4amf_chainA,445,A,N,0.026443,N,0.024942
4amf_chainA,446,G,N,0.027577,N,0.031851
4amf_chainA,447,N,N,0.053889,N,0.061825
4amf_chainA,448,P,N,0.023898,N,0.025839
4amf_chainA,449,S,N,0.036007,N,0.045024
4amf_chainA,450,V,N,0.027334,N,0.029917
4amf_chainA,451,H,N,0.154521,N,0.104096
4amf_chainA,452,A,N,0.054713,N,0.044088
4amf_chainA,453,G,N,0.029736,N,0.026572
4amf_chainA,454,T,N,0.135827,N,0.086334
4amf_chainA,455,P,N,0.177075,N,0.09442
4amf_chainA,456,K,N,0.187552,N,0.109501
4amf_chainA,457,G,N,0.093376,N,0.057054
4amf_chainA,458,G,N,0.213164,N,0.121907
4amf_chainA,459,S,N,0.047031,N,0.043067
4amf_chainA,460,S,N,0.067169,N,0.042207
4amf_chainA,461,N,N,0.044804,N,0.034766
4amf_chainA,462,I,N,0.065042,N,0.044262
4amf_chainA,463,T,N,0.150331,N,0.071814
4amf_chainA,464,P,N,0.109561,N,0.052884
4amf_chainA,465,Q,N,0.041756,N,0.03521
4amf_chainA,466,N,N,0.024583,N,0.023202
4amf_chainA,467,M,N,0.040716,N,0.041018
4amf_chainA,468,F,N,0.064333,N,0.061815
4amf_chainA,469,N,N,0.034644,N,0.030494
4amf_chainA,470,S,N,0.033979,N,0.029291
4amf_chainA,471,P,N,0.040837,N,0.040174
4amf_chainA,472,D,N,0.030439,N,0.038597
4amf_chainA,473,G,N,0.035074,N,0.031145
4amf_chainA,474,L,N,0.051147,N,0.046211
4amf_chainA,475,G,N,0.027156,N,0.031512
4amf_chainA,476,F,N,0.041038,N,0.039555
4amf_chainA,477,D,N,0.038359,N,0.047626
4amf_chainA,478,K,N,0.022841,N,0.022645
4amf_chainA,479,A,N,0.050824,N,0.029274
4amf_chainA,480,G,N,0.025135,N,0.020482
4amf_chainA,481,R,N,0.042085,N,0.032579
4amf_chainA,482,L,N,0.028688,N,0.019834
4amf_chainA,483,W,N,0.049759,N,0.027841
4amf_chainA,484,I,N,0.092901,N,0.032471
4amf_chainA,485,L,N,0.047333,N,0.02812
4amf_chainA,486,T,N,0.041358,N,0.025797
4amf_chainA,487,D,N,0.030125,N,0.045046
4amf_chainA,488,G,N,0.024875,N,0.023924
4amf_chainA,489,D,N,0.042016,N,0.037428
4amf_chainA,490,S,N,0.031967,N,0.022822
4amf_chainA,491,S,N,0.025069,N,0.02605
4amf_chainA,492,N,N,0.026357,N,0.029683
4amf_chainA,493,A,N,0.031368,N,0.039812
4amf_chainA,494,G,N,0.054917,N,0.067557
4amf_chainA,495,D,N,0.03333,N,0.04848
4amf_chainA,496,F,N,0.051457,N,0.052237
4amf_chainA,497,A,N,0.040617,N,0.041539
4amf_chainA,498,G,N,0.047416,N,0.036833
4amf_chainA,499,M,N,0.043331,N,0.048335
4amf_chainA,500,G,N,0.036519,N,0.025649
4amf_chainA,501,N,N,0.080149,N,0.040881
4amf_chainA,502,N,N,0.033049,N,0.030961
4amf_chainA,503,Q,N,0.039125,N,0.029292
4amf_chainA,504,M,N,0.026606,N,0.023092
4amf_chainA,505,L,N,0.068806,N,0.066813
4amf_chainA,506,C,N,0.206859,N,0.136898
4amf_chainA,507,A,N,0.034196,N,0.03953
4amf_chainA,508,D,N,0.046476,N,0.042924
4amf_chainA,509,P,N,0.028524,N,0.018802
4amf_chainA,510,A,N,0.090545,N,0.035125
4amf_chainA,511,T,N,0.139177,N,0.050734
4amf_chainA,512,G,N,0.104603,N,0.033657
4amf_chainA,513,E,N,0.028584,N,0.020961
4amf_chainA,514,I,N,0.018794,N,0.014489
4amf_chainA,515,R,N,0.077889,N,0.04203
4amf_chainA,516,R,N,0.121602,N,0.058454
4amf_chainA,517,F,N,0.110349,N,0.055249
4amf_chainA,518,M,N,0.046274,N,0.031234
4amf_chainA,519,V,N,0.058645,N,0.060488
4amf_chainA,520,G,N,0.031429,N,0.052786
4amf_chainA,521,P,N,0.022171,N,0.235215
4amf_chainA,522,I,N,0.042226,N,0.351242
4amf_chainA,523,G,N,0.040681,N,0.060594
4amf_chainA,524,C,N,0.040099,N,0.15998
4amf_chainA,525,E,N,0.196333,N,0.071822
4amf_chainA,526,V,N,0.077923,N,0.140543
4amf_chainA,527,T,N,0.054962,N,0.023726
4amf_chainA,528,G,N,0.011839,N,0.01641
4amf_chainA,529,I,N,0.020271,N,0.16053
4amf_chainA,530,S,N,0.027368,B,0.655927
4amf_chainA,531,F,N,0.052486,B,0.823029
4amf_chainA,532,S,N,0.043283,B,0.855522
4amf_chainA,533,P,N,0.028035,B,0.774443
4amf_chainA,534,D,N,0.054769,B,0.812879
4amf_chainA,535,Q,N,0.093208,B,0.814431
4amf_chainA,536,K,N,0.053092,N,0.130044
4amf_chainA,537,T,N,0.056278,N,0.120914
4amf_chainA,538,L,N,0.016726,N,0.036334
4amf_chainA,539,F,N,0.098971,N,0.140909
4amf_chainA,540,V,N,0.026462,N,0.027972
4amf_chainA,541,G,N,0.047745,N,0.111602
4amf_chainA,542,I,N,0.034179,N,0.037208
4amf_chainA,543,Q,N,0.042833,N,0.08703
4amf_chainA,544,H,N,0.042012,N,0.052791
4amf_chainA,545,P,N,0.057991,N,0.035498
4amf_chainA,546,G,N,0.057637,N,0.044411
4amf_chainA,547,E,N,0.05209,N,0.049316
4amf_chainA,548,N,N,0.037349,N,0.04239
4amf_chainA,549,G,N,0.027784,N,0.022835
4amf_chainA,550,G,N,0.058865,N,0.063481
4amf_chainA,551,S,N,0.049012,N,0.04696
4amf_chainA,552,T,N,0.042519,N,0.02869
4amf_chainA,553,F,N,0.070183,N,0.065532
4amf_chainA,554,P,N,0.055212,N,0.057966
4amf_chainA,555,E,N,0.035928,N,0.043983
4amf_chainA,556,H,N,0.077075,N,0.070968
4amf_chainA,557,L,N,0.048818,N,0.046404
4amf_chainA,558,P,N,0.18065,N,0.092161
4amf_chainA,559,N,N,0.221621,N,0.128432
4amf_chainA,560,G,N,0.15655,N,0.067781
4amf_chainA,561,K,N,0.098772,N,0.060764
4amf_chainA,562,P,N,0.057831,N,0.044767
4amf_chainA,563,R,N,0.166244,N,0.083919
4amf_chainA,564,S,N,0.113808,N,0.054209
4amf_chainA,565,S,N,0.136035,N,0.069739
4amf_chainA,566,V,N,0.102664,N,0.040843
4amf_chainA,567,M,N,0.033423,N,0.164857
4amf_chainA,568,A,N,0.057801,N,0.03256
4amf_chainA,569,I,N,0.025959,N,0.036284
4amf_chainA,570,T,N,0.011189,N,0.013374
4amf_chainA,571,R,N,0.058515,N,0.070914
4amf_chainA,572,E,N,0.033527,N,0.044422
4amf_chainA,573,D,N,0.031393,N,0.025949
4amf_chainA,574,G,N,0.021821,N,0.022658
4amf_chainA,575,G,N,0.017575,N,0.024382
4amf_chainA,576,I,N,0.032415,N,0.034265
4amf_chainA,577,V,N,0.016408,N,0.016333
4amf_chainA,578,G,N,0.013785,N,0.014931
4amf_chainA,579,A,N,0.014296,N,0.01598
4amf_chainA,580,H,N,0.029491,N,0.03566
4amf_chainA,581,H,N,0.01791,N,0.015812
