Prot.ID,NO,Residue,ATPseq Binding Sites,ATPseq Probability,ATPbind Binding Sites,ATPbind Probability
4crj_chainA,1,H,N,0.01675,N,0.01676
4crj_chainA,2,M,N,0.027446,N,0.023341
4crj_chainA,3,I,N,0.036371,N,0.029043
4crj_chainA,4,Q,N,0.033549,N,0.036031
4crj_chainA,5,A,N,0.046941,N,0.0356
4crj_chainA,6,Y,N,0.128353,N,0.079086
4crj_chainA,7,L,N,0.303906,N,0.242294
4crj_chainA,8,G,B,0.48109,N,0.298026
4crj_chainA,9,L,B,0.588062,B,0.828009
4crj_chainA,10,G,B,0.878769,B,0.733314
4crj_chainA,11,S,B,0.609654,N,0.294802
4crj_chainA,12,N,B,0.562586,N,0.298449
4crj_chainA,13,I,N,0.332094,N,0.167929
4crj_chainA,14,G,N,0.210638,N,0.109467
4crj_chainA,15,D,N,0.154522,N,0.076638
4crj_chainA,16,R,N,0.087633,N,0.064446
4crj_chainA,17,E,N,0.185789,N,0.081393
4crj_chainA,18,S,N,0.096626,N,0.052677
4crj_chainA,19,Q,N,0.08557,N,0.056659
4crj_chainA,20,L,N,0.037226,N,0.029314
4crj_chainA,21,N,N,0.031808,N,0.028903
4crj_chainA,22,D,N,0.018322,N,0.017517
4crj_chainA,23,A,N,0.042857,N,0.026764
4crj_chainA,24,I,N,0.031707,N,0.026445
4crj_chainA,25,K,N,0.019173,N,0.018509
4crj_chainA,26,I,N,0.025402,N,0.022007
4crj_chainA,27,L,N,0.036313,N,0.032123
4crj_chainA,28,N,N,0.03698,N,0.028933
4crj_chainA,29,E,N,0.028297,N,0.026919
4crj_chainA,30,Y,N,0.031924,N,0.023948
4crj_chainA,31,D,N,0.034178,N,0.033892
4crj_chainA,32,G,N,0.029986,N,0.028159
4crj_chainA,33,I,N,0.044388,N,0.02775
4crj_chainA,34,S,N,0.042101,N,0.031265
4crj_chainA,35,V,N,0.068222,N,0.032714
4crj_chainA,36,S,N,0.051281,N,0.034815
4crj_chainA,37,N,N,0.163803,N,0.05162
4crj_chainA,38,I,N,0.169105,N,0.044564
4crj_chainA,39,S,B,0.501017,N,0.082845
4crj_chainA,40,P,N,0.169948,N,0.042423
4crj_chainA,41,I,N,0.074703,N,0.049766
4crj_chainA,42,Y,N,0.24092,N,0.160537
4crj_chainA,43,E,B,0.626966,N,0.369037
4crj_chainA,44,T,N,0.103513,N,0.236669
4crj_chainA,45,A,N,0.123492,B,0.405532
4crj_chainA,46,P,N,0.142133,B,0.634929
4crj_chainA,47,V,N,0.177595,B,0.611152
4crj_chainA,48,G,N,0.097295,B,0.465134
4crj_chainA,49,Y,N,0.024242,N,0.148687
4crj_chainA,50,T,N,0.024735,N,0.044508
4crj_chainA,51,E,N,0.03799,N,0.062225
4crj_chainA,52,Q,N,0.195134,N,0.108351
4crj_chainA,53,P,N,0.052079,N,0.045867
4crj_chainA,54,N,N,0.086691,N,0.051763
4crj_chainA,55,F,N,0.155301,N,0.10167
4crj_chainA,56,L,N,0.042969,N,0.31112
4crj_chainA,57,N,N,0.294211,N,0.198147
4crj_chainA,58,L,N,0.0566,N,0.108143
4crj_chainA,59,C,N,0.081517,N,0.056037
4crj_chainA,60,V,N,0.042924,N,0.061735
4crj_chainA,61,E,N,0.304399,N,0.123916
4crj_chainA,62,I,N,0.057384,N,0.021938
4crj_chainA,63,Q,N,0.170264,N,0.112313
4crj_chainA,64,T,N,0.060966,N,0.033224
4crj_chainA,65,T,N,0.053173,N,0.045922
4crj_chainA,66,L,N,0.024659,N,0.024517
4crj_chainA,67,T,N,0.020655,N,0.01723
4crj_chainA,68,V,N,0.040557,N,0.026353
4crj_chainA,69,L,N,0.029417,N,0.025772
4crj_chainA,70,Q,N,0.023311,N,0.021706
4crj_chainA,71,L,N,0.024425,N,0.015392
4crj_chainA,72,L,N,0.022175,N,0.020363
4crj_chainA,73,E,N,0.014375,N,0.017787
4crj_chainA,74,C,N,0.012691,N,0.01087
4crj_chainA,75,C,N,0.013054,N,0.0113
4crj_chainA,76,L,N,0.032275,N,0.026738
4crj_chainA,77,K,N,0.013936,N,0.012021
4crj_chainA,78,T,N,0.018983,N,0.015798
4crj_chainA,79,E,N,0.071181,N,0.052203
4crj_chainA,80,E,N,0.021546,N,0.01491
4crj_chainA,81,C,N,0.02893,N,0.027837
4crj_chainA,82,L,N,0.024205,N,0.020002
4crj_chainA,83,H,N,0.034584,N,0.022997
4crj_chainA,84,R,N,0.093256,N,0.063211
4crj_chainA,85,I,N,0.031404,N,0.025603
4crj_chainA,86,R,N,0.057192,N,0.068272
4crj_chainA,87,K,N,0.023588,N,0.018143
4crj_chainA,88,E,N,0.049713,N,0.044232
4crj_chainA,89,R,N,0.047729,N,0.049199
4crj_chainA,90,W,N,0.081137,N,0.169812
4crj_chainA,91,G,N,0.057245,N,0.33984
4crj_chainA,92,P,N,0.126927,B,0.613687
4crj_chainA,93,R,N,0.205284,B,0.759817
4crj_chainA,94,T,N,0.052667,N,0.102826
4crj_chainA,95,L,N,0.037203,N,0.106654
4crj_chainA,96,D,N,0.226333,B,0.596304
4crj_chainA,97,V,N,0.064562,N,0.049656
4crj_chainA,98,D,N,0.190831,N,0.174121
4crj_chainA,99,I,N,0.037616,N,0.055166
4crj_chainA,100,L,N,0.179081,N,0.163776
4crj_chainA,101,L,N,0.184324,N,0.160618
4crj_chainA,102,Y,N,0.267575,N,0.105127
4crj_chainA,103,G,N,0.262433,N,0.079761
4crj_chainA,104,E,N,0.042774,N,0.031957
4crj_chainA,105,E,N,0.040635,N,0.031443
4crj_chainA,106,M,N,0.094557,N,0.045597
4crj_chainA,107,I,N,0.076733,N,0.033176
4crj_chainA,108,D,N,0.06669,N,0.02569
4crj_chainA,109,L,N,0.054953,N,0.029027
4crj_chainA,110,P,N,0.034165,N,0.026766
4crj_chainA,111,K,N,0.033259,N,0.029014
4crj_chainA,112,L,N,0.045311,N,0.04277
4crj_chainA,113,S,N,0.146386,N,0.085567
4crj_chainA,114,V,N,0.064785,N,0.048975
4crj_chainA,115,P,N,0.17244,N,0.098764
4crj_chainA,116,H,B,0.429523,N,0.21668
4crj_chainA,117,P,N,0.341713,N,0.124361
4crj_chainA,118,R,N,0.248739,N,0.094557
4crj_chainA,119,M,N,0.098271,N,0.040882
4crj_chainA,120,N,N,0.177086,N,0.072917
4crj_chainA,121,E,N,0.074636,N,0.038133
4crj_chainA,122,R,B,0.599976,N,0.197273
4crj_chainA,123,A,N,0.042547,N,0.029528
4crj_chainA,124,F,N,0.129586,N,0.084752
4crj_chainA,125,V,N,0.094115,N,0.060525
4crj_chainA,126,L,N,0.033597,N,0.034327
4crj_chainA,127,I,N,0.051128,N,0.027574
4crj_chainA,128,P,N,0.108549,N,0.061502
4crj_chainA,129,L,N,0.209115,N,0.067163
4crj_chainA,130,N,N,0.063369,N,0.023072
4crj_chainA,131,D,N,0.041453,N,0.021438
4crj_chainA,132,I,N,0.045577,N,0.023009
4crj_chainA,133,A,N,0.052101,N,0.021421
4crj_chainA,134,A,N,0.025762,N,0.022687
4crj_chainA,135,N,N,0.064222,N,0.049191
4crj_chainA,136,V,N,0.033731,N,0.021541
4crj_chainA,137,V,N,0.021362,N,0.01869
4crj_chainA,138,E,N,0.049603,N,0.035457
4crj_chainA,139,P,N,0.097162,N,0.04574
4crj_chainA,140,R,N,0.019196,N,0.02005
4crj_chainA,141,S,N,0.020218,N,0.013207
4crj_chainA,142,K,N,0.084169,N,0.03373
4crj_chainA,143,L,N,0.029345,N,0.018667
4crj_chainA,144,K,N,0.024286,N,0.012188
4crj_chainA,145,V,N,0.032565,N,0.019565
4crj_chainA,146,K,N,0.0543,N,0.049151
4crj_chainA,147,D,N,0.022584,N,0.020576
4crj_chainA,148,L,N,0.039069,N,0.031069
4crj_chainA,149,V,N,0.086854,N,0.054476
4crj_chainA,150,F,N,0.043929,N,0.023682
4crj_chainA,151,V,N,0.017825,N,0.011347
4crj_chainA,152,D,N,0.03806,N,0.032381
4crj_chainA,153,D,N,0.039778,N,0.020837
4crj_chainA,154,S,N,0.027834,N,0.014319
4crj_chainA,155,V,N,0.029563,N,0.019311
4crj_chainA,156,K,N,0.026357,N,0.016521
4crj_chainA,157,R,N,0.02933,N,0.01905
4crj_chainA,158,Y,N,0.025152,N,0.018714
4crj_chainA,159,K,N,0.018724,N,0.015706
