Prot.ID,NO,Residue,ATPseq Binding Sites,ATPseq Probability,ATPbind Binding Sites,ATPbind Probability
4edk_chainA,1,S,N,0.017334,N,0.016995
4edk_chainA,2,N,N,0.015605,N,0.011706
4edk_chainA,3,A,N,0.011103,N,0.009054
4edk_chainA,4,D,N,0.008111,N,0.009396
4edk_chainA,5,D,N,0.020756,N,0.034942
4edk_chainA,6,L,N,0.01353,N,0.011609
4edk_chainA,7,Q,N,0.011397,N,0.014191
4edk_chainA,8,M,N,0.021885,N,0.029425
4edk_chainA,9,I,N,0.025948,N,0.184365
4edk_chainA,10,E,N,0.018732,N,0.023852
4edk_chainA,11,M,N,0.017917,N,0.026223
4edk_chainA,12,H,N,0.025776,N,0.116063
4edk_chainA,13,E,N,0.022815,N,0.048802
4edk_chainA,14,L,N,0.027272,N,0.039325
4edk_chainA,15,I,N,0.02808,N,0.033648
4edk_chainA,16,Q,N,0.04357,N,0.089259
4edk_chainA,17,E,N,0.0246,N,0.026394
4edk_chainA,18,F,N,0.035181,N,0.031194
4edk_chainA,19,Y,N,0.042661,N,0.043977
4edk_chainA,20,Y,N,0.037965,N,0.036005
4edk_chainA,21,Y,N,0.034133,N,0.031689
4edk_chainA,22,A,N,0.047595,N,0.028587
4edk_chainA,23,L,N,0.04235,N,0.032926
4edk_chainA,24,T,N,0.033099,N,0.025015
4edk_chainA,25,K,N,0.052137,N,0.044549
4edk_chainA,26,T,N,0.040639,N,0.038825
4edk_chainA,27,V,N,0.022321,N,0.027818
4edk_chainA,28,E,N,0.020324,N,0.017884
4edk_chainA,29,G,N,0.037095,N,0.081633
4edk_chainA,30,E,N,0.027634,N,0.033165
4edk_chainA,31,Q,N,0.020594,N,0.022182
4edk_chainA,32,A,N,0.060513,N,0.115464
4edk_chainA,33,L,N,0.068993,N,0.043081
4edk_chainA,34,T,N,0.024956,N,0.026116
4edk_chainA,35,Y,N,0.120303,N,0.175009
4edk_chainA,36,L,N,0.107064,N,0.067507
4edk_chainA,37,Q,N,0.02651,N,0.035678
4edk_chainA,38,E,N,0.065523,N,0.052856
4edk_chainA,39,R,B,0.453614,B,0.52931
4edk_chainA,40,G,N,0.044472,N,0.029338
4edk_chainA,41,F,N,0.016681,N,0.018926
4edk_chainA,42,T,N,0.025618,N,0.026251
4edk_chainA,43,D,N,0.017972,N,0.014617
4edk_chainA,44,A,N,0.015085,N,0.014728
4edk_chainA,45,L,N,0.028145,N,0.023306
4edk_chainA,46,I,N,0.033641,N,0.02441
4edk_chainA,47,K,N,0.033573,N,0.022035
4edk_chainA,48,E,N,0.031912,N,0.026939
4edk_chainA,49,R,N,0.067888,N,0.034253
4edk_chainA,50,G,N,0.020119,N,0.016688
4edk_chainA,51,I,N,0.031052,N,0.021261
4edk_chainA,52,G,N,0.048196,N,0.038088
4edk_chainA,53,F,N,0.04612,N,0.025587
4edk_chainA,54,A,N,0.028987,N,0.019589
4edk_chainA,55,P,N,0.026538,N,0.013806
4edk_chainA,56,D,N,0.030577,N,0.017449
4edk_chainA,57,S,N,0.0187,N,0.011899
4edk_chainA,58,S,N,0.041209,N,0.026697
4edk_chainA,59,H,N,0.020624,N,0.021458
4edk_chainA,60,F,N,0.017838,N,0.018742
4edk_chainA,61,C,N,0.035358,N,0.026574
4edk_chainA,62,H,N,0.030362,N,0.026891
4edk_chainA,63,D,N,0.03303,N,0.032161
4edk_chainA,64,F,N,0.033463,N,0.027052
4edk_chainA,65,L,N,0.041807,N,0.031551
4edk_chainA,66,Q,N,0.029165,N,0.030532
4edk_chainA,67,K,N,0.061216,N,0.043255
4edk_chainA,68,K,N,0.121438,N,0.076403
4edk_chainA,69,G,N,0.034861,N,0.025955
4edk_chainA,70,Y,N,0.026094,N,0.017231
4edk_chainA,71,D,N,0.042182,N,0.025698
4edk_chainA,72,I,N,0.016624,N,0.013549
4edk_chainA,73,E,N,0.015339,N,0.018416
4edk_chainA,74,L,N,0.046538,N,0.033781
4edk_chainA,75,A,N,0.048315,N,0.030612
4edk_chainA,76,Y,N,0.046697,N,0.026501
4edk_chainA,77,E,N,0.048102,N,0.03541
4edk_chainA,78,A,N,0.062739,N,0.033203
4edk_chainA,79,G,N,0.081022,N,0.045515
4edk_chainA,80,L,N,0.128602,N,0.054981
4edk_chainA,81,L,N,0.080093,N,0.161201
4edk_chainA,82,S,N,0.045847,N,0.038753
4edk_chainA,83,R,N,0.083201,N,0.065812
4edk_chainA,84,N,N,0.032929,N,0.037286
4edk_chainA,85,E,N,0.020952,N,0.0163
4edk_chainA,86,E,N,0.018035,N,0.01773
4edk_chainA,87,N,N,0.024929,N,0.028279
4edk_chainA,88,F,N,0.030801,N,0.021266
4edk_chainA,89,S,N,0.033044,N,0.034936
4edk_chainA,90,Y,N,0.040248,N,0.043908
4edk_chainA,91,Y,N,0.063962,N,0.061757
4edk_chainA,92,D,N,0.054987,N,0.187223
4edk_chainA,93,R,N,0.050119,N,0.061414
4edk_chainA,94,F,N,0.06408,N,0.067558
4edk_chainA,95,R,N,0.039935,N,0.155434
4edk_chainA,96,N,N,0.015735,N,0.022069
4edk_chainA,97,R,N,0.04105,N,0.050138
4edk_chainA,98,I,N,0.030494,N,0.026368
4edk_chainA,99,M,N,0.057707,N,0.043482
4edk_chainA,100,F,N,0.093395,N,0.038995
4edk_chainA,101,P,N,0.2429,N,0.127758
4edk_chainA,102,L,N,0.16536,N,0.086845
4edk_chainA,103,K,N,0.16134,N,0.10183
4edk_chainA,104,N,N,0.052325,N,0.040041
4edk_chainA,105,A,N,0.040849,N,0.028462
4edk_chainA,106,Q,N,0.158977,N,0.093475
4edk_chainA,107,G,N,0.112855,N,0.068041
4edk_chainA,108,R,N,0.106408,N,0.10246
4edk_chainA,109,I,N,0.066428,N,0.060576
4edk_chainA,110,V,N,0.068902,N,0.072191
4edk_chainA,111,G,N,0.092472,N,0.193942
4edk_chainA,112,Y,N,0.182811,N,0.120072
4edk_chainA,113,S,N,0.156795,N,0.072705
4edk_chainA,114,G,N,0.257084,N,0.076711
4edk_chainA,115,R,B,0.673803,B,0.52835
4edk_chainA,116,T,N,0.208584,N,0.098568
4edk_chainA,117,Y,N,0.165107,N,0.073009
4edk_chainA,118,T,N,0.055994,N,0.040705
4edk_chainA,119,G,N,0.031107,N,0.028845
4edk_chainA,120,Q,N,0.0499,N,0.043133
4edk_chainA,121,E,N,0.053109,N,0.041207
4edk_chainA,122,P,N,0.394375,B,0.621141
4edk_chainA,123,K,B,0.876926,B,0.820577
4edk_chainA,124,Y,B,0.476051,B,0.741944
4edk_chainA,125,L,N,0.145093,N,0.2625
4edk_chainA,126,N,N,0.120853,N,0.303811
4edk_chainA,127,S,N,0.188435,B,0.474993
4edk_chainA,128,P,N,0.058968,N,0.216892
4edk_chainA,129,E,N,0.079558,N,0.100262
4edk_chainA,130,T,N,0.092498,N,0.23035
4edk_chainA,131,P,N,0.044722,N,0.047129
4edk_chainA,132,I,N,0.033617,N,0.035986
4edk_chainA,133,F,N,0.032183,N,0.036933
4edk_chainA,134,Q,N,0.032201,N,0.030442
4edk_chainA,135,K,N,0.076005,N,0.077111
4edk_chainA,136,R,N,0.057434,N,0.037408
4edk_chainA,137,K,N,0.098115,N,0.066653
4edk_chainA,138,L,N,0.09094,N,0.037794
4edk_chainA,139,L,N,0.126178,N,0.065617
4edk_chainA,140,Y,N,0.088452,N,0.040197
4edk_chainA,141,N,N,0.025143,N,0.022978
4edk_chainA,142,L,N,0.063118,N,0.048421
4edk_chainA,143,D,N,0.044226,N,0.036763
4edk_chainA,144,K,N,0.042924,N,0.037412
4edk_chainA,145,A,N,0.064235,N,0.03977
4edk_chainA,146,R,N,0.06624,N,0.051529
4edk_chainA,147,K,N,0.065384,N,0.043185
4edk_chainA,148,S,N,0.025521,N,0.029483
4edk_chainA,149,I,N,0.025556,N,0.019576
4edk_chainA,150,R,N,0.022137,N,0.016408
4edk_chainA,151,K,N,0.066348,N,0.039475
4edk_chainA,152,L,N,0.01736,N,0.013139
4edk_chainA,153,D,N,0.046559,N,0.029039
4edk_chainA,154,E,N,0.00806,N,0.010507
4edk_chainA,155,I,N,0.031744,N,0.02798
4edk_chainA,156,V,N,0.031695,N,0.041423
4edk_chainA,157,L,N,0.044379,N,0.038864
4edk_chainA,158,L,N,0.116982,N,0.071498
4edk_chainA,159,E,B,0.682392,B,0.628425
4edk_chainA,160,G,B,0.688154,B,0.598026
4edk_chainA,161,F,B,0.77888,B,0.675094
4edk_chainA,162,M,B,0.555869,B,0.484859
4edk_chainA,163,D,B,0.581246,B,0.529459
4edk_chainA,164,V,N,0.030499,N,0.021884
4edk_chainA,165,I,N,0.038169,N,0.021864
4edk_chainA,166,K,N,0.041834,N,0.027887
4edk_chainA,167,S,N,0.027472,N,0.02265
4edk_chainA,168,D,N,0.026554,N,0.022554
4edk_chainA,169,T,N,0.042225,N,0.0378
4edk_chainA,170,A,N,0.012921,N,0.010992
4edk_chainA,171,G,N,0.021133,N,0.022494
4edk_chainA,172,L,N,0.052343,N,0.04119
4edk_chainA,173,K,N,0.03022,N,0.02906
4edk_chainA,174,N,N,0.057179,N,0.044395
4edk_chainA,175,V,N,0.038709,N,0.029198
4edk_chainA,176,V,N,0.10713,N,0.051619
4edk_chainA,177,A,N,0.111024,N,0.054319
4edk_chainA,178,T,N,0.074263,N,0.034964
4edk_chainA,179,M,N,0.215342,N,0.05136
4edk_chainA,180,G,B,0.833949,B,0.612
4edk_chainA,181,T,N,0.093303,N,0.055583
4edk_chainA,182,Q,N,0.043507,N,0.037021
4edk_chainA,183,L,N,0.027463,N,0.06326
4edk_chainA,184,S,N,0.076276,N,0.048512
4edk_chainA,185,D,N,0.024974,N,0.022189
4edk_chainA,186,E,N,0.031729,N,0.024038
4edk_chainA,187,H,N,0.034106,N,0.039048
4edk_chainA,188,I,N,0.024652,N,0.061217
4edk_chainA,189,T,N,0.036824,N,0.038083
4edk_chainA,190,F,N,0.023094,N,0.032707
4edk_chainA,191,I,N,0.042754,N,0.035715
4edk_chainA,192,R,N,0.062776,N,0.041133
4edk_chainA,193,K,N,0.075021,N,0.036372
4edk_chainA,194,L,N,0.047157,N,0.024632
4edk_chainA,195,T,N,0.062849,N,0.034311
4edk_chainA,196,S,N,0.099381,N,0.046125
4edk_chainA,197,N,N,0.054443,N,0.039233
4edk_chainA,198,I,N,0.072145,N,0.032473
4edk_chainA,199,T,N,0.052925,N,0.030271
4edk_chainA,200,L,N,0.037723,N,0.034157
4edk_chainA,201,M,N,0.051535,N,0.048281
4edk_chainA,202,F,N,0.134374,N,0.225899
4edk_chainA,203,D,B,0.743163,B,0.718243
4edk_chainA,204,G,N,0.223323,B,0.401871
4edk_chainA,205,D,N,0.27611,B,0.472633
4edk_chainA,206,F,N,0.152367,N,0.170225
4edk_chainA,207,A,N,0.380932,N,0.172349
4edk_chainA,208,G,B,0.480259,B,0.451882
4edk_chainA,209,S,N,0.156798,N,0.127491
4edk_chainA,210,E,N,0.084041,N,0.059157
4edk_chainA,211,A,N,0.25269,N,0.096169
4edk_chainA,212,T,N,0.037587,N,0.101554
4edk_chainA,213,L,N,0.017848,N,0.016248
4edk_chainA,214,K,N,0.084613,N,0.060068
4edk_chainA,215,T,N,0.048995,N,0.059503
4edk_chainA,216,G,N,0.015501,N,0.17328
4edk_chainA,217,Q,N,0.034723,N,0.111872
4edk_chainA,218,H,N,0.024138,N,0.029963
4edk_chainA,219,L,N,0.040319,N,0.05232
4edk_chainA,220,L,N,0.036177,N,0.107
4edk_chainA,221,Q,N,0.032528,N,0.046519
4edk_chainA,222,Q,N,0.049968,N,0.041004
4edk_chainA,223,G,N,0.069078,N,0.127848
4edk_chainA,224,L,N,0.050098,N,0.112023
4edk_chainA,225,N,N,0.024137,N,0.0713
4edk_chainA,226,V,N,0.030371,N,0.040368
4edk_chainA,227,F,N,0.04821,N,0.16173
4edk_chainA,228,V,N,0.02298,N,0.105494
4edk_chainA,229,I,N,0.060697,N,0.072448
4edk_chainA,230,Q,N,0.068677,N,0.058207
4edk_chainA,231,L,N,0.072222,N,0.118932
4edk_chainA,232,P,N,0.060731,N,0.106061
4edk_chainA,233,S,N,0.032604,N,0.046484
4edk_chainA,234,G,N,0.060187,N,0.052301
4edk_chainA,235,M,N,0.048744,N,0.052448
4edk_chainA,236,D,B,0.555245,B,0.495537
4edk_chainA,237,P,N,0.037313,N,0.023106
4edk_chainA,238,D,N,0.041169,N,0.027251
4edk_chainA,239,E,N,0.068164,N,0.044584
4edk_chainA,240,Y,N,0.080604,N,0.048663
4edk_chainA,241,I,N,0.025423,N,0.023004
4edk_chainA,242,G,N,0.020734,N,0.026989
4edk_chainA,243,K,N,0.037842,N,0.033412
4edk_chainA,244,Y,N,0.045384,N,0.041105
4edk_chainA,245,G,N,0.048316,N,0.029857
4edk_chainA,246,N,N,0.033797,N,0.023224
4edk_chainA,247,D,N,0.028601,N,0.029891
4edk_chainA,248,A,N,0.147984,N,0.048247
4edk_chainA,249,F,N,0.078406,N,0.088038
4edk_chainA,250,T,N,0.039044,N,0.03068
4edk_chainA,251,T,N,0.040345,N,0.02352
4edk_chainA,252,F,N,0.053793,N,0.027869
4edk_chainA,253,V,N,0.08108,N,0.03522
4edk_chainA,254,K,N,0.013766,N,0.012114
4edk_chainA,255,N,N,0.035933,N,0.026806
4edk_chainA,256,D,N,0.022692,N,0.024178
4edk_chainA,257,K,N,0.022216,N,0.078879
4edk_chainA,258,K,N,0.016042,N,0.188004
4edk_chainA,259,S,N,0.026652,N,0.102213
4edk_chainA,260,F,N,0.012693,N,0.057764
4edk_chainA,261,A,N,0.015503,N,0.082441
4edk_chainA,262,H,N,0.032665,N,0.135895
4edk_chainA,263,Y,N,0.022575,N,0.025962
4edk_chainA,264,K,N,0.038169,N,0.043168
4edk_chainA,265,V,N,0.028096,N,0.032632
4edk_chainA,266,S,N,0.050868,N,0.045629
4edk_chainA,267,I,N,0.046112,N,0.037223
4edk_chainA,268,L,N,0.016613,N,0.015292
4edk_chainA,269,K,N,0.076561,N,0.058017
4edk_chainA,270,D,N,0.075487,N,0.059129
4edk_chainA,271,E,N,0.049947,N,0.0421
4edk_chainA,272,I,N,0.050275,N,0.043733
4edk_chainA,273,A,N,0.0556,N,0.040058
4edk_chainA,274,H,N,0.082675,N,0.049947
4edk_chainA,275,N,N,0.067179,N,0.054167
4edk_chainA,276,D,N,0.089192,N,0.045984
4edk_chainA,277,L,N,0.021487,N,0.015614
4edk_chainA,278,S,N,0.022957,N,0.016376
4edk_chainA,279,Y,N,0.054702,N,0.040269
4edk_chainA,280,E,N,0.132127,N,0.056626
4edk_chainA,281,R,N,0.043849,N,0.029121
4edk_chainA,282,Y,N,0.013965,N,0.012846
4edk_chainA,283,L,N,0.02339,N,0.014307
4edk_chainA,284,K,N,0.103714,N,0.049865
4edk_chainA,285,E,N,0.02645,N,0.0211
4edk_chainA,286,L,N,0.015136,N,0.009965
4edk_chainA,287,S,N,0.029995,N,0.018471
4edk_chainA,288,H,N,0.033796,N,0.024281
4edk_chainA,289,D,N,0.036674,N,0.032491
4edk_chainA,290,I,N,0.035129,N,0.029389
4edk_chainA,291,S,N,0.017222,N,0.013785
4edk_chainA,292,L,N,0.067348,N,0.041968
4edk_chainA,293,M,N,0.052072,N,0.029675
4edk_chainA,294,K,N,0.029273,N,0.022316
4edk_chainA,295,S,N,0.03607,N,0.021726
4edk_chainA,296,S,N,0.078964,N,0.036047
4edk_chainA,297,I,N,0.037243,N,0.024222
4edk_chainA,298,L,N,0.01645,N,0.042283
4edk_chainA,299,Q,N,0.069941,N,0.050954
4edk_chainA,300,Q,N,0.035558,N,0.031574
4edk_chainA,301,K,N,0.019388,N,0.02754
4edk_chainA,302,A,N,0.01942,N,0.088261
4edk_chainA,303,I,N,0.01819,N,0.019787
4edk_chainA,304,N,N,0.039771,N,0.036727
4edk_chainA,305,D,N,0.047779,N,0.056105
4edk_chainA,306,V,N,0.036707,N,0.033734
4edk_chainA,307,A,N,0.022355,N,0.019645
4edk_chainA,308,P,N,0.03804,N,0.032165
4edk_chainA,309,F,N,0.034759,N,0.035235
4edk_chainA,310,F,N,0.042054,N,0.030463
4edk_chainA,311,N,N,0.024305,N,0.015529
4edk_chainA,312,V,N,0.026374,N,0.019018
4edk_chainA,313,S,N,0.012076,N,0.013921
4edk_chainA,314,P,N,0.019188,N,0.017982
4edk_chainA,315,E,N,0.015608,N,0.013512
4edk_chainA,316,Q,N,0.01341,N,0.011029
4edk_chainA,317,L,N,0.015406,N,0.011919
4edk_chainA,318,A,N,0.011805,N,0.011175
4edk_chainA,319,N,N,0.026775,N,0.024417
4edk_chainA,320,E,N,0.023157,N,0.017168
4edk_chainA,321,I,N,0.020982,N,0.014365
