Prot.ID,NO,Residue,ATPseq Binding Sites,ATPseq Probability,ATPbind Binding Sites,ATPbind Probability
4lac_chainC,1,K,N,0.007171,N,0.006059
4lac_chainC,2,V,N,0.010914,N,0.009833
4lac_chainC,3,F,N,0.013483,N,0.008214
4lac_chainC,4,T,N,0.01219,N,0.010792
4lac_chainC,5,K,N,0.016886,N,0.014235
4lac_chainC,6,E,N,0.015546,N,0.00976
4lac_chainC,7,L,N,0.012536,N,0.009571
4lac_chainC,8,D,N,0.046808,N,0.03013
4lac_chainC,9,Q,N,0.024736,N,0.024785
4lac_chainC,10,W,N,0.01877,N,0.015433
4lac_chainC,11,I,N,0.045239,N,0.028514
4lac_chainC,12,E,N,0.027516,N,0.019717
4lac_chainC,13,Q,N,0.02786,N,0.02347
4lac_chainC,14,L,N,0.020768,N,0.016584
4lac_chainC,15,N,N,0.023464,N,0.025085
4lac_chainC,16,E,N,0.025697,N,0.025649
4lac_chainC,17,C,N,0.022928,N,0.03628
4lac_chainC,18,K,N,0.034308,N,0.056736
4lac_chainC,19,Q,N,0.028769,N,0.104862
4lac_chainC,20,L,N,0.024248,N,0.066729
4lac_chainC,21,S,N,0.026943,N,0.090205
4lac_chainC,22,E,N,0.040769,N,0.138211
4lac_chainC,23,S,N,0.030469,N,0.224491
4lac_chainC,24,Q,N,0.028232,N,0.139333
4lac_chainC,25,V,N,0.033737,N,0.029743
4lac_chainC,26,K,N,0.048665,N,0.060057
4lac_chainC,27,S,N,0.010807,N,0.013196
4lac_chainC,28,L,N,0.008975,N,0.012481
4lac_chainC,29,C,N,0.025801,N,0.017999
4lac_chainC,30,E,N,0.012451,N,0.012034
4lac_chainC,31,K,N,0.018022,N,0.015462
4lac_chainC,32,A,N,0.018625,N,0.013397
4lac_chainC,33,K,N,0.020892,N,0.017601
4lac_chainC,34,E,N,0.008448,N,0.010492
4lac_chainC,35,I,N,0.016391,N,0.014879
4lac_chainC,36,L,N,0.035867,N,0.025958
4lac_chainC,37,T,N,0.023509,N,0.018694
4lac_chainC,38,K,N,0.030262,N,0.026439
4lac_chainC,39,E,N,0.018468,N,0.016863
4lac_chainC,40,S,N,0.018943,N,0.016575
4lac_chainC,41,N,N,0.016451,N,0.016157
4lac_chainC,42,V,N,0.04186,N,0.037366
4lac_chainC,43,Q,N,0.022897,N,0.022916
4lac_chainC,44,E,N,0.021911,N,0.021518
4lac_chainC,45,V,N,0.01425,N,0.016262
4lac_chainC,46,R,N,0.015488,N,0.018132
4lac_chainC,47,C,N,0.006783,N,0.008159
4lac_chainC,48,P,N,0.020306,N,0.019841
4lac_chainC,49,V,N,0.021847,N,0.024722
4lac_chainC,50,T,N,0.059093,N,0.043654
4lac_chainC,51,V,N,0.081903,N,0.043817
4lac_chainC,52,C,N,0.259603,N,0.119768
4lac_chainC,53,G,B,0.479947,B,0.386841
4lac_chainC,54,D,B,0.566986,B,0.562923
4lac_chainC,55,V,B,0.430023,B,0.610291
4lac_chainC,56,H,B,0.785334,B,0.637566
4lac_chainC,57,G,B,0.518282,B,0.569937
4lac_chainC,58,Q,B,0.452433,B,0.45084
4lac_chainC,59,F,N,0.200233,N,0.377293
4lac_chainC,60,H,N,0.1007,N,0.277849
4lac_chainC,61,D,N,0.390184,B,0.45732
4lac_chainC,62,L,N,0.054391,N,0.174705
4lac_chainC,63,M,N,0.059536,N,0.05373
4lac_chainC,64,E,N,0.035246,N,0.059922
4lac_chainC,65,L,N,0.105937,N,0.106722
4lac_chainC,66,F,N,0.030658,N,0.037228
4lac_chainC,67,R,N,0.033567,N,0.043737
4lac_chainC,68,I,N,0.031301,N,0.036417
4lac_chainC,69,G,N,0.038244,N,0.0315
4lac_chainC,70,G,N,0.035647,N,0.029437
4lac_chainC,71,K,N,0.03261,N,0.028099
4lac_chainC,72,S,N,0.016079,N,0.013932
4lac_chainC,73,P,N,0.045618,N,0.033571
4lac_chainC,74,D,N,0.049992,N,0.036552
4lac_chainC,75,T,N,0.022661,N,0.021184
4lac_chainC,76,N,N,0.019743,N,0.018555
4lac_chainC,77,Y,N,0.045689,N,0.044194
4lac_chainC,78,L,N,0.027432,N,0.030944
4lac_chainC,79,F,N,0.153692,N,0.158175
4lac_chainC,80,M,N,0.100094,N,0.228475
4lac_chainC,81,G,B,0.576335,B,0.632795
4lac_chainC,82,D,B,0.664183,B,0.584561
4lac_chainC,83,Y,N,0.265417,N,0.292668
4lac_chainC,84,V,B,0.532112,N,0.204943
4lac_chainC,85,D,N,0.088632,N,0.056425
4lac_chainC,86,R,N,0.189555,N,0.073801
4lac_chainC,87,G,N,0.08575,N,0.05599
4lac_chainC,88,Y,N,0.035261,N,0.024506
4lac_chainC,89,Y,N,0.022649,N,0.023596
4lac_chainC,90,S,N,0.145032,N,0.085676
4lac_chainC,91,V,N,0.030204,N,0.02852
4lac_chainC,92,E,N,0.111384,N,0.063125
4lac_chainC,93,T,N,0.046989,N,0.030008
4lac_chainC,94,V,N,0.035637,N,0.047292
4lac_chainC,95,T,N,0.032133,N,0.058728
4lac_chainC,96,L,N,0.020974,N,0.019289
4lac_chainC,97,L,N,0.017655,N,0.023313
4lac_chainC,98,V,N,0.020175,N,0.029176
4lac_chainC,99,A,N,0.011634,N,0.015899
4lac_chainC,100,L,N,0.015922,N,0.01698
4lac_chainC,101,K,N,0.024498,N,0.020974
4lac_chainC,102,V,N,0.013279,N,0.01028
4lac_chainC,103,R,N,0.042005,N,0.040732
4lac_chainC,104,Y,N,0.038826,N,0.026054
4lac_chainC,105,R,N,0.086886,N,0.048483
4lac_chainC,106,E,N,0.030018,N,0.025426
4lac_chainC,107,R,N,0.021186,N,0.022819
4lac_chainC,108,I,N,0.032488,N,0.033866
4lac_chainC,109,T,N,0.027254,N,0.035454
4lac_chainC,110,I,N,0.099591,N,0.056093
4lac_chainC,111,L,N,0.110258,N,0.053761
4lac_chainC,112,R,B,0.495333,N,0.162347
4lac_chainC,113,G,N,0.346136,N,0.134413
4lac_chainC,114,N,B,0.768092,N,0.277781
4lac_chainC,115,H,B,0.476771,N,0.136807
4lac_chainC,116,E,B,0.4389,N,0.215107
4lac_chainC,117,S,N,0.22683,N,0.076434
4lac_chainC,118,R,N,0.074961,N,0.03927
4lac_chainC,119,Q,N,0.024251,N,0.018692
4lac_chainC,120,I,N,0.056863,N,0.023105
4lac_chainC,121,T,N,0.071538,N,0.041131
4lac_chainC,122,Q,N,0.043938,N,0.033941
4lac_chainC,123,V,N,0.038908,N,0.021894
4lac_chainC,124,Y,N,0.071258,N,0.043015
4lac_chainC,125,G,N,0.036404,N,0.029406
4lac_chainC,126,F,N,0.015103,N,0.015885
4lac_chainC,127,Y,N,0.024566,N,0.02518
4lac_chainC,128,D,N,0.022122,N,0.017189
4lac_chainC,129,E,N,0.064752,N,0.043985
4lac_chainC,130,C,N,0.04677,N,0.035585
4lac_chainC,131,L,N,0.027807,N,0.019296
4lac_chainC,132,R,N,0.026563,N,0.018189
4lac_chainC,133,K,N,0.083593,N,0.060871
4lac_chainC,134,Y,N,0.048564,N,0.026251
4lac_chainC,135,G,N,0.025307,N,0.020169
4lac_chainC,136,N,N,0.038462,N,0.023429
4lac_chainC,137,A,N,0.033356,N,0.020531
4lac_chainC,138,N,N,0.01288,N,0.012939
4lac_chainC,139,V,N,0.022521,N,0.016389
4lac_chainC,140,W,N,0.029961,N,0.024755
4lac_chainC,141,K,N,0.025531,N,0.021756
4lac_chainC,142,Y,N,0.016296,N,0.014459
4lac_chainC,143,F,N,0.027727,N,0.024491
4lac_chainC,144,T,N,0.018353,N,0.014915
4lac_chainC,145,D,N,0.026667,N,0.024939
4lac_chainC,146,L,N,0.020906,N,0.013709
4lac_chainC,147,F,N,0.060338,N,0.03491
4lac_chainC,148,D,N,0.030131,N,0.023662
4lac_chainC,149,Y,N,0.043763,N,0.032948
4lac_chainC,150,L,N,0.027199,N,0.02529
4lac_chainC,151,P,N,0.069255,N,0.06067
4lac_chainC,152,L,N,0.019013,N,0.017015
4lac_chainC,153,T,N,0.013145,N,0.012573
4lac_chainC,154,A,N,0.025814,N,0.019741
4lac_chainC,155,L,N,0.022486,N,0.022042
4lac_chainC,156,V,N,0.035769,N,0.023962
4lac_chainC,157,D,N,0.021564,N,0.018958
4lac_chainC,158,G,N,0.015901,N,0.016049
4lac_chainC,159,Q,N,0.009204,N,0.010403
4lac_chainC,160,I,N,0.013575,N,0.015555
4lac_chainC,161,F,N,0.023366,N,0.019334
4lac_chainC,162,C,N,0.063865,N,0.037889
4lac_chainC,163,L,B,0.471483,N,0.125925
4lac_chainC,164,H,B,0.736814,N,0.234875
4lac_chainC,165,G,N,0.338725,N,0.119624
4lac_chainC,166,G,N,0.19824,N,0.079861
4lac_chainC,167,L,N,0.15886,N,0.088113
4lac_chainC,168,S,N,0.119785,N,0.053493
4lac_chainC,169,P,N,0.043335,N,0.028958
4lac_chainC,170,S,N,0.083943,N,0.047859
4lac_chainC,171,I,N,0.100444,N,0.04699
4lac_chainC,172,D,N,0.014129,N,0.015492
4lac_chainC,173,T,N,0.027103,N,0.019551
4lac_chainC,174,L,N,0.017993,N,0.016039
4lac_chainC,175,D,N,0.052302,N,0.039224
4lac_chainC,176,H,N,0.0211,N,0.02686
4lac_chainC,177,I,N,0.027732,N,0.021942
4lac_chainC,178,R,N,0.061649,N,0.057091
4lac_chainC,179,A,N,0.017514,N,0.020632
4lac_chainC,180,L,N,0.013627,N,0.014485
4lac_chainC,181,D,N,0.035073,N,0.022394
4lac_chainC,182,R,N,0.104438,N,0.081572
4lac_chainC,183,L,N,0.024485,N,0.020105
4lac_chainC,184,Q,N,0.038456,N,0.029781
4lac_chainC,185,E,N,0.040088,N,0.037582
4lac_chainC,186,V,N,0.023172,N,0.0251
4lac_chainC,187,P,N,0.025632,N,0.021468
4lac_chainC,188,H,N,0.030368,N,0.033494
4lac_chainC,189,E,N,0.022389,N,0.022818
4lac_chainC,190,G,N,0.018978,N,0.034585
4lac_chainC,191,P,N,0.027578,N,0.018976
4lac_chainC,192,M,N,0.060385,N,0.029929
4lac_chainC,193,C,N,0.069418,N,0.036963
4lac_chainC,194,D,N,0.229885,N,0.062924
4lac_chainC,195,L,N,0.16337,N,0.059186
4lac_chainC,196,L,N,0.161381,N,0.055783
4lac_chainC,197,W,N,0.087536,N,0.063571
4lac_chainC,198,S,N,0.034809,N,0.045354
4lac_chainC,199,D,N,0.070422,N,0.053416
4lac_chainC,200,P,N,0.017648,N,0.020397
4lac_chainC,201,D,N,0.073736,N,0.047451
4lac_chainC,202,D,N,0.198583,N,0.085712
4lac_chainC,203,R,N,0.074351,N,0.053163
4lac_chainC,204,G,N,0.13463,N,0.052818
4lac_chainC,205,G,N,0.088463,N,0.053619
4lac_chainC,206,W,N,0.186061,N,0.134029
4lac_chainC,207,G,N,0.067792,N,0.054015
4lac_chainC,208,I,N,0.048966,N,0.035839
4lac_chainC,209,S,N,0.079562,N,0.059419
4lac_chainC,210,P,N,0.098853,N,0.05112
4lac_chainC,211,R,N,0.21548,N,0.11255
4lac_chainC,212,G,N,0.310368,N,0.105705
4lac_chainC,213,A,N,0.137638,N,0.059814
4lac_chainC,214,G,N,0.220202,N,0.091361
4lac_chainC,215,Y,N,0.080503,N,0.050191
4lac_chainC,216,T,N,0.037241,N,0.026348
4lac_chainC,217,F,N,0.158593,N,0.056242
4lac_chainC,218,G,N,0.023209,N,0.025665
4lac_chainC,219,Q,N,0.021921,N,0.02064
4lac_chainC,220,D,N,0.029402,N,0.026354
4lac_chainC,221,I,N,0.045843,N,0.033963
4lac_chainC,222,S,N,0.022707,N,0.021024
4lac_chainC,223,E,N,0.024546,N,0.020046
4lac_chainC,224,T,N,0.042017,N,0.033649
4lac_chainC,225,F,N,0.047111,N,0.032897
4lac_chainC,226,N,N,0.029212,N,0.026774
4lac_chainC,227,H,N,0.035366,N,0.033322
4lac_chainC,228,A,N,0.051436,N,0.038081
4lac_chainC,229,N,N,0.123929,N,0.049771
4lac_chainC,230,G,N,0.031002,N,0.022267
4lac_chainC,231,L,N,0.075406,N,0.039129
4lac_chainC,232,T,N,0.093768,N,0.055683
4lac_chainC,233,L,N,0.044983,N,0.031936
4lac_chainC,234,V,N,0.083417,N,0.057923
4lac_chainC,235,S,N,0.083476,N,0.052355
4lac_chainC,236,R,N,0.127328,N,0.102976
4lac_chainC,237,A,N,0.03803,N,0.038369
4lac_chainC,238,H,N,0.079075,N,0.10538
4lac_chainC,239,Q,N,0.039241,N,0.037396
4lac_chainC,240,L,N,0.028114,N,0.029183
4lac_chainC,241,V,N,0.038628,N,0.043164
4lac_chainC,242,M,N,0.025107,N,0.029735
4lac_chainC,243,E,N,0.021498,N,0.03243
4lac_chainC,244,G,N,0.048902,N,0.088131
4lac_chainC,245,Y,N,0.073079,N,0.062504
4lac_chainC,246,N,N,0.10753,N,0.099279
4lac_chainC,247,W,N,0.043695,N,0.035111
4lac_chainC,248,C,N,0.045221,N,0.033479
4lac_chainC,249,H,N,0.024549,N,0.021378
4lac_chainC,250,D,N,0.017039,N,0.02338
4lac_chainC,251,R,N,0.015062,N,0.020999
4lac_chainC,252,N,N,0.026627,N,0.023453
4lac_chainC,253,V,N,0.034086,N,0.023971
4lac_chainC,254,V,N,0.058052,N,0.03311
4lac_chainC,255,T,N,0.063396,N,0.037856
4lac_chainC,256,I,N,0.069569,N,0.049966
4lac_chainC,257,F,N,0.067983,N,0.060524
4lac_chainC,258,S,N,0.07168,N,0.182602
4lac_chainC,259,A,N,0.034135,N,0.146271
4lac_chainC,260,P,N,0.145735,N,0.252733
4lac_chainC,261,N,N,0.150533,N,0.172879
4lac_chainC,262,Y,N,0.087314,N,0.194275
4lac_chainC,263,C,N,0.082647,N,0.132992
4lac_chainC,264,Y,N,0.052174,N,0.049447
4lac_chainC,265,R,N,0.029474,N,0.038162
4lac_chainC,266,C,N,0.092635,N,0.08556
4lac_chainC,267,G,N,0.057533,N,0.040553
4lac_chainC,268,N,N,0.112991,N,0.086087
4lac_chainC,269,Q,N,0.091545,N,0.050873
4lac_chainC,270,A,N,0.021442,N,0.021083
4lac_chainC,271,A,N,0.152695,N,0.07429
4lac_chainC,272,I,N,0.040097,N,0.032097
4lac_chainC,273,M,N,0.09097,N,0.046472
4lac_chainC,274,E,N,0.101037,N,0.052525
4lac_chainC,275,L,N,0.045621,N,0.032497
4lac_chainC,276,D,N,0.040061,N,0.039538
4lac_chainC,277,D,N,0.002335,N,0.003232
4lac_chainC,278,T,N,0.017595,N,0.0165
4lac_chainC,279,L,N,0.030253,N,0.022746
4lac_chainC,280,K,N,0.017104,N,0.016062
4lac_chainC,281,Y,N,0.041104,N,0.028847
4lac_chainC,282,S,N,0.013511,N,0.011346
4lac_chainC,283,F,N,0.035537,N,0.040623
4lac_chainC,284,L,N,0.058946,N,0.055601
4lac_chainC,285,Q,N,0.053929,N,0.057178
4lac_chainC,286,F,N,0.089489,N,0.138612
4lac_chainC,287,D,N,0.016325,N,0.037627
4lac_chainC,288,P,N,0.01356,N,0.027588
4lac_chainC,289,A,N,0.019583,N,0.02894
4lac_chainC,290,P,N,0.05167,N,0.054481
