Prot.ID,NO,Residue,ATPseq Binding Sites,ATPseq Probability,ATPbind Binding Sites,ATPbind Probability
4uxx_chainC,1,Y,N,0.034223,N,0.023036
4uxx_chainC,2,S,N,0.027308,N,0.020652
4uxx_chainC,3,W,N,0.030728,N,0.021001
4uxx_chainC,4,K,N,0.031553,N,0.034134
4uxx_chainC,5,G,N,0.044381,N,0.075658
4uxx_chainC,6,L,N,0.018413,N,0.020284
4uxx_chainC,7,R,N,0.03141,N,0.020512
4uxx_chainC,8,A,N,0.026374,N,0.019446
4uxx_chainC,9,A,N,0.039505,N,0.032323
4uxx_chainC,10,W,N,0.020651,N,0.015721
4uxx_chainC,11,I,N,0.016775,N,0.011807
4uxx_chainC,12,N,N,0.03405,N,0.025969
4uxx_chainC,13,E,N,0.040109,N,0.060607
4uxx_chainC,14,A,N,0.056708,N,0.050646
4uxx_chainC,15,A,N,0.028719,N,0.020491
4uxx_chainC,16,F,N,0.028381,N,0.020235
4uxx_chainC,17,R,N,0.061471,N,0.076132
4uxx_chainC,18,Q,N,0.073501,N,0.053559
4uxx_chainC,19,E,N,0.034888,N,0.026572
4uxx_chainC,20,G,N,0.028068,N,0.021633
4uxx_chainC,21,V,N,0.023399,N,0.016824
4uxx_chainC,22,A,N,0.03188,N,0.024611
4uxx_chainC,23,V,N,0.02404,N,0.017086
4uxx_chainC,24,L,N,0.031417,N,0.025036
4uxx_chainC,25,L,N,0.024689,N,0.022609
4uxx_chainC,26,A,N,0.028813,N,0.018073
4uxx_chainC,27,V,N,0.032096,N,0.028372
4uxx_chainC,28,V,N,0.016759,N,0.018653
4uxx_chainC,29,I,N,0.016919,N,0.018341
4uxx_chainC,30,A,N,0.011851,N,0.01543
4uxx_chainC,31,C,N,0.022876,N,0.018124
4uxx_chainC,32,W,N,0.015473,N,0.017527
4uxx_chainC,33,L,N,0.020733,N,0.019403
4uxx_chainC,34,D,N,0.027514,N,0.047389
4uxx_chainC,35,V,N,0.013602,N,0.034834
4uxx_chainC,36,D,N,0.04123,N,0.065023
4uxx_chainC,37,A,N,0.017872,N,0.033659
4uxx_chainC,38,C,N,0.020885,N,0.032568
4uxx_chainC,39,T,N,0.026245,N,0.062293
4uxx_chainC,40,R,N,0.043006,N,0.038153
4uxx_chainC,41,V,N,0.033374,N,0.02433
4uxx_chainC,42,L,N,0.027356,N,0.027087
4uxx_chainC,43,L,N,0.024952,N,0.017269
4uxx_chainC,44,I,N,0.038332,N,0.03268
4uxx_chainC,45,S,N,0.033973,N,0.028747
4uxx_chainC,46,S,N,0.020963,N,0.015994
4uxx_chainC,47,V,N,0.028821,N,0.021505
4uxx_chainC,48,M,N,0.034897,N,0.027869
4uxx_chainC,49,L,N,0.058969,N,0.041592
4uxx_chainC,50,V,N,0.028743,N,0.033695
4uxx_chainC,51,M,N,0.114799,N,0.075445
4uxx_chainC,52,I,N,0.118124,N,0.345963
4uxx_chainC,53,V,N,0.036413,N,0.180694
4uxx_chainC,54,E,N,0.084851,N,0.219854
4uxx_chainC,55,L,N,0.0497,N,0.225354
4uxx_chainC,56,L,N,0.037597,N,0.137166
4uxx_chainC,57,N,N,0.047487,N,0.048594
4uxx_chainC,58,S,N,0.030974,N,0.032891
4uxx_chainC,59,A,N,0.016039,N,0.0302
4uxx_chainC,60,I,N,0.045099,N,0.037662
4uxx_chainC,61,E,N,0.071973,N,0.032221
4uxx_chainC,62,A,N,0.027916,N,0.025914
4uxx_chainC,63,V,N,0.012026,N,0.014258
4uxx_chainC,64,V,N,0.02552,N,0.017344
4uxx_chainC,65,D,N,0.032388,N,0.030177
4uxx_chainC,66,R,N,0.056061,N,0.052919
4uxx_chainC,67,I,N,0.040216,N,0.06317
4uxx_chainC,68,G,N,0.129232,N,0.139692
4uxx_chainC,69,S,N,0.031078,N,0.027386
4uxx_chainC,70,E,N,0.168203,N,0.200226
4uxx_chainC,71,Y,N,0.347416,N,0.18208
4uxx_chainC,72,H,N,0.186995,N,0.200652
4uxx_chainC,73,E,N,0.244729,N,0.103211
4uxx_chainC,74,L,N,0.061662,N,0.053485
4uxx_chainC,75,S,N,0.084703,N,0.060965
4uxx_chainC,76,G,N,0.099549,N,0.148629
4uxx_chainC,77,R,N,0.187594,N,0.145301
4uxx_chainC,78,A,N,0.065151,N,0.039648
4uxx_chainC,79,K,N,0.080757,N,0.091048
4uxx_chainC,80,D,N,0.127463,N,0.068248
4uxx_chainC,81,L,N,0.066133,N,0.033098
4uxx_chainC,82,G,N,0.282741,N,0.098385
4uxx_chainC,83,S,N,0.405214,N,0.252475
4uxx_chainC,84,A,N,0.269576,N,0.106097
4uxx_chainC,85,A,N,0.235147,N,0.10661
4uxx_chainC,86,V,N,0.079558,N,0.187128
4uxx_chainC,87,L,N,0.059326,N,0.119843
4uxx_chainC,88,I,N,0.067246,N,0.05882
4uxx_chainC,89,A,N,0.018999,N,0.022497
4uxx_chainC,90,I,N,0.023426,N,0.027301
4uxx_chainC,91,I,N,0.022598,N,0.049978
4uxx_chainC,92,D,N,0.027113,N,0.029478
4uxx_chainC,93,A,N,0.026003,N,0.027976
4uxx_chainC,94,V,N,0.020912,N,0.021943
4uxx_chainC,95,I,N,0.031552,N,0.02659
4uxx_chainC,96,T,N,0.021608,N,0.019339
4uxx_chainC,97,W,N,0.027114,N,0.032445
4uxx_chainC,98,C,N,0.011902,N,0.020563
4uxx_chainC,99,I,N,0.028153,N,0.026383
4uxx_chainC,100,L,N,0.019364,N,0.016359
4uxx_chainC,101,L,N,0.022368,N,0.01863
4uxx_chainC,102,W,N,0.018626,N,0.016777
4uxx_chainC,103,S,N,0.011452,N,0.010833
4uxx_chainC,104,H,N,0.035012,N,0.030174
4uxx_chainC,105,F,N,0.024531,N,0.022523
