Prot.ID,NO,Residue,ATPseq Binding Sites,ATPseq Probability,ATPbind Binding Sites,ATPbind Probability
4yvz_chainA,1,V,N,0.011468,N,0.008954
4yvz_chainA,2,P,N,0.012431,N,0.0083
4yvz_chainA,3,Q,N,0.009851,N,0.005952
4yvz_chainA,4,E,N,0.012927,N,0.008731
4yvz_chainA,5,L,N,0.015804,N,0.010883
4yvz_chainA,6,I,N,0.032864,N,0.025882
4yvz_chainA,7,E,N,0.012398,N,0.010943
4yvz_chainA,8,K,N,0.018647,N,0.013031
4yvz_chainA,9,I,N,0.042843,N,0.022519
4yvz_chainA,10,K,N,0.022442,N,0.018428
4yvz_chainA,11,L,N,0.026157,N,0.020238
4yvz_chainA,12,I,N,0.036548,N,0.025382
4yvz_chainA,13,S,N,0.019315,N,0.017684
4yvz_chainA,14,P,N,0.031764,N,0.025606
4yvz_chainA,15,G,N,0.03385,N,0.030859
4yvz_chainA,16,T,N,0.022459,N,0.018098
4yvz_chainA,17,E,N,0.022468,N,0.013713
4yvz_chainA,18,L,N,0.085644,N,0.036838
4yvz_chainA,19,R,N,0.067828,N,0.037207
4yvz_chainA,20,K,N,0.019471,N,0.016456
4yvz_chainA,21,A,N,0.059586,N,0.027349
4yvz_chainA,22,L,N,0.04539,N,0.024192
4yvz_chainA,23,D,N,0.034058,N,0.027263
4yvz_chainA,24,D,N,0.059796,N,0.037931
4yvz_chainA,25,I,N,0.063991,N,0.031347
4yvz_chainA,26,I,N,0.029367,N,0.023105
4yvz_chainA,27,N,N,0.047613,N,0.031763
4yvz_chainA,28,A,N,0.018821,N,0.012105
4yvz_chainA,29,N,N,0.037016,N,0.027367
4yvz_chainA,30,F,N,0.025991,N,0.019049
4yvz_chainA,31,G,N,0.033037,N,0.026906
4yvz_chainA,32,A,N,0.016798,N,0.018113
4yvz_chainA,33,L,N,0.034092,N,0.019385
4yvz_chainA,34,I,N,0.069455,N,0.037545
4yvz_chainA,35,F,N,0.057046,N,0.01904
4yvz_chainA,36,L,N,0.078394,N,0.034365
4yvz_chainA,37,V,N,0.083321,N,0.042179
4yvz_chainA,38,D,N,0.023621,N,0.021773
4yvz_chainA,39,D,N,0.036842,N,0.035302
4yvz_chainA,40,P,N,0.019001,N,0.018984
4yvz_chainA,41,K,N,0.015518,N,0.016803
4yvz_chainA,42,K,N,0.026789,N,0.019827
4yvz_chainA,43,Y,N,0.02811,N,0.016677
4yvz_chainA,44,E,N,0.052966,N,0.026063
4yvz_chainA,45,D,N,0.074878,N,0.029963
4yvz_chainA,46,V,N,0.087833,N,0.04056
4yvz_chainA,47,I,N,0.044336,N,0.028559
4yvz_chainA,48,Q,N,0.034733,N,0.023638
4yvz_chainA,49,G,N,0.060493,N,0.027441
4yvz_chainA,50,G,N,0.021308,N,0.016829
4yvz_chainA,51,F,N,0.041879,N,0.031649
4yvz_chainA,52,W,N,0.032092,N,0.026
4yvz_chainA,53,L,N,0.074917,N,0.03402
4yvz_chainA,54,D,N,0.061528,N,0.048181
4yvz_chainA,55,T,N,0.031339,N,0.020243
4yvz_chainA,56,D,N,0.035642,N,0.035509
4yvz_chainA,57,F,N,0.035116,N,0.029078
4yvz_chainA,58,S,N,0.045438,N,0.026736
4yvz_chainA,59,A,N,0.04445,N,0.024053
4yvz_chainA,60,E,N,0.041285,N,0.024695
4yvz_chainA,61,K,N,0.025089,N,0.020277
4yvz_chainA,62,L,N,0.026271,N,0.01968
4yvz_chainA,63,Y,N,0.044782,N,0.026922
4yvz_chainA,64,E,N,0.062487,N,0.038278
4yvz_chainA,65,L,N,0.052555,N,0.034554
4yvz_chainA,66,S,N,0.060399,N,0.036964
4yvz_chainA,67,K,N,0.090969,N,0.095288
4yvz_chainA,68,M,N,0.105952,N,0.189226
4yvz_chainA,69,D,N,0.084188,N,0.184063
4yvz_chainA,70,G,N,0.062519,N,0.120415
4yvz_chainA,71,A,N,0.038631,N,0.04406
4yvz_chainA,72,I,N,0.031403,N,0.03944
4yvz_chainA,73,V,N,0.031588,N,0.184133
4yvz_chainA,74,L,N,0.020226,N,0.218759
4yvz_chainA,75,S,N,0.0334,B,0.43656
4yvz_chainA,76,E,N,0.011843,N,0.257684
4yvz_chainA,77,D,N,0.060973,B,0.446104
4yvz_chainA,78,I,N,0.04833,N,0.372108
4yvz_chainA,79,T,N,0.040945,N,0.06741
4yvz_chainA,80,K,N,0.177072,N,0.172264
4yvz_chainA,81,I,N,0.05963,N,0.062211
4yvz_chainA,82,Y,N,0.061585,N,0.078347
4yvz_chainA,83,Y,N,0.08151,N,0.099523
4yvz_chainA,84,A,N,0.070633,N,0.07033
4yvz_chainA,85,N,N,0.033833,N,0.040621
4yvz_chainA,86,V,N,0.043154,N,0.225616
4yvz_chainA,87,H,N,0.064013,N,0.277017
4yvz_chainA,88,L,N,0.118963,B,0.391856
4yvz_chainA,89,V,N,0.183325,N,0.085356
4yvz_chainA,90,P,N,0.218791,N,0.081611
4yvz_chainA,91,D,N,0.112229,N,0.083952
4yvz_chainA,92,P,N,0.041678,N,0.030931
4yvz_chainA,93,T,N,0.039352,N,0.033178
4yvz_chainA,94,I,N,0.166971,N,0.085663
4yvz_chainA,95,P,N,0.147705,N,0.089329
4yvz_chainA,96,T,N,0.179378,N,0.105389
4yvz_chainA,97,G,N,0.144048,N,0.090328
4yvz_chainA,98,E,N,0.284511,N,0.122938
4yvz_chainA,99,T,B,0.562545,N,0.188016
4yvz_chainA,100,G,B,0.677297,N,0.26979
4yvz_chainA,101,T,N,0.262352,N,0.13231
4yvz_chainA,102,R,B,0.76723,B,0.784037
4yvz_chainA,103,H,B,0.801517,B,0.472199
4yvz_chainA,104,R,B,0.437313,N,0.229053
4yvz_chainA,105,T,N,0.19197,N,0.089291
4yvz_chainA,106,A,N,0.106833,N,0.064976
4yvz_chainA,107,E,N,0.050752,N,0.030844
4yvz_chainA,108,R,N,0.066401,N,0.041084
4yvz_chainA,109,L,N,0.038653,N,0.029055
4yvz_chainA,110,A,N,0.05499,N,0.030561
4yvz_chainA,111,K,N,0.032734,N,0.027323
4yvz_chainA,112,Q,N,0.039491,N,0.02392
4yvz_chainA,113,T,N,0.020465,N,0.016293
4yvz_chainA,114,G,N,0.018552,N,0.015287
4yvz_chainA,115,K,N,0.0121,N,0.011081
4yvz_chainA,116,V,N,0.020509,N,0.013779
4yvz_chainA,117,V,N,0.023215,N,0.019204
4yvz_chainA,118,I,N,0.040736,N,0.039005
4yvz_chainA,119,A,N,0.013871,N,0.027993
4yvz_chainA,120,V,N,0.050157,N,0.333853
4yvz_chainA,121,S,N,0.046984,N,0.353357
4yvz_chainA,122,R,N,0.084351,B,0.464847
4yvz_chainA,123,R,N,0.065657,N,0.31025
4yvz_chainA,124,R,N,0.077311,N,0.12436
4yvz_chainA,125,N,N,0.045751,N,0.061232
4yvz_chainA,126,I,N,0.051333,N,0.05788
4yvz_chainA,127,I,N,0.051891,N,0.040003
4yvz_chainA,128,S,N,0.105081,N,0.047573
4yvz_chainA,129,L,N,0.103033,N,0.048329
4yvz_chainA,130,Y,N,0.100167,N,0.051575
4yvz_chainA,131,Y,N,0.07931,N,0.054313
4yvz_chainA,132,K,N,0.022698,N,0.027438
4yvz_chainA,133,N,N,0.023624,N,0.030746
4yvz_chainA,134,Y,N,0.017459,N,0.021847
4yvz_chainA,135,K,N,0.047501,N,0.04636
4yvz_chainA,136,Y,N,0.037291,N,0.04365
4yvz_chainA,137,V,N,0.075273,N,0.038062
4yvz_chainA,138,V,N,0.035833,N,0.037274
4yvz_chainA,139,N,N,0.039635,N,0.037231
4yvz_chainA,140,Q,N,0.028973,N,0.030938
4yvz_chainA,141,V,N,0.031459,N,0.02992
4yvz_chainA,142,D,N,0.014643,N,0.016318
4yvz_chainA,143,F,N,0.012987,N,0.013551
4yvz_chainA,144,L,N,0.033401,N,0.024558
4yvz_chainA,145,I,N,0.032782,N,0.021776
4yvz_chainA,146,S,N,0.013132,N,0.010651
4yvz_chainA,147,K,N,0.031234,N,0.036492
4yvz_chainA,148,V,N,0.024147,N,0.017679
4yvz_chainA,149,T,N,0.018125,N,0.012182
4yvz_chainA,150,Q,N,0.032899,N,0.022342
4yvz_chainA,151,A,N,0.013443,N,0.0111
4yvz_chainA,152,I,N,0.018487,N,0.039481
4yvz_chainA,153,S,N,0.020418,N,0.028045
4yvz_chainA,154,T,N,0.024255,N,0.023933
4yvz_chainA,155,L,N,0.018454,N,0.014242
4yvz_chainA,156,E,N,0.012936,N,0.047797
4yvz_chainA,157,K,N,0.071156,N,0.219239
4yvz_chainA,158,Y,N,0.03797,N,0.138809
4yvz_chainA,159,K,N,0.032221,N,0.039913
4yvz_chainA,160,D,N,0.013338,N,0.012252
4yvz_chainA,161,N,N,0.02959,N,0.116747
4yvz_chainA,162,F,N,0.021508,N,0.026775
4yvz_chainA,163,N,N,0.018436,N,0.019843
4yvz_chainA,164,K,N,0.065267,N,0.057599
4yvz_chainA,165,L,N,0.027987,N,0.029737
4yvz_chainA,166,L,N,0.027072,N,0.026767
4yvz_chainA,167,S,N,0.024625,N,0.01636
4yvz_chainA,168,E,N,0.041723,N,0.035869
4yvz_chainA,169,L,N,0.023712,N,0.0206
4yvz_chainA,170,E,N,0.015906,N,0.017906
4yvz_chainA,171,V,N,0.030964,N,0.019846
4yvz_chainA,172,L,N,0.029297,N,0.022312
4yvz_chainA,173,E,N,0.026682,N,0.023499
4yvz_chainA,174,L,N,0.015604,N,0.013003
4yvz_chainA,175,E,N,0.026395,N,0.031593
4yvz_chainA,176,N,N,0.010106,N,0.011949
4yvz_chainA,177,R,N,0.033371,N,0.033778
4yvz_chainA,178,V,N,0.037926,N,0.034793
4yvz_chainA,179,T,N,0.02046,N,0.013557
4yvz_chainA,180,L,N,0.014586,N,0.015277
4yvz_chainA,181,A,N,0.019209,N,0.020127
4yvz_chainA,182,D,N,0.032051,N,0.023607
4yvz_chainA,183,V,N,0.046872,N,0.02867
4yvz_chainA,184,V,N,0.027621,N,0.03044
4yvz_chainA,185,R,N,0.015609,N,0.055917
4yvz_chainA,186,T,N,0.017331,N,0.014066
4yvz_chainA,187,L,N,0.013454,N,0.012596
4yvz_chainA,188,A,N,0.016885,N,0.065201
4yvz_chainA,189,K,N,0.043972,N,0.160181
4yvz_chainA,190,G,N,0.040949,N,0.026466
4yvz_chainA,191,F,N,0.02687,N,0.025014
4yvz_chainA,192,E,N,0.038068,N,0.026163
4yvz_chainA,193,L,N,0.03046,N,0.018704
4yvz_chainA,194,L,N,0.034288,N,0.023027
4yvz_chainA,195,R,N,0.040154,N,0.025826
4yvz_chainA,196,I,N,0.05082,N,0.028576
4yvz_chainA,197,V,N,0.022558,N,0.015903
4yvz_chainA,198,E,N,0.020053,N,0.013073
4yvz_chainA,199,E,N,0.039434,N,0.02388
4yvz_chainA,200,I,N,0.021176,N,0.017601
4yvz_chainA,201,R,N,0.023303,N,0.01764
4yvz_chainA,202,P,N,0.021549,N,0.016431
4yvz_chainA,203,Y,N,0.034522,N,0.029756
4yvz_chainA,204,I,N,0.035576,N,0.024121
4yvz_chainA,205,V,N,0.019991,N,0.016175
4yvz_chainA,206,E,N,0.073668,N,0.04524
4yvz_chainA,207,L,N,0.084034,N,0.060075
4yvz_chainA,208,G,N,0.083287,N,0.041409
4yvz_chainA,209,E,N,0.058378,N,0.032609
4yvz_chainA,210,E,N,0.05339,N,0.032562
4yvz_chainA,211,G,N,0.19367,N,0.068986
4yvz_chainA,212,R,N,0.210664,N,0.083407
4yvz_chainA,213,L,N,0.043223,N,0.028677
4yvz_chainA,214,A,N,0.030836,N,0.025648
4yvz_chainA,215,R,N,0.141543,N,0.104963
4yvz_chainA,216,M,N,0.0675,N,0.229609
4yvz_chainA,217,Q,N,0.061222,N,0.083207
4yvz_chainA,218,L,N,0.035989,N,0.048213
4yvz_chainA,219,R,N,0.053378,N,0.211163
4yvz_chainA,220,E,N,0.06376,N,0.067589
4yvz_chainA,221,L,N,0.026486,N,0.028503
4yvz_chainA,222,T,N,0.041307,N,0.028417
4yvz_chainA,223,E,N,0.033925,N,0.029579
4yvz_chainA,224,D,N,0.023315,N,0.020807
4yvz_chainA,225,V,N,0.019314,N,0.015225
4yvz_chainA,226,D,N,0.017794,N,0.0147
4yvz_chainA,227,D,N,0.045249,N,0.031802
4yvz_chainA,228,L,N,0.077948,N,0.045779
4yvz_chainA,229,L,N,0.013095,N,0.062862
4yvz_chainA,230,V,N,0.03635,N,0.022258
4yvz_chainA,231,L,N,0.044341,N,0.023832
4yvz_chainA,232,L,N,0.058696,N,0.045035
4yvz_chainA,233,I,N,0.066134,N,0.037061
4yvz_chainA,234,M,N,0.161257,N,0.093445
4yvz_chainA,235,D,N,0.292771,N,0.097019
4yvz_chainA,236,Y,N,0.145475,N,0.081198
4yvz_chainA,237,S,N,0.142554,N,0.227977
4yvz_chainA,238,S,N,0.069711,N,0.057064
4yvz_chainA,239,E,N,0.106605,N,0.070545
4yvz_chainA,240,E,N,0.086244,N,0.050679
4yvz_chainA,241,V,N,0.026981,N,0.01898
4yvz_chainA,242,E,N,0.014824,N,0.012839
4yvz_chainA,243,E,N,0.03212,N,0.023636
4yvz_chainA,244,E,N,0.018455,N,0.017045
4yvz_chainA,245,T,N,0.020066,N,0.019116
4yvz_chainA,246,A,N,0.012282,N,0.009787
4yvz_chainA,247,Q,N,0.027667,N,0.015791
4yvz_chainA,248,N,N,0.029461,N,0.025074
4yvz_chainA,249,I,N,0.035382,N,0.028318
4yvz_chainA,250,L,N,0.058283,N,0.036435
4yvz_chainA,251,Q,N,0.0386,N,0.029132
4yvz_chainA,252,D,N,0.054909,N,0.03429
4yvz_chainA,253,F,N,0.042364,N,0.032918
4yvz_chainA,254,I,N,0.071409,N,0.043577
4yvz_chainA,255,T,N,0.036873,N,0.036145
4yvz_chainA,256,R,N,0.02056,N,0.021245
4yvz_chainA,257,R,N,0.062539,N,0.052439
4yvz_chainA,258,E,N,0.029774,N,0.0273
4yvz_chainA,259,P,N,0.027418,N,0.023497
4yvz_chainA,260,S,N,0.045681,N,0.032598
4yvz_chainA,261,P,N,0.009563,N,0.010815
4yvz_chainA,262,I,N,0.035693,N,0.019126
4yvz_chainA,263,S,N,0.063961,N,0.032981
4yvz_chainA,264,I,N,0.098271,N,0.044813
4yvz_chainA,265,S,N,0.035143,N,0.02273
4yvz_chainA,266,R,N,0.148814,N,0.060991
4yvz_chainA,267,V,N,0.205031,N,0.05655
4yvz_chainA,268,L,N,0.060444,N,0.02703
4yvz_chainA,269,G,N,0.079485,N,0.02552
4yvz_chainA,270,Y,N,0.141614,N,0.053636
4yvz_chainA,271,D,N,0.033278,N,0.022111
4yvz_chainA,272,V,N,0.022465,N,0.018414
4yvz_chainA,273,Q,N,0.026944,N,0.018851
4yvz_chainA,274,Q,N,0.036221,N,0.019704
4yvz_chainA,275,A,N,0.035674,N,0.021173
4yvz_chainA,276,A,N,0.019887,N,0.013477
4yvz_chainA,277,Q,N,0.037582,N,0.017048
4yvz_chainA,278,L,N,0.060124,N,0.030975
4yvz_chainA,279,D,N,0.016598,N,0.011609
4yvz_chainA,280,D,N,0.060775,N,0.03457
4yvz_chainA,281,V,N,0.043406,N,0.029286
4yvz_chainA,282,L,N,0.121352,N,0.049337
4yvz_chainA,283,V,N,0.037413,N,0.023074
4yvz_chainA,284,S,N,0.038691,N,0.030892
4yvz_chainA,285,A,N,0.086806,N,0.049729
4yvz_chainA,286,R,N,0.076982,N,0.052161
4yvz_chainA,287,G,N,0.032361,N,0.023436
4yvz_chainA,288,Y,N,0.058305,N,0.038917
4yvz_chainA,289,R,N,0.246701,N,0.116815
4yvz_chainA,290,L,N,0.049663,N,0.034901
4yvz_chainA,291,L,N,0.094412,N,0.059646
4yvz_chainA,292,K,N,0.068727,N,0.040643
4yvz_chainA,293,T,N,0.059323,N,0.043942
4yvz_chainA,294,V,N,0.143002,N,0.084789
4yvz_chainA,295,A,N,0.140706,N,0.069502
4yvz_chainA,296,R,N,0.067335,N,0.052411
4yvz_chainA,297,I,N,0.090732,N,0.057463
4yvz_chainA,298,P,N,0.0512,N,0.179444
4yvz_chainA,299,L,N,0.154399,N,0.114793
4yvz_chainA,300,S,N,0.11047,N,0.096844
4yvz_chainA,301,I,N,0.02451,N,0.090493
4yvz_chainA,302,G,N,0.088172,N,0.137843
4yvz_chainA,303,Y,N,0.284332,N,0.107066
4yvz_chainA,304,N,N,0.0191,N,0.030425
4yvz_chainA,305,V,N,0.087075,N,0.144834
4yvz_chainA,306,V,N,0.074984,N,0.045974
4yvz_chainA,307,R,N,0.021002,N,0.025219
4yvz_chainA,308,M,N,0.099021,N,0.106334
4yvz_chainA,309,F,N,0.113791,N,0.197029
4yvz_chainA,310,K,N,0.06588,N,0.040344
4yvz_chainA,311,T,N,0.04945,N,0.037882
4yvz_chainA,312,L,N,0.038222,N,0.023807
4yvz_chainA,313,D,N,0.040639,N,0.031249
4yvz_chainA,314,Q,N,0.03115,N,0.026577
4yvz_chainA,315,I,N,0.040806,N,0.036885
4yvz_chainA,316,S,N,0.031518,N,0.04151
4yvz_chainA,317,K,N,0.021407,N,0.084547
4yvz_chainA,318,A,N,0.026932,N,0.043012
4yvz_chainA,319,S,N,0.034056,N,0.120853
4yvz_chainA,320,V,N,0.017001,N,0.102977
4yvz_chainA,321,E,N,0.013773,N,0.076629
4yvz_chainA,322,D,N,0.032617,N,0.180444
4yvz_chainA,323,L,N,0.046246,N,0.058183
4yvz_chainA,324,K,N,0.040205,N,0.046756
4yvz_chainA,325,K,N,0.037188,N,0.047391
4yvz_chainA,326,V,N,0.117427,N,0.097777
4yvz_chainA,327,E,N,0.12624,N,0.080766
4yvz_chainA,328,G,N,0.144724,N,0.090269
4yvz_chainA,329,I,N,0.248698,N,0.134756
4yvz_chainA,330,G,N,0.301847,N,0.149791
4yvz_chainA,331,E,N,0.145039,B,0.519876
4yvz_chainA,332,K,N,0.025305,N,0.041169
4yvz_chainA,333,R,N,0.12438,N,0.095805
4yvz_chainA,334,A,N,0.077375,N,0.334593
4yvz_chainA,335,R,N,0.040249,N,0.045729
4yvz_chainA,336,A,N,0.011836,N,0.015349
4yvz_chainA,337,I,N,0.01447,N,0.107014
4yvz_chainA,338,S,N,0.023483,N,0.026232
4yvz_chainA,339,E,N,0.021685,N,0.01992
4yvz_chainA,340,S,N,0.019017,N,0.020376
4yvz_chainA,341,I,N,0.028204,N,0.036155
4yvz_chainA,342,S,N,0.014001,N,0.014949
4yvz_chainA,343,S,N,0.054523,N,0.045746
4yvz_chainA,344,L,N,0.018634,N,0.017347
4yvz_chainA,345,K,N,0.015596,N,0.015133
4yvz_chainA,346,H,N,0.024679,N,0.016937
4yvz_chainA,347,R,N,0.022472,N,0.016019
4yvz_chainA,348,K,N,0.019799,N,0.016848
4yvz_chainA,349,T,N,0.010525,N,0.008137
