Prot.ID,NO,Residue,ATPseq Binding Sites,ATPseq Probability,ATPbind Binding Sites,ATPbind Probability
5bsm_chainA,1,V,N,0.019406,N,0.019903
5bsm_chainA,2,D,N,0.035416,N,0.038882
5bsm_chainA,3,I,N,0.040953,N,0.040894
5bsm_chainA,4,I,N,0.048071,N,0.048879
5bsm_chainA,5,F,N,0.075196,N,0.097624
5bsm_chainA,6,R,N,0.044723,N,0.050478
5bsm_chainA,7,S,N,0.056242,N,0.039377
5bsm_chainA,8,K,N,0.070509,N,0.08754
5bsm_chainA,9,L,N,0.058076,N,0.045633
5bsm_chainA,10,P,N,0.025996,N,0.031605
5bsm_chainA,11,D,N,0.033646,N,0.026204
5bsm_chainA,12,I,N,0.059298,N,0.054582
5bsm_chainA,13,Y,N,0.042346,N,0.051233
5bsm_chainA,14,I,N,0.052054,N,0.058949
5bsm_chainA,15,P,N,0.034653,N,0.033914
5bsm_chainA,16,N,N,0.018266,N,0.024659
5bsm_chainA,17,H,N,0.047206,N,0.051091
5bsm_chainA,18,L,N,0.025608,N,0.024459
5bsm_chainA,19,P,N,0.049966,N,0.036394
5bsm_chainA,20,L,N,0.028173,N,0.02555
5bsm_chainA,21,H,N,0.027717,N,0.024756
5bsm_chainA,22,S,N,0.031043,N,0.02621
5bsm_chainA,23,Y,N,0.027325,N,0.021967
5bsm_chainA,24,C,N,0.020513,N,0.017941
5bsm_chainA,25,F,N,0.041316,N,0.046427
5bsm_chainA,26,E,N,0.040328,N,0.036014
5bsm_chainA,27,N,N,0.02483,N,0.021184
5bsm_chainA,28,I,N,0.02059,N,0.01429
5bsm_chainA,29,S,N,0.024296,N,0.02312
5bsm_chainA,30,E,N,0.028556,N,0.033814
5bsm_chainA,31,F,N,0.034986,N,0.030253
5bsm_chainA,32,S,N,0.0243,N,0.026376
5bsm_chainA,33,S,N,0.077014,N,0.08169
5bsm_chainA,34,R,N,0.043321,N,0.044274
5bsm_chainA,35,P,N,0.035225,N,0.044401
5bsm_chainA,36,C,N,0.059618,N,0.048316
5bsm_chainA,37,L,N,0.033108,N,0.033152
5bsm_chainA,38,I,N,0.019051,N,0.027657
5bsm_chainA,39,N,N,0.0367,N,0.031422
5bsm_chainA,40,G,N,0.010476,N,0.008026
5bsm_chainA,41,A,N,0.020837,N,0.023741
5bsm_chainA,42,N,N,0.010655,N,0.007605
5bsm_chainA,43,K,N,0.016089,N,0.020123
5bsm_chainA,44,Q,N,0.024205,N,0.021945
5bsm_chainA,45,I,N,0.018993,N,0.027588
5bsm_chainA,46,Y,N,0.020993,N,0.02816
5bsm_chainA,47,T,N,0.065786,N,0.060302
5bsm_chainA,48,Y,N,0.023927,N,0.020709
5bsm_chainA,49,A,N,0.034438,N,0.025256
5bsm_chainA,50,D,N,0.036828,N,0.026393
5bsm_chainA,51,V,N,0.0392,N,0.029403
5bsm_chainA,52,E,N,0.028005,N,0.021301
5bsm_chainA,53,L,N,0.033986,N,0.034116
5bsm_chainA,54,N,N,0.039272,N,0.050673
5bsm_chainA,55,S,N,0.017888,N,0.014708
5bsm_chainA,56,R,N,0.024114,N,0.014386
5bsm_chainA,57,K,N,0.03025,N,0.022831
5bsm_chainA,58,V,N,0.017257,N,0.011106
5bsm_chainA,59,A,N,0.032916,N,0.022565
5bsm_chainA,60,A,N,0.042288,N,0.04162
5bsm_chainA,61,G,N,0.011898,N,0.009282
5bsm_chainA,62,L,N,0.024232,N,0.015886
5bsm_chainA,63,H,N,0.034421,N,0.021179
5bsm_chainA,64,K,N,0.025292,N,0.027673
5bsm_chainA,65,Q,N,0.02409,N,0.025556
5bsm_chainA,66,G,N,0.033555,N,0.025222
5bsm_chainA,67,I,N,0.022429,N,0.016747
5bsm_chainA,68,Q,N,0.018917,N,0.013186
5bsm_chainA,69,P,N,0.023404,N,0.01714
5bsm_chainA,70,K,N,0.021733,N,0.013193
5bsm_chainA,71,D,N,0.02203,N,0.020273
5bsm_chainA,72,T,N,0.027187,N,0.025139
5bsm_chainA,73,I,N,0.019047,N,0.013578
5bsm_chainA,74,M,N,0.013368,N,0.008305
5bsm_chainA,75,I,N,0.022484,N,0.01463
5bsm_chainA,76,L,N,0.023165,N,0.01231
5bsm_chainA,77,L,N,0.011929,N,0.006261
5bsm_chainA,78,P,N,0.039114,N,0.04034
5bsm_chainA,79,N,N,0.04481,N,0.03419
5bsm_chainA,80,S,N,0.023756,N,0.013269
5bsm_chainA,81,P,N,0.041612,N,0.041977
5bsm_chainA,82,E,N,0.043513,N,0.042634
5bsm_chainA,83,F,N,0.025904,N,0.025736
5bsm_chainA,84,V,N,0.014744,N,0.014856
5bsm_chainA,85,F,N,0.024906,N,0.017334
5bsm_chainA,86,A,N,0.008814,N,0.00655
5bsm_chainA,87,F,N,0.018296,N,0.016508
5bsm_chainA,88,I,N,0.015361,N,0.012943
5bsm_chainA,89,G,N,0.019383,N,0.012103
5bsm_chainA,90,A,N,0.033209,N,0.027935
5bsm_chainA,91,S,N,0.020956,N,0.010671
5bsm_chainA,92,Y,N,0.034435,N,0.027475
5bsm_chainA,93,L,N,0.018439,N,0.012229
5bsm_chainA,94,G,N,0.028187,N,0.026752
5bsm_chainA,95,A,N,0.020737,N,0.017983
5bsm_chainA,96,I,N,0.018846,N,0.019332
5bsm_chainA,97,S,N,0.014861,N,0.012296
5bsm_chainA,98,T,N,0.031802,N,0.030873
5bsm_chainA,99,M,N,0.027174,N,0.023689
5bsm_chainA,100,A,N,0.023165,N,0.021688
5bsm_chainA,101,N,N,0.031823,N,0.041825
5bsm_chainA,102,P,N,0.017052,N,0.014752
5bsm_chainA,103,L,N,0.026553,N,0.020393
5bsm_chainA,104,F,N,0.048512,N,0.043159
5bsm_chainA,105,T,N,0.036681,N,0.039701
5bsm_chainA,106,P,N,0.041515,N,0.048529
5bsm_chainA,107,A,N,0.015215,N,0.014102
5bsm_chainA,108,E,N,0.054014,N,0.044913
5bsm_chainA,109,V,N,0.040965,N,0.036732
5bsm_chainA,110,V,N,0.02286,N,0.027143
5bsm_chainA,111,K,N,0.029261,N,0.022938
5bsm_chainA,112,Q,N,0.017544,N,0.015593
5bsm_chainA,113,A,N,0.015304,N,0.010642
5bsm_chainA,114,K,N,0.016312,N,0.010686
5bsm_chainA,115,A,N,0.026072,N,0.015301
5bsm_chainA,116,S,N,0.018452,N,0.011469
5bsm_chainA,117,S,N,0.025814,N,0.023061
5bsm_chainA,118,A,N,0.015791,N,0.012071
5bsm_chainA,119,K,N,0.030419,N,0.039795
5bsm_chainA,120,I,N,0.010052,N,0.013881
5bsm_chainA,121,I,N,0.025155,N,0.028234
5bsm_chainA,122,V,N,0.01819,N,0.022221
5bsm_chainA,123,T,N,0.017541,N,0.013065
5bsm_chainA,124,Q,N,0.009937,N,0.012585
5bsm_chainA,125,A,N,0.032221,N,0.026694
5bsm_chainA,126,C,N,0.008163,N,0.011417
5bsm_chainA,127,H,N,0.008646,N,0.010757
5bsm_chainA,128,V,N,0.007786,N,0.017179
5bsm_chainA,129,N,N,0.006141,N,0.011842
5bsm_chainA,130,K,N,0.013108,N,0.013275
5bsm_chainA,131,V,N,0.020865,N,0.018514
5bsm_chainA,132,K,N,0.027388,N,0.038914
5bsm_chainA,133,D,N,0.011069,N,0.019557
5bsm_chainA,134,Y,N,0.020451,N,0.023379
5bsm_chainA,135,A,N,0.012482,N,0.015641
5bsm_chainA,136,F,N,0.013762,N,0.019371
5bsm_chainA,137,E,N,0.01229,N,0.013223
5bsm_chainA,138,N,N,0.013803,N,0.016292
5bsm_chainA,139,D,N,0.015349,N,0.016714
5bsm_chainA,140,V,N,0.032773,N,0.031739
5bsm_chainA,141,K,N,0.042771,N,0.028751
5bsm_chainA,142,I,N,0.013534,N,0.016319
5bsm_chainA,143,I,N,0.016992,N,0.013924
5bsm_chainA,144,C,N,0.013497,N,0.015137
5bsm_chainA,145,I,N,0.023063,N,0.021495
5bsm_chainA,146,D,N,0.06028,N,0.036547
5bsm_chainA,147,S,N,0.083105,N,0.060516
5bsm_chainA,148,A,N,0.02072,N,0.014371
5bsm_chainA,149,P,N,0.025902,N,0.035016
5bsm_chainA,150,E,N,0.010947,N,0.020009
5bsm_chainA,151,G,N,0.011784,N,0.015879
5bsm_chainA,152,C,N,0.024524,N,0.024664
5bsm_chainA,153,L,N,0.011363,N,0.019921
5bsm_chainA,154,H,N,0.018701,N,0.016936
5bsm_chainA,155,F,N,0.02188,N,0.024369
5bsm_chainA,156,S,N,0.034186,N,0.031621
5bsm_chainA,157,V,N,0.021686,N,0.019966
5bsm_chainA,158,L,N,0.011488,N,0.010433
5bsm_chainA,159,T,N,0.024474,N,0.02984
5bsm_chainA,160,Q,N,0.018349,N,0.031592
5bsm_chainA,161,A,N,0.0043,N,0.008202
5bsm_chainA,162,N,N,0.011831,N,0.019408
5bsm_chainA,163,E,N,0.008915,N,0.013207
5bsm_chainA,164,H,N,0.018379,N,0.021965
5bsm_chainA,165,D,N,0.006241,N,0.013814
5bsm_chainA,166,I,N,0.014781,N,0.019332
5bsm_chainA,167,P,N,0.014349,N,0.021078
5bsm_chainA,168,E,N,0.012967,N,0.013854
5bsm_chainA,169,V,N,0.019684,N,0.02388
5bsm_chainA,170,E,N,0.007772,N,0.007041
5bsm_chainA,171,I,N,0.008245,N,0.010368
5bsm_chainA,172,Q,N,0.008221,N,0.007797
5bsm_chainA,173,P,N,0.019447,N,0.0158
5bsm_chainA,174,D,N,0.020346,N,0.013707
5bsm_chainA,175,D,N,0.016431,N,0.008945
5bsm_chainA,176,V,N,0.006479,N,0.006498
5bsm_chainA,177,V,N,0.015975,N,0.010501
5bsm_chainA,178,A,N,0.01205,N,0.007492
5bsm_chainA,179,L,N,0.017526,N,0.010389
5bsm_chainA,180,P,N,0.037971,N,0.025682
5bsm_chainA,181,Y,N,0.071673,N,0.06214
5bsm_chainA,182,S,B,0.939044,B,0.966912
5bsm_chainA,183,S,B,0.940738,B,0.960618
5bsm_chainA,184,G,B,0.928958,B,0.936468
5bsm_chainA,185,T,B,0.937044,B,0.946743
5bsm_chainA,186,T,B,0.944248,B,0.974234
5bsm_chainA,187,G,N,0.086932,N,0.064874
5bsm_chainA,188,L,N,0.040937,N,0.034534
5bsm_chainA,189,P,N,0.035289,N,0.033569
5bsm_chainA,190,K,B,0.893089,B,0.847168
5bsm_chainA,191,G,N,0.031298,N,0.025639
5bsm_chainA,192,V,N,0.043243,N,0.043694
5bsm_chainA,193,M,N,0.031564,N,0.027772
5bsm_chainA,194,L,N,0.018126,N,0.01162
5bsm_chainA,195,T,N,0.022379,N,0.021359
5bsm_chainA,196,H,N,0.014304,N,0.013179
5bsm_chainA,197,K,N,0.016903,N,0.014483
5bsm_chainA,198,G,N,0.01354,N,0.013169
5bsm_chainA,199,L,N,0.012268,N,0.01288
5bsm_chainA,200,V,N,0.020385,N,0.01458
5bsm_chainA,201,T,N,0.02717,N,0.022213
5bsm_chainA,202,S,N,0.023784,N,0.024359
5bsm_chainA,203,V,N,0.023557,N,0.016152
5bsm_chainA,204,A,N,0.018974,N,0.017295
5bsm_chainA,205,Q,N,0.01788,N,0.017876
5bsm_chainA,206,Q,N,0.012312,N,0.014418
5bsm_chainA,207,V,N,0.013878,N,0.016936
5bsm_chainA,208,D,N,0.012045,N,0.015329
5bsm_chainA,209,G,N,0.010396,N,0.012937
5bsm_chainA,210,E,N,0.011455,N,0.016491
5bsm_chainA,211,N,N,0.009981,N,0.01178
5bsm_chainA,212,P,N,0.016442,N,0.019892
5bsm_chainA,213,N,N,0.013889,N,0.019722
5bsm_chainA,214,L,N,0.024619,N,0.021419
5bsm_chainA,215,Y,N,0.007363,N,0.009386
5bsm_chainA,216,I,N,0.026935,N,0.02519
5bsm_chainA,217,H,N,0.017267,N,0.016021
5bsm_chainA,218,S,N,0.044585,N,0.039955
5bsm_chainA,219,E,N,0.037242,N,0.027378
5bsm_chainA,220,D,N,0.035493,N,0.034767
5bsm_chainA,221,V,N,0.053599,N,0.041614
5bsm_chainA,222,M,N,0.011612,N,0.013983
5bsm_chainA,223,L,N,0.018746,N,0.018313
5bsm_chainA,224,C,N,0.023308,N,0.017014
5bsm_chainA,225,V,N,0.027168,N,0.016814
5bsm_chainA,226,L,N,0.023249,N,0.011143
5bsm_chainA,227,P,N,0.05369,N,0.029472
5bsm_chainA,228,L,N,0.02942,N,0.020765
5bsm_chainA,229,F,N,0.030147,N,0.04103
5bsm_chainA,230,H,B,0.847719,B,0.709495
5bsm_chainA,231,I,N,0.015823,N,0.008392
5bsm_chainA,232,Y,N,0.038614,N,0.041475
5bsm_chainA,233,S,N,0.032788,N,0.024853
5bsm_chainA,234,L,N,0.029367,N,0.020334
5bsm_chainA,235,N,N,0.035863,N,0.030067
5bsm_chainA,236,S,N,0.021204,N,0.019302
5bsm_chainA,237,V,N,0.015621,N,0.011217
5bsm_chainA,238,L,N,0.011557,N,0.007444
5bsm_chainA,239,L,N,0.014197,N,0.011449
5bsm_chainA,240,C,N,0.015908,N,0.013183
5bsm_chainA,241,G,N,0.014824,N,0.010131
5bsm_chainA,242,L,N,0.022281,N,0.012232
5bsm_chainA,243,R,N,0.030426,N,0.015085
5bsm_chainA,244,V,N,0.041839,N,0.035535
5bsm_chainA,245,G,N,0.035859,N,0.03274
5bsm_chainA,246,A,N,0.026108,N,0.020081
5bsm_chainA,247,A,N,0.032574,N,0.034178
5bsm_chainA,248,I,N,0.017994,N,0.018242
5bsm_chainA,249,L,N,0.03196,N,0.032471
5bsm_chainA,250,I,N,0.022826,N,0.021208
5bsm_chainA,251,M,N,0.00977,N,0.014114
5bsm_chainA,252,Q,N,0.019346,N,0.021274
5bsm_chainA,253,K,N,0.028981,N,0.028481
5bsm_chainA,254,F,N,0.023673,N,0.034444
5bsm_chainA,255,D,N,0.028192,N,0.038741
5bsm_chainA,256,I,N,0.024899,N,0.031034
5bsm_chainA,257,V,N,0.007392,N,0.00831
5bsm_chainA,258,S,N,0.016295,N,0.017528
5bsm_chainA,259,F,N,0.025419,N,0.020057
5bsm_chainA,260,L,N,0.03091,N,0.030641
5bsm_chainA,261,E,N,0.035459,N,0.031883
5bsm_chainA,262,L,N,0.012844,N,0.011563
5bsm_chainA,263,I,N,0.012308,N,0.008791
5bsm_chainA,264,Q,N,0.028078,N,0.02616
5bsm_chainA,265,R,N,0.042252,N,0.044544
5bsm_chainA,266,Y,N,0.019314,N,0.014432
5bsm_chainA,267,K,N,0.013309,N,0.012431
5bsm_chainA,268,V,N,0.021425,N,0.019535
5bsm_chainA,269,T,N,0.030672,N,0.028992
5bsm_chainA,270,I,N,0.016579,N,0.014661
5bsm_chainA,271,G,N,0.007632,N,0.007822
5bsm_chainA,272,P,N,0.045293,N,0.049215
5bsm_chainA,273,F,N,0.01595,N,0.010271
5bsm_chainA,274,V,N,0.034503,N,0.035082
5bsm_chainA,275,P,N,0.038713,N,0.025721
5bsm_chainA,276,P,N,0.031238,N,0.026005
5bsm_chainA,277,I,N,0.025035,N,0.026822
5bsm_chainA,278,V,N,0.026581,N,0.022712
5bsm_chainA,279,L,N,0.043435,N,0.029933
5bsm_chainA,280,A,N,0.015953,N,0.01339
5bsm_chainA,281,I,N,0.025333,N,0.022123
5bsm_chainA,282,A,N,0.02141,N,0.020798
5bsm_chainA,283,K,N,0.008821,N,0.018249
5bsm_chainA,284,S,N,0.019938,N,0.020527
5bsm_chainA,285,P,N,0.01663,N,0.014876
5bsm_chainA,286,M,N,0.019689,N,0.020662
5bsm_chainA,287,V,N,0.012023,N,0.013842
5bsm_chainA,288,D,N,0.046097,N,0.04163
5bsm_chainA,289,D,N,0.024144,N,0.028267
5bsm_chainA,290,Y,N,0.021975,N,0.031047
5bsm_chainA,291,D,N,0.01814,N,0.015247
5bsm_chainA,292,L,N,0.024936,N,0.033248
5bsm_chainA,293,S,N,0.016318,N,0.019485
5bsm_chainA,294,S,N,0.024568,N,0.026762
5bsm_chainA,295,V,N,0.032979,N,0.034186
5bsm_chainA,296,R,N,0.021098,N,0.015226
5bsm_chainA,297,T,N,0.00966,N,0.008165
5bsm_chainA,298,V,N,0.017579,N,0.010557
5bsm_chainA,299,M,N,0.020712,N,0.022782
5bsm_chainA,300,S,N,0.012172,N,0.009517
5bsm_chainA,301,G,N,0.232333,N,0.25808
5bsm_chainA,302,A,B,0.92119,B,0.919393
5bsm_chainA,303,A,B,0.94386,B,0.954128
5bsm_chainA,304,P,B,0.93708,B,0.950447
5bsm_chainA,305,L,N,0.052023,N,0.070818
5bsm_chainA,306,G,N,0.026834,N,0.030277
5bsm_chainA,307,K,N,0.017131,N,0.017861
5bsm_chainA,308,E,N,0.022051,N,0.02169
5bsm_chainA,309,L,N,0.033398,N,0.029703
5bsm_chainA,310,E,N,0.013755,N,0.018631
5bsm_chainA,311,D,N,0.023984,N,0.023442
5bsm_chainA,312,T,N,0.017829,N,0.013634
5bsm_chainA,313,V,N,0.019961,N,0.012711
5bsm_chainA,314,R,N,0.019627,N,0.016265
5bsm_chainA,315,A,N,0.022349,N,0.028603
5bsm_chainA,316,K,N,0.015426,N,0.018676
5bsm_chainA,317,F,N,0.048342,N,0.038676
5bsm_chainA,318,P,N,0.01301,N,0.010703
5bsm_chainA,319,N,N,0.006772,N,0.003962
5bsm_chainA,320,A,N,0.015496,N,0.008615
5bsm_chainA,321,K,N,0.022819,N,0.021753
5bsm_chainA,322,L,N,0.023243,N,0.021385
5bsm_chainA,323,G,N,0.094181,N,0.046695
5bsm_chainA,324,Q,B,0.957868,B,0.941645
5bsm_chainA,325,G,B,0.963838,B,0.958567
5bsm_chainA,326,Y,B,0.951357,B,0.929617
5bsm_chainA,327,G,B,0.951201,B,0.953143
5bsm_chainA,328,M,B,0.967339,B,0.965769
5bsm_chainA,329,T,B,0.942615,B,0.938833
5bsm_chainA,330,E,N,0.063535,N,0.048952
5bsm_chainA,331,A,N,0.026502,N,0.022299
5bsm_chainA,332,G,N,0.024775,N,0.017074
5bsm_chainA,333,P,N,0.010216,N,0.007273
5bsm_chainA,334,V,N,0.029689,N,0.023978
5bsm_chainA,335,L,N,0.013647,N,0.013504
5bsm_chainA,336,A,N,0.017097,N,0.022356
5bsm_chainA,337,M,N,0.026932,N,0.03536
5bsm_chainA,338,C,N,0.006197,N,0.010969
5bsm_chainA,339,L,N,0.009287,N,0.014772
5bsm_chainA,340,A,N,0.008818,N,0.014873
5bsm_chainA,341,F,N,0.004891,N,0.010473
5bsm_chainA,342,A,N,0.006146,N,0.009856
5bsm_chainA,343,K,N,0.013243,N,0.01166
5bsm_chainA,344,E,N,0.008521,N,0.012997
5bsm_chainA,345,P,N,0.015404,N,0.017626
5bsm_chainA,346,F,N,0.011003,N,0.014272
5bsm_chainA,347,E,N,0.018803,N,0.021276
5bsm_chainA,348,I,N,0.022043,N,0.02998
5bsm_chainA,349,K,N,0.015847,N,0.016933
5bsm_chainA,350,S,N,0.025869,N,0.029347
5bsm_chainA,351,G,N,0.027707,N,0.024925
5bsm_chainA,352,A,N,0.028486,N,0.023997
5bsm_chainA,353,C,N,0.279341,N,0.206757
5bsm_chainA,354,G,N,0.046788,N,0.038857
5bsm_chainA,355,T,N,0.051167,N,0.03809
5bsm_chainA,356,V,N,0.033129,N,0.021181
5bsm_chainA,357,V,N,0.012471,N,0.011141
5bsm_chainA,358,R,N,0.015107,N,0.015914
5bsm_chainA,359,N,N,0.02239,N,0.02057
5bsm_chainA,360,A,N,0.021022,N,0.018665
5bsm_chainA,361,E,N,0.040178,N,0.034716
5bsm_chainA,362,M,N,0.026882,N,0.021994
5bsm_chainA,363,K,N,0.03669,N,0.024708
5bsm_chainA,364,I,N,0.018513,N,0.016606
5bsm_chainA,365,V,N,0.022166,N,0.018491
5bsm_chainA,366,D,N,0.061811,N,0.040844
5bsm_chainA,367,P,N,0.014918,N,0.019772
5bsm_chainA,368,K,N,0.04118,N,0.028928
5bsm_chainA,369,T,N,0.036031,N,0.038594
5bsm_chainA,370,G,N,0.025348,N,0.0252
5bsm_chainA,371,N,N,0.05055,N,0.044386
5bsm_chainA,372,S,N,0.029431,N,0.025321
5bsm_chainA,373,L,N,0.06607,N,0.05406
5bsm_chainA,374,P,N,0.048588,N,0.039626
5bsm_chainA,375,R,N,0.023939,N,0.019598
5bsm_chainA,376,N,N,0.016751,N,0.017948
5bsm_chainA,377,Q,N,0.017465,N,0.023352
5bsm_chainA,378,S,N,0.016989,N,0.018579
5bsm_chainA,379,G,N,0.032153,N,0.034691
5bsm_chainA,380,E,N,0.041649,N,0.047448
5bsm_chainA,381,I,N,0.047386,N,0.043164
5bsm_chainA,382,C,N,0.032526,N,0.01817
5bsm_chainA,383,I,N,0.037031,N,0.019442
5bsm_chainA,384,R,N,0.117557,N,0.060767
5bsm_chainA,385,G,N,0.041998,N,0.028777
5bsm_chainA,386,D,N,0.058048,N,0.030867
5bsm_chainA,387,Q,N,0.014122,N,0.013628
5bsm_chainA,388,I,N,0.053075,N,0.041993
5bsm_chainA,389,M,N,0.037088,N,0.03733
5bsm_chainA,390,K,N,0.055364,N,0.037272
5bsm_chainA,391,G,N,0.018408,N,0.014063
5bsm_chainA,392,Y,N,0.040423,N,0.037352
5bsm_chainA,393,L,N,0.035881,N,0.034472
5bsm_chainA,394,N,N,0.024855,N,0.017685
5bsm_chainA,395,D,N,0.016078,N,0.016326
5bsm_chainA,396,P,N,0.013232,N,0.012099
5bsm_chainA,397,E,N,0.024562,N,0.014703
5bsm_chainA,398,A,N,0.041497,N,0.031855
5bsm_chainA,399,T,N,0.03589,N,0.034232
5bsm_chainA,400,A,N,0.026768,N,0.033798
5bsm_chainA,401,R,N,0.009967,N,0.013931
5bsm_chainA,402,T,N,0.046945,N,0.039957
5bsm_chainA,403,I,N,0.037243,N,0.032792
5bsm_chainA,404,D,N,0.017253,N,0.018535
5bsm_chainA,405,K,N,0.015173,N,0.014505
5bsm_chainA,406,E,N,0.009169,N,0.007943
5bsm_chainA,407,G,N,0.019914,N,0.01987
5bsm_chainA,408,W,N,0.033271,N,0.042963
5bsm_chainA,409,L,N,0.044049,N,0.042592
5bsm_chainA,410,Y,N,0.06094,N,0.051784
5bsm_chainA,411,T,N,0.233198,N,0.116219
5bsm_chainA,412,G,N,0.106794,N,0.127212
5bsm_chainA,413,D,B,0.957179,B,0.956479
5bsm_chainA,414,I,N,0.033435,N,0.034288
5bsm_chainA,415,G,N,0.023825,N,0.03235
5bsm_chainA,416,Y,N,0.028412,N,0.042699
5bsm_chainA,417,I,N,0.019368,N,0.015835
5bsm_chainA,418,D,N,0.026481,N,0.026477
5bsm_chainA,419,D,N,0.015148,N,0.012908
5bsm_chainA,420,D,N,0.030217,N,0.026995
5bsm_chainA,421,D,N,0.017942,N,0.013138
5bsm_chainA,422,E,N,0.017949,N,0.014748
5bsm_chainA,423,L,N,0.027222,N,0.03051
5bsm_chainA,424,F,N,0.033017,N,0.034088
5bsm_chainA,425,I,B,0.945727,B,0.942821
5bsm_chainA,426,V,N,0.054607,N,0.038322
5bsm_chainA,427,D,N,0.070082,N,0.051107
5bsm_chainA,428,R,B,0.975117,B,0.981789
5bsm_chainA,429,L,N,0.124217,N,0.075489
5bsm_chainA,430,K,N,0.069702,N,0.050128
5bsm_chainA,431,E,N,0.055264,N,0.054787
5bsm_chainA,432,L,N,0.062347,N,0.056104
5bsm_chainA,433,I,N,0.027985,N,0.030656
5bsm_chainA,434,K,N,0.032003,N,0.032825
5bsm_chainA,435,Y,N,0.026506,N,0.021499
5bsm_chainA,436,K,N,0.014371,N,0.019544
5bsm_chainA,437,G,N,0.027039,N,0.029396
5bsm_chainA,438,F,N,0.026631,N,0.029169
5bsm_chainA,439,Q,N,0.037328,N,0.056547
5bsm_chainA,440,V,N,0.023939,N,0.021423
5bsm_chainA,441,A,N,0.030718,N,0.016064
5bsm_chainA,442,P,N,0.039075,N,0.03036
5bsm_chainA,443,A,N,0.041897,N,0.036745
5bsm_chainA,444,E,N,0.044109,N,0.050103
5bsm_chainA,445,L,N,0.028571,N,0.016195
5bsm_chainA,446,E,N,0.044191,N,0.064687
5bsm_chainA,447,A,N,0.031278,N,0.021487
5bsm_chainA,448,L,N,0.020857,N,0.036427
5bsm_chainA,449,L,N,0.027496,N,0.031626
5bsm_chainA,450,L,N,0.015074,N,0.016598
5bsm_chainA,451,N,N,0.012455,N,0.013849
5bsm_chainA,452,H,N,0.010872,N,0.009569
5bsm_chainA,453,P,N,0.011811,N,0.009228
5bsm_chainA,454,N,N,0.01127,N,0.010524
5bsm_chainA,455,I,N,0.0341,N,0.03445
5bsm_chainA,456,S,N,0.049097,N,0.040285
5bsm_chainA,457,D,N,0.048651,N,0.041041
5bsm_chainA,458,A,N,0.041514,N,0.032716
5bsm_chainA,459,A,N,0.00984,N,0.013025
5bsm_chainA,460,V,N,0.032183,N,0.029945
5bsm_chainA,461,V,N,0.016381,N,0.022354
5bsm_chainA,462,P,N,0.022753,N,0.020764
5bsm_chainA,463,M,N,0.025087,N,0.032638
5bsm_chainA,464,K,N,0.021549,N,0.038921
5bsm_chainA,465,D,N,0.013309,N,0.016704
5bsm_chainA,466,E,N,0.011023,N,0.015959
5bsm_chainA,467,Q,N,0.01061,N,0.008922
5bsm_chainA,468,A,N,0.016048,N,0.010631
5bsm_chainA,469,G,N,0.025222,N,0.024051
5bsm_chainA,470,E,N,0.059645,N,0.059574
5bsm_chainA,471,V,N,0.058073,N,0.041144
5bsm_chainA,472,P,N,0.032004,N,0.02379
5bsm_chainA,473,V,N,0.017432,N,0.019565
5bsm_chainA,474,A,N,0.031881,N,0.026084
5bsm_chainA,475,F,N,0.018062,N,0.016524
5bsm_chainA,476,V,N,0.027366,N,0.024763
5bsm_chainA,477,V,N,0.037296,N,0.032419
5bsm_chainA,478,R,N,0.019687,N,0.025266
5bsm_chainA,479,S,N,0.032213,N,0.036909
5bsm_chainA,480,N,N,0.01149,N,0.015981
5bsm_chainA,481,G,N,0.022602,N,0.026616
5bsm_chainA,482,S,N,0.024987,N,0.022971
5bsm_chainA,483,T,N,0.019288,N,0.018612
5bsm_chainA,484,I,N,0.016958,N,0.00985
5bsm_chainA,485,T,N,0.031798,N,0.012905
5bsm_chainA,486,E,N,0.036556,N,0.030921
5bsm_chainA,487,D,N,0.021016,N,0.018749
5bsm_chainA,488,E,N,0.013452,N,0.010991
5bsm_chainA,489,V,N,0.029718,N,0.022485
5bsm_chainA,490,K,N,0.031215,N,0.036894
5bsm_chainA,491,D,N,0.018933,N,0.020104
5bsm_chainA,492,F,N,0.022012,N,0.014609
5bsm_chainA,493,I,N,0.018433,N,0.013344
5bsm_chainA,494,S,N,0.016601,N,0.015702
5bsm_chainA,495,K,N,0.030208,N,0.037228
5bsm_chainA,496,Q,N,0.036191,N,0.030456
5bsm_chainA,497,V,N,0.04081,N,0.035987
5bsm_chainA,498,I,N,0.020615,N,0.014145
5bsm_chainA,499,F,N,0.038448,N,0.038674
5bsm_chainA,500,Y,N,0.02962,N,0.028266
5bsm_chainA,501,K,N,0.055152,N,0.043572
5bsm_chainA,502,R,N,0.05314,N,0.046854
5bsm_chainA,503,I,N,0.058452,N,0.043861
5bsm_chainA,504,K,N,0.03723,N,0.026814
5bsm_chainA,505,R,N,0.015408,N,0.012091
5bsm_chainA,506,V,N,0.04349,N,0.023378
5bsm_chainA,507,F,N,0.037562,N,0.022432
5bsm_chainA,508,F,N,0.023293,N,0.019622
5bsm_chainA,509,V,N,0.047663,N,0.02338
5bsm_chainA,510,D,N,0.033833,N,0.023398
5bsm_chainA,511,A,N,0.035646,N,0.036295
5bsm_chainA,512,I,N,0.040187,N,0.043615
5bsm_chainA,513,P,N,0.044085,N,0.046929
5bsm_chainA,514,K,N,0.044017,N,0.050414
5bsm_chainA,515,S,N,0.047566,N,0.03736
5bsm_chainA,516,P,N,0.035977,N,0.036608
5bsm_chainA,517,S,N,0.392113,N,0.28049
5bsm_chainA,518,G,N,0.063049,N,0.062544
5bsm_chainA,519,K,B,0.94815,B,0.940431
5bsm_chainA,520,I,N,0.037326,N,0.071986
5bsm_chainA,521,L,N,0.01999,N,0.013206
5bsm_chainA,522,R,N,0.066425,N,0.052788
5bsm_chainA,523,K,N,0.024335,N,0.024318
5bsm_chainA,524,D,N,0.012791,N,0.013724
5bsm_chainA,525,L,N,0.016325,N,0.014476
5bsm_chainA,526,R,N,0.014098,N,0.013805
5bsm_chainA,527,A,N,0.012597,N,0.008224
5bsm_chainA,528,K,N,0.017336,N,0.014585
5bsm_chainA,529,L,N,0.012848,N,0.011031
5bsm_chainA,530,A,N,0.011811,N,0.010501
