Prot.ID,NO,Residue,ATPseq Binding Sites,ATPseq Probability,ATPbind Binding Sites,ATPbind Probability
5dgh_chainA,1,Q,N,0.006278,N,0.006208
5dgh_chainA,2,I,N,0.009524,N,0.007388
5dgh_chainA,3,V,N,0.022645,N,0.016452
5dgh_chainA,4,V,N,0.020354,N,0.019509
5dgh_chainA,5,G,N,0.04328,N,0.037511
5dgh_chainA,6,I,N,0.015793,N,0.014463
5dgh_chainA,7,C,N,0.045239,N,0.040691
5dgh_chainA,8,S,N,0.022198,N,0.022914
5dgh_chainA,9,M,N,0.035753,N,0.033826
5dgh_chainA,10,A,N,0.068625,N,0.063203
5dgh_chainA,11,K,N,0.036464,N,0.027615
5dgh_chainA,12,K,N,0.05854,N,0.054677
5dgh_chainA,13,S,N,0.026178,N,0.022129
5dgh_chainA,14,K,N,0.032538,N,0.024023
5dgh_chainA,15,S,N,0.033725,N,0.024656
5dgh_chainA,16,K,N,0.039979,N,0.03547
5dgh_chainA,17,P,N,0.017302,N,0.015059
5dgh_chainA,18,M,N,0.029614,N,0.018323
5dgh_chainA,19,K,N,0.052102,N,0.027343
5dgh_chainA,20,E,N,0.023086,N,0.016195
5dgh_chainA,21,I,N,0.017027,N,0.010708
5dgh_chainA,22,L,N,0.037654,N,0.022802
5dgh_chainA,23,E,N,0.034809,N,0.024244
5dgh_chainA,24,R,N,0.045955,N,0.032026
5dgh_chainA,25,I,N,0.018108,N,0.010542
5dgh_chainA,26,S,N,0.013323,N,0.011044
5dgh_chainA,27,L,N,0.013968,N,0.012103
5dgh_chainA,28,F,N,0.028389,N,0.020785
5dgh_chainA,29,K,N,0.016736,N,0.014881
5dgh_chainA,30,Y,N,0.05441,N,0.029569
5dgh_chainA,31,I,N,0.026696,N,0.023471
5dgh_chainA,32,T,N,0.030446,N,0.030578
5dgh_chainA,33,V,N,0.013303,N,0.009464
5dgh_chainA,34,V,N,0.038961,N,0.029446
5dgh_chainA,35,V,N,0.024427,N,0.016706
5dgh_chainA,36,F,N,0.03414,N,0.030426
5dgh_chainA,37,E,N,0.013998,N,0.015507
5dgh_chainA,38,E,N,0.026136,N,0.021514
5dgh_chainA,39,E,N,0.028015,N,0.025463
5dgh_chainA,40,V,N,0.018564,N,0.024881
5dgh_chainA,41,I,N,0.03169,N,0.040058
5dgh_chainA,42,L,N,0.012342,N,0.011393
5dgh_chainA,43,N,N,0.069807,N,0.060332
5dgh_chainA,44,E,N,0.042388,N,0.021577
5dgh_chainA,45,P,N,0.035563,N,0.020759
5dgh_chainA,46,V,N,0.056023,N,0.038416
5dgh_chainA,47,E,N,0.028364,N,0.021742
5dgh_chainA,48,N,N,0.02445,N,0.018455
5dgh_chainA,49,W,N,0.044116,N,0.047884
5dgh_chainA,50,P,N,0.028478,N,0.035265
5dgh_chainA,51,L,N,0.020594,N,0.020057
5dgh_chainA,52,C,N,0.040636,N,0.033463
5dgh_chainA,53,D,N,0.033551,N,0.027858
5dgh_chainA,54,C,N,0.023373,N,0.018976
5dgh_chainA,55,L,N,0.029444,N,0.024056
5dgh_chainA,56,I,N,0.047822,N,0.02852
5dgh_chainA,57,S,N,0.040427,N,0.032858
5dgh_chainA,58,F,N,0.031583,N,0.017558
5dgh_chainA,59,H,N,0.066551,N,0.060596
5dgh_chainA,60,S,N,0.02045,N,0.013636
5dgh_chainA,61,K,N,0.027608,N,0.01994
5dgh_chainA,62,G,N,0.022249,N,0.016831
5dgh_chainA,63,F,N,0.025005,N,0.014986
5dgh_chainA,64,P,N,0.023078,N,0.014827
5dgh_chainA,65,L,N,0.012667,N,0.011056
5dgh_chainA,66,D,N,0.016826,N,0.016935
5dgh_chainA,67,K,N,0.039847,N,0.034687
5dgh_chainA,68,A,N,0.018329,N,0.011057
5dgh_chainA,69,V,N,0.025673,N,0.019908
5dgh_chainA,70,A,N,0.011528,N,0.00961
5dgh_chainA,71,Y,N,0.016654,N,0.017386
5dgh_chainA,72,A,N,0.011946,N,0.009098
5dgh_chainA,73,K,N,0.028651,N,0.019421
5dgh_chainA,74,L,N,0.036049,N,0.021302
5dgh_chainA,75,R,N,0.022439,N,0.023095
5dgh_chainA,76,N,N,0.010795,N,0.012883
5dgh_chainA,77,P,N,0.019067,N,0.016095
5dgh_chainA,78,F,N,0.027964,N,0.020707
5dgh_chainA,79,V,N,0.019083,N,0.014997
5dgh_chainA,80,I,N,0.019407,N,0.011986
5dgh_chainA,81,N,N,0.033846,N,0.021401
5dgh_chainA,82,D,N,0.036774,N,0.028616
5dgh_chainA,83,L,N,0.014208,N,0.011705
5dgh_chainA,84,N,N,0.032729,N,0.03049
5dgh_chainA,85,M,N,0.012432,N,0.009581
5dgh_chainA,86,Q,N,0.046762,N,0.036111
5dgh_chainA,87,Y,N,0.023196,N,0.023059
5dgh_chainA,88,L,N,0.033613,N,0.031755
5dgh_chainA,89,I,N,0.048453,N,0.040616
5dgh_chainA,90,Q,N,0.032417,N,0.032286
5dgh_chainA,91,D,N,0.026375,N,0.030137
5dgh_chainA,92,R,B,0.602546,B,0.85909
5dgh_chainA,93,R,N,0.02826,N,0.035071
5dgh_chainA,94,E,N,0.015626,N,0.019493
5dgh_chainA,95,V,N,0.033657,N,0.02387
5dgh_chainA,96,Y,N,0.040293,N,0.037537
5dgh_chainA,97,S,N,0.0341,N,0.029253
5dgh_chainA,98,I,N,0.014681,N,0.012116
5dgh_chainA,99,L,N,0.048713,N,0.042
5dgh_chainA,100,Q,N,0.05429,N,0.051706
5dgh_chainA,101,A,N,0.023003,N,0.030354
5dgh_chainA,102,E,N,0.036968,N,0.029317
5dgh_chainA,103,G,N,0.028567,N,0.028257
5dgh_chainA,104,I,N,0.024785,N,0.021687
5dgh_chainA,105,L,N,0.036476,N,0.031691
5dgh_chainA,106,L,N,0.041779,N,0.034579
5dgh_chainA,107,P,N,0.332412,B,0.543087
5dgh_chainA,108,R,N,0.024468,N,0.019976
5dgh_chainA,109,Y,N,0.038718,N,0.032261
5dgh_chainA,110,A,N,0.022131,N,0.02594
5dgh_chainA,111,I,N,0.03829,N,0.038592
5dgh_chainA,112,L,N,0.093016,N,0.065408
5dgh_chainA,113,N,N,0.040477,N,0.027879
5dgh_chainA,114,R,N,0.204787,N,0.125278
5dgh_chainA,115,D,N,0.045413,N,0.035521
5dgh_chainA,116,P,N,0.051931,N,0.035345
5dgh_chainA,117,N,N,0.021886,N,0.016459
5dgh_chainA,118,N,N,0.017139,N,0.015017
5dgh_chainA,119,P,N,0.035298,N,0.01839
5dgh_chainA,120,K,N,0.045498,N,0.033782
5dgh_chainA,121,E,N,0.044602,N,0.025105
5dgh_chainA,122,C,N,0.092802,N,0.059933
5dgh_chainA,123,N,N,0.04003,N,0.030477
5dgh_chainA,124,L,N,0.045207,N,0.032298
5dgh_chainA,125,I,N,0.02489,N,0.015819
5dgh_chainA,126,E,N,0.033559,N,0.028933
5dgh_chainA,127,G,N,0.021979,N,0.018987
5dgh_chainA,128,E,N,0.020185,N,0.022791
5dgh_chainA,129,D,N,0.022355,N,0.020999
5dgh_chainA,130,H,N,0.041747,N,0.033965
5dgh_chainA,131,V,N,0.042162,N,0.030349
5dgh_chainA,132,E,N,0.045291,N,0.030153
5dgh_chainA,133,V,N,0.022066,N,0.020456
5dgh_chainA,134,N,N,0.014402,N,0.017465
5dgh_chainA,135,G,N,0.01519,N,0.022918
5dgh_chainA,136,E,N,0.041999,N,0.03946
5dgh_chainA,137,V,N,0.030957,N,0.026158
5dgh_chainA,138,F,N,0.048305,N,0.04124
5dgh_chainA,139,Q,N,0.042424,N,0.037241
5dgh_chainA,140,K,N,0.044435,N,0.031414
5dgh_chainA,141,P,N,0.105055,N,0.077332
5dgh_chainA,142,F,N,0.124489,N,0.080106
5dgh_chainA,143,V,B,0.782342,B,0.896911
5dgh_chainA,144,E,N,0.116813,N,0.076594
5dgh_chainA,145,K,B,0.832868,B,0.921783
5dgh_chainA,146,P,N,0.104287,N,0.066707
5dgh_chainA,147,V,N,0.113283,N,0.092561
5dgh_chainA,148,S,N,0.022833,N,0.026577
5dgh_chainA,149,A,N,0.040932,N,0.033034
5dgh_chainA,150,E,N,0.060228,N,0.060844
5dgh_chainA,151,D,N,0.075138,N,0.155216
5dgh_chainA,152,H,N,0.140146,B,0.597446
5dgh_chainA,153,N,N,0.045953,N,0.085411
5dgh_chainA,154,V,N,0.088975,B,0.719593
5dgh_chainA,155,Y,N,0.035785,N,0.031518
5dgh_chainA,156,I,N,0.036514,N,0.050968
5dgh_chainA,157,Y,N,0.031952,N,0.027555
5dgh_chainA,158,Y,N,0.066157,N,0.05627
5dgh_chainA,159,P,N,0.06645,N,0.068296
5dgh_chainA,160,T,N,0.061139,N,0.049188
5dgh_chainA,161,S,N,0.160527,N,0.106195
5dgh_chainA,162,A,N,0.206474,N,0.090279
5dgh_chainA,163,G,B,0.426249,N,0.165394
5dgh_chainA,164,G,N,0.219373,N,0.091382
5dgh_chainA,165,G,N,0.232332,N,0.113282
5dgh_chainA,166,S,B,0.483937,N,0.163574
5dgh_chainA,167,Q,N,0.113063,N,0.06676
5dgh_chainA,168,R,N,0.073865,N,0.057629
5dgh_chainA,169,L,N,0.082895,N,0.051455
5dgh_chainA,170,F,N,0.054472,N,0.041917
5dgh_chainA,171,R,N,0.079351,N,0.124361
5dgh_chainA,172,K,N,0.037177,N,0.020858
5dgh_chainA,173,I,N,0.043232,N,0.028801
5dgh_chainA,174,G,N,0.033351,N,0.023682
5dgh_chainA,175,S,N,0.054045,N,0.036305
5dgh_chainA,176,R,N,0.059829,N,0.042577
5dgh_chainA,177,S,N,0.034309,N,0.0236
5dgh_chainA,178,S,N,0.048886,N,0.034488
5dgh_chainA,179,V,N,0.037287,N,0.028059
5dgh_chainA,180,Y,N,0.022443,N,0.016996
5dgh_chainA,181,S,N,0.017201,N,0.015859
5dgh_chainA,182,P,N,0.025313,N,0.025864
5dgh_chainA,183,E,N,0.043803,N,0.045405
5dgh_chainA,184,S,N,0.023302,N,0.018006
5dgh_chainA,185,N,N,0.031109,N,0.03151
5dgh_chainA,186,V,N,0.03758,N,0.03033
5dgh_chainA,187,R,N,0.031881,N,0.035305
5dgh_chainA,188,K,N,0.028256,N,0.023325
5dgh_chainA,189,T,N,0.017265,N,0.017255
5dgh_chainA,190,G,N,0.01464,N,0.014675
5dgh_chainA,191,S,N,0.034004,N,0.021404
5dgh_chainA,192,Y,N,0.021503,N,0.016986
5dgh_chainA,193,I,N,0.044484,N,0.027037
5dgh_chainA,194,Y,N,0.06675,N,0.050684
5dgh_chainA,195,E,B,0.901687,B,0.942883
5dgh_chainA,196,E,B,0.904992,B,0.923918
5dgh_chainA,197,F,B,0.896663,B,0.934654
5dgh_chainA,198,M,B,0.929016,B,0.918235
5dgh_chainA,199,P,N,0.172057,N,0.123267
5dgh_chainA,200,T,N,0.057912,N,0.04489
5dgh_chainA,201,D,N,0.038929,N,0.052668
5dgh_chainA,202,G,N,0.061947,N,0.055807
5dgh_chainA,203,T,N,0.042346,N,0.047911
5dgh_chainA,204,D,B,0.928194,B,0.895619
5dgh_chainA,205,V,N,0.048261,N,0.043405
5dgh_chainA,206,K,B,0.421993,B,0.702017
5dgh_chainA,207,V,N,0.027089,N,0.020153
5dgh_chainA,208,Y,N,0.093077,N,0.061363
5dgh_chainA,209,T,N,0.017803,N,0.014182
5dgh_chainA,210,V,N,0.015464,N,0.017929
5dgh_chainA,211,G,N,0.022411,N,0.020058
5dgh_chainA,212,P,N,0.012859,N,0.01712
5dgh_chainA,213,D,N,0.021918,N,0.026993
5dgh_chainA,214,Y,N,0.017258,N,0.024993
5dgh_chainA,215,A,N,0.021027,N,0.02179
5dgh_chainA,216,H,N,0.022009,N,0.019609
5dgh_chainA,217,A,N,0.031389,N,0.019312
5dgh_chainA,218,E,N,0.029777,N,0.020508
5dgh_chainA,219,A,N,0.040334,N,0.023676
5dgh_chainA,220,R,N,0.115219,N,0.0811
5dgh_chainA,221,K,N,0.056648,N,0.048681
5dgh_chainA,222,S,N,0.148016,N,0.29525
5dgh_chainA,223,P,N,0.256659,B,0.404961
5dgh_chainA,224,A,N,0.052243,N,0.037824
5dgh_chainA,225,L,N,0.029909,N,0.031378
5dgh_chainA,226,D,N,0.049283,N,0.047311
5dgh_chainA,227,G,N,0.027186,N,0.030283
5dgh_chainA,228,K,N,0.036998,N,0.043544
5dgh_chainA,229,V,N,0.142322,N,0.084826
5dgh_chainA,230,E,N,0.184407,N,0.157158
5dgh_chainA,231,R,N,0.128624,N,0.066788
5dgh_chainA,232,D,N,0.172146,N,0.096529
5dgh_chainA,233,S,N,0.037908,N,0.027408
5dgh_chainA,234,E,N,0.080205,N,0.070911
5dgh_chainA,235,G,N,0.042397,N,0.038046
5dgh_chainA,236,K,N,0.059774,N,0.041504
5dgh_chainA,237,E,N,0.110671,N,0.065883
5dgh_chainA,238,V,N,0.036947,N,0.028652
5dgh_chainA,239,R,N,0.066629,N,0.05243
5dgh_chainA,240,Y,N,0.030356,N,0.024395
5dgh_chainA,241,P,N,0.038578,N,0.027708
5dgh_chainA,242,V,N,0.013037,N,0.011069
5dgh_chainA,243,I,N,0.017549,N,0.016679
5dgh_chainA,244,L,N,0.018625,N,0.020019
5dgh_chainA,245,N,N,0.036147,N,0.038852
5dgh_chainA,246,A,N,0.012887,N,0.014882
5dgh_chainA,247,R,N,0.020341,N,0.018125
5dgh_chainA,248,E,N,0.047925,N,0.036437
5dgh_chainA,249,K,N,0.024459,N,0.014845
5dgh_chainA,250,L,N,0.015209,N,0.01326
5dgh_chainA,251,I,N,0.014492,N,0.00876
5dgh_chainA,252,A,N,0.015938,N,0.011255
5dgh_chainA,253,W,N,0.02417,N,0.014674
5dgh_chainA,254,K,N,0.03907,N,0.036329
5dgh_chainA,255,V,N,0.02664,N,0.019701
5dgh_chainA,256,C,N,0.028237,N,0.023411
5dgh_chainA,257,L,N,0.029397,N,0.021763
5dgh_chainA,258,A,N,0.015201,N,0.012465
5dgh_chainA,259,F,N,0.01893,N,0.01742
5dgh_chainA,260,K,N,0.015133,N,0.013639
5dgh_chainA,261,Q,N,0.022219,N,0.019171
5dgh_chainA,262,T,N,0.026454,N,0.020115
5dgh_chainA,263,V,N,0.027697,N,0.023532
5dgh_chainA,264,C,N,0.051685,N,0.034686
5dgh_chainA,265,G,N,0.070293,N,0.036365
5dgh_chainA,266,F,N,0.071551,N,0.035194
5dgh_chainA,267,D,B,0.766055,B,0.649363
5dgh_chainA,268,L,N,0.032344,N,0.020011
5dgh_chainA,269,L,B,0.792412,B,0.819311
5dgh_chainA,270,R,N,0.060742,N,0.048226
5dgh_chainA,271,A,N,0.021196,N,0.018928
5dgh_chainA,272,N,N,0.058253,N,0.040152
5dgh_chainA,273,G,N,0.034534,N,0.035098
5dgh_chainA,274,Q,N,0.029219,N,0.020674
5dgh_chainA,275,S,N,0.026476,N,0.023821
5dgh_chainA,276,Y,N,0.033287,N,0.035474
5dgh_chainA,277,V,N,0.083214,N,0.075259
5dgh_chainA,278,C,B,0.650241,B,0.751506
5dgh_chainA,279,D,B,0.785074,B,0.880372
5dgh_chainA,280,V,N,0.030058,N,0.055822
5dgh_chainA,281,N,B,0.472141,B,0.767374
5dgh_chainA,282,G,N,0.031665,N,0.049598
5dgh_chainA,283,F,N,0.059895,N,0.066652
5dgh_chainA,284,S,N,0.046165,N,0.042799
5dgh_chainA,285,F,N,0.030048,N,0.028276
5dgh_chainA,286,V,N,0.021228,N,0.02257
5dgh_chainA,287,K,N,0.043534,N,0.034332
5dgh_chainA,288,N,N,0.03025,N,0.035972
5dgh_chainA,289,S,N,0.030844,N,0.026098
5dgh_chainA,290,M,N,0.040298,N,0.027641
5dgh_chainA,291,K,N,0.029046,N,0.021903
5dgh_chainA,292,Y,N,0.038904,N,0.032984
5dgh_chainA,293,Y,N,0.063338,N,0.037892
5dgh_chainA,294,D,N,0.024737,N,0.02122
5dgh_chainA,295,D,N,0.018616,N,0.017271
5dgh_chainA,296,C,N,0.030193,N,0.020881
5dgh_chainA,297,A,N,0.017376,N,0.012302
5dgh_chainA,298,K,N,0.036786,N,0.020428
5dgh_chainA,299,I,N,0.023157,N,0.012756
5dgh_chainA,300,L,N,0.016624,N,0.012578
5dgh_chainA,301,G,N,0.031826,N,0.033559
5dgh_chainA,302,N,N,0.02521,N,0.02054
5dgh_chainA,303,I,N,0.013351,N,0.009555
5dgh_chainA,304,V,N,0.008454,N,0.009709
5dgh_chainA,305,M,N,0.020169,N,0.012828
5dgh_chainA,306,R,N,0.050272,N,0.036647
5dgh_chainA,307,E,N,0.035994,N,0.02028
5dgh_chainA,308,L,N,0.01739,N,0.012561
5dgh_chainA,309,A,N,0.017167,N,0.012629
5dgh_chainA,310,P,N,0.018217,N,0.015475
5dgh_chainA,311,Q,N,0.029161,N,0.025934
5dgh_chainA,312,F,N,0.014537,N,0.015086
5dgh_chainA,313,H,N,0.014807,N,0.016702
5dgh_chainA,314,I,N,0.024198,N,0.021043
5dgh_chainA,315,P,N,0.029298,N,0.03207
5dgh_chainA,316,W,N,0.018153,N,0.018097
5dgh_chainA,317,S,N,0.022304,N,0.021523
