Prot.ID,NO,Residue,ATPseq Binding Sites,ATPseq Probability,ATPbind Binding Sites,ATPbind Probability
5guf_chainA,1,A,N,0.004784,N,0.004949
5guf_chainA,2,V,N,0.008505,N,0.006358
5guf_chainA,3,D,N,0.030563,N,0.014377
5guf_chainA,4,W,N,0.007961,N,0.007465
5guf_chainA,5,R,N,0.020159,N,0.013393
5guf_chainA,6,I,N,0.009271,N,0.007319
5guf_chainA,7,D,N,0.022194,N,0.022774
5guf_chainA,8,N,N,0.019954,N,0.019992
5guf_chainA,9,I,N,0.024193,N,0.016608
5guf_chainA,10,L,N,0.017936,N,0.017342
5guf_chainA,11,E,N,0.048563,N,0.077654
5guf_chainA,12,A,N,0.016119,N,0.053966
5guf_chainA,13,I,N,0.022133,N,0.023997
5guf_chainA,14,I,N,0.028451,N,0.031196
5guf_chainA,15,L,N,0.024689,N,0.074682
5guf_chainA,16,M,N,0.035844,N,0.096127
5guf_chainA,17,L,N,0.022735,N,0.031844
5guf_chainA,18,P,N,0.030259,N,0.044612
5guf_chainA,19,A,N,0.028625,N,0.081251
5guf_chainA,20,M,N,0.032054,N,0.030361
5guf_chainA,21,I,N,0.032983,N,0.021458
5guf_chainA,22,A,N,0.041873,N,0.025363
5guf_chainA,23,N,N,0.224055,N,0.07221
5guf_chainA,24,A,N,0.055686,N,0.02901
5guf_chainA,25,T,N,0.023685,N,0.020489
5guf_chainA,26,P,N,0.056137,N,0.027884
5guf_chainA,27,V,N,0.057318,N,0.027633
5guf_chainA,28,V,N,0.047292,N,0.035234
5guf_chainA,29,A,N,0.017293,N,0.016305
5guf_chainA,30,G,N,0.031774,N,0.028566
5guf_chainA,31,G,N,0.040881,N,0.042519
5guf_chainA,32,R,N,0.052469,N,0.054856
5guf_chainA,33,R,N,0.015789,N,0.021563
5guf_chainA,34,P,N,0.053034,N,0.048649
5guf_chainA,35,V,N,0.04075,N,0.034275
5guf_chainA,36,D,N,0.124868,N,0.075561
5guf_chainA,37,M,N,0.091331,N,0.056534
5guf_chainA,38,G,N,0.115065,N,0.062178
5guf_chainA,39,V,N,0.141793,N,0.086672
5guf_chainA,40,V,N,0.090625,N,0.054167
5guf_chainA,41,L,N,0.033085,N,0.107739
5guf_chainA,42,P,N,0.028567,N,0.035123
5guf_chainA,43,D,N,0.081134,N,0.064001
5guf_chainA,44,G,N,0.056721,N,0.052251
5guf_chainA,45,R,N,0.10786,N,0.072117
5guf_chainA,46,R,N,0.053567,N,0.058356
5guf_chainA,47,L,N,0.255844,N,0.124449
5guf_chainA,48,L,N,0.235318,N,0.1746
5guf_chainA,49,G,B,0.540214,B,0.508843
5guf_chainA,50,D,N,0.389197,N,0.255992
5guf_chainA,51,G,N,0.299214,N,0.157015
5guf_chainA,52,K,N,0.327105,N,0.122614
5guf_chainA,53,T,B,0.460562,N,0.131301
5guf_chainA,54,I,N,0.388546,N,0.125232
5guf_chainA,55,E,N,0.405905,N,0.154925
5guf_chainA,56,G,N,0.168246,N,0.124238
5guf_chainA,57,L,N,0.310648,N,0.164335
5guf_chainA,58,L,N,0.139058,N,0.053999
5guf_chainA,59,A,N,0.048677,N,0.049188
5guf_chainA,60,G,B,0.585584,B,0.531982
5guf_chainA,61,F,N,0.160193,N,0.113958
5guf_chainA,62,A,N,0.029066,N,0.120788
5guf_chainA,63,A,N,0.051463,N,0.127878
5guf_chainA,64,G,N,0.243813,N,0.185231
5guf_chainA,65,S,N,0.03442,N,0.138903
5guf_chainA,66,A,N,0.015426,N,0.181269
5guf_chainA,67,A,N,0.033276,N,0.030857
5guf_chainA,68,G,N,0.056461,N,0.054263
5guf_chainA,69,V,N,0.018803,N,0.02322
5guf_chainA,70,L,N,0.011358,N,0.01256
5guf_chainA,71,A,N,0.017603,N,0.018522
5guf_chainA,72,A,N,0.041428,N,0.035207
5guf_chainA,73,L,N,0.023397,N,0.017125
5guf_chainA,74,A,N,0.014987,N,0.015727
5guf_chainA,75,S,N,0.018651,N,0.021187
5guf_chainA,76,G,N,0.02273,N,0.019849
5guf_chainA,77,N,N,0.043856,N,0.028984
5guf_chainA,78,M,N,0.034722,N,0.023925
5guf_chainA,79,L,N,0.012007,N,0.013767
5guf_chainA,80,L,N,0.074205,N,0.042807
5guf_chainA,81,A,N,0.051631,N,0.029134
5guf_chainA,82,V,N,0.033906,N,0.036225
5guf_chainA,83,H,N,0.046085,N,0.358834
5guf_chainA,84,S,N,0.02,N,0.022644
5guf_chainA,85,P,N,0.098861,N,0.079016
5guf_chainA,86,A,N,0.015997,N,0.091591
5guf_chainA,87,I,N,0.031831,N,0.265476
5guf_chainA,88,A,N,0.034096,N,0.041983
5guf_chainA,89,L,N,0.035472,N,0.045302
5guf_chainA,90,G,N,0.122969,B,0.55972
5guf_chainA,91,A,N,0.114388,N,0.238788
5guf_chainA,92,L,N,0.023389,N,0.033102
5guf_chainA,93,A,N,0.010423,N,0.021201
5guf_chainA,94,G,N,0.074155,N,0.324855
5guf_chainA,95,D,N,0.086634,N,0.077241
5guf_chainA,96,M,N,0.021519,N,0.023006
5guf_chainA,97,A,N,0.010817,N,0.014781
5guf_chainA,98,G,N,0.030633,N,0.026352
5guf_chainA,99,S,N,0.044385,N,0.028822
5guf_chainA,100,F,N,0.040906,N,0.03381
5guf_chainA,101,V,N,0.017126,N,0.024228
5guf_chainA,102,K,N,0.037434,N,0.043162
5guf_chainA,103,R,N,0.047412,N,0.138647
5guf_chainA,104,R,N,0.122453,N,0.262162
5guf_chainA,105,L,N,0.02229,N,0.024344
5guf_chainA,106,G,N,0.032512,N,0.039684
5guf_chainA,107,I,N,0.060391,N,0.129529
5guf_chainA,108,E,N,0.038531,N,0.050605
5guf_chainA,109,R,N,0.054682,N,0.149678
5guf_chainA,110,G,N,0.055668,N,0.055064
5guf_chainA,111,R,N,0.014207,N,0.018208
5guf_chainA,112,P,N,0.032142,N,0.03898
5guf_chainA,113,A,N,0.028375,N,0.025976
5guf_chainA,114,P,N,0.029985,N,0.028802
5guf_chainA,115,L,N,0.039977,N,0.032358
5guf_chainA,116,L,N,0.073741,N,0.046958
5guf_chainA,117,D,N,0.06964,N,0.048404
5guf_chainA,118,Q,N,0.091948,N,0.072549
5guf_chainA,119,L,N,0.112877,N,0.064392
5guf_chainA,120,D,N,0.068902,N,0.120219
5guf_chainA,121,F,N,0.054716,N,0.043765
5guf_chainA,122,Y,N,0.035175,N,0.023619
5guf_chainA,123,L,N,0.020628,N,0.018102
5guf_chainA,124,G,N,0.058609,N,0.037989
5guf_chainA,125,A,N,0.088117,N,0.067832
5guf_chainA,126,L,N,0.039089,N,0.028319
5guf_chainA,127,A,N,0.020245,N,0.016717
5guf_chainA,128,V,N,0.018232,N,0.0182
5guf_chainA,129,S,N,0.011359,N,0.013202
5guf_chainA,130,I,N,0.021527,N,0.041206
5guf_chainA,131,A,N,0.014354,N,0.017334
5guf_chainA,132,L,N,0.011965,N,0.019076
5guf_chainA,133,G,N,0.024712,N,0.096918
5guf_chainA,134,Y,N,0.020638,N,0.248291
5guf_chainA,135,T,N,0.017156,N,0.138094
5guf_chainA,136,W,N,0.01982,N,0.312845
5guf_chainA,137,T,N,0.0238,N,0.119482
5guf_chainA,138,P,N,0.032927,N,0.129091
5guf_chainA,139,R,N,0.02522,N,0.147003
5guf_chainA,140,V,N,0.019269,N,0.109692
5guf_chainA,141,A,N,0.017129,N,0.023506
5guf_chainA,142,V,N,0.037042,N,0.037689
5guf_chainA,143,E,N,0.017896,N,0.019573
5guf_chainA,144,A,N,0.028992,N,0.07163
5guf_chainA,145,A,N,0.044232,N,0.039872
5guf_chainA,146,A,N,0.02164,N,0.019883
5guf_chainA,147,A,N,0.042983,N,0.036283
5guf_chainA,148,V,N,0.026503,N,0.02784
5guf_chainA,149,L,N,0.020101,N,0.017507
5guf_chainA,150,L,N,0.01164,N,0.010777
5guf_chainA,151,L,N,0.022165,N,0.01905
5guf_chainA,152,H,N,0.053878,N,0.036418
5guf_chainA,153,L,N,0.012886,N,0.010374
5guf_chainA,154,A,N,0.01111,N,0.011068
5guf_chainA,155,A,N,0.011327,N,0.010878
5guf_chainA,156,N,N,0.041479,N,0.030485
5guf_chainA,157,I,N,0.012787,N,0.009997
5guf_chainA,158,T,N,0.010125,N,0.011363
