Prot.ID,NO,Residue,ATPseq Binding Sites,ATPseq Probability,ATPbind Binding Sites,ATPbind Probability
5trd_chainA,1,D,N,0.011645,N,0.013582
5trd_chainA,2,Q,N,0.010349,N,0.009897
5trd_chainA,3,Y,N,0.021528,N,0.015844
5trd_chainA,4,Y,N,0.027985,N,0.039521
5trd_chainA,5,R,N,0.013437,N,0.028148
5trd_chainA,6,A,N,0.013024,N,0.011843
5trd_chainA,7,I,N,0.031367,N,0.031195
5trd_chainA,8,K,N,0.030508,N,0.030007
5trd_chainA,9,K,N,0.021626,N,0.019739
5trd_chainA,10,I,N,0.032218,N,0.025307
5trd_chainA,11,K,N,0.033375,N,0.029138
5trd_chainA,12,E,N,0.023548,N,0.023854
5trd_chainA,13,A,N,0.023299,N,0.025833
5trd_chainA,14,A,N,0.03178,N,0.022578
5trd_chainA,15,E,N,0.048315,N,0.027156
5trd_chainA,16,A,N,0.036546,N,0.020832
5trd_chainA,17,S,N,0.027916,N,0.023994
5trd_chainA,18,N,N,0.021568,N,0.020459
5trd_chainA,19,R,N,0.013949,N,0.013576
5trd_chainA,20,A,N,0.026948,N,0.019946
5trd_chainA,21,Y,N,0.04268,N,0.025354
5trd_chainA,22,L,N,0.09028,N,0.050519
5trd_chainA,23,T,N,0.135608,N,0.066232
5trd_chainA,24,S,N,0.132492,N,0.099892
5trd_chainA,25,S,N,0.080797,N,0.050887
5trd_chainA,26,K,N,0.103398,N,0.044209
5trd_chainA,27,L,N,0.037539,N,0.026976
5trd_chainA,28,A,N,0.037379,N,0.02995
5trd_chainA,29,D,N,0.047552,N,0.048344
5trd_chainA,30,M,N,0.088409,N,0.074218
5trd_chainA,31,L,N,0.083336,N,0.06459
5trd_chainA,32,G,N,0.039733,N,0.074764
5trd_chainA,33,I,N,0.058274,N,0.104157
5trd_chainA,34,S,N,0.075548,N,0.114261
5trd_chainA,35,Q,N,0.221558,N,0.283835
5trd_chainA,36,Q,N,0.135459,N,0.175817
5trd_chainA,37,S,N,0.067772,N,0.12904
5trd_chainA,38,A,N,0.020504,N,0.021343
5trd_chainA,39,S,N,0.013043,N,0.011893
5trd_chainA,40,R,N,0.104077,N,0.062342
5trd_chainA,41,I,N,0.0241,N,0.026887
5trd_chainA,42,I,N,0.042873,N,0.028917
5trd_chainA,43,I,N,0.051506,N,0.041656
5trd_chainA,44,D,N,0.080242,N,0.049587
5trd_chainA,45,L,N,0.069433,N,0.033787
5trd_chainA,46,E,N,0.166163,N,0.083924
5trd_chainA,47,K,N,0.037562,N,0.026667
5trd_chainA,48,N,N,0.070773,N,0.047741
5trd_chainA,49,G,N,0.126587,N,0.058061
5trd_chainA,50,Y,N,0.147013,N,0.07881
5trd_chainA,51,I,N,0.106864,N,0.057567
5trd_chainA,52,T,N,0.099349,N,0.057072
5trd_chainA,53,R,N,0.323396,N,0.173709
5trd_chainA,54,T,N,0.05177,N,0.035733
5trd_chainA,55,V,N,0.072974,N,0.040338
5trd_chainA,56,T,N,0.04552,N,0.044828
5trd_chainA,57,K,N,0.052358,N,0.035059
5trd_chainA,58,R,N,0.032244,N,0.019885
5trd_chainA,59,G,N,0.037887,N,0.031916
5trd_chainA,60,Q,N,0.052953,N,0.035111
5trd_chainA,61,I,N,0.0779,N,0.042181
5trd_chainA,62,L,N,0.188736,N,0.090159
5trd_chainA,63,N,N,0.155549,N,0.08648
5trd_chainA,64,I,N,0.075262,N,0.082353
5trd_chainA,65,T,N,0.087518,N,0.125705
5trd_chainA,66,E,N,0.046573,N,0.126389
5trd_chainA,67,K,N,0.055169,N,0.089668
5trd_chainA,68,G,N,0.053887,N,0.107634
5trd_chainA,69,L,N,0.090419,N,0.109444
5trd_chainA,70,D,N,0.115056,N,0.076294
5trd_chainA,71,V,N,0.021509,N,0.069699
5trd_chainA,72,L,N,0.026366,N,0.139704
5trd_chainA,73,Y,N,0.022758,N,0.037675
5trd_chainA,74,T,N,0.021254,N,0.169985
5trd_chainA,75,E,N,0.01368,N,0.081295
5trd_chainA,76,F,N,0.034516,N,0.102866
5trd_chainA,77,A,N,0.019989,N,0.066695
5trd_chainA,78,D,N,0.075015,N,0.096311
5trd_chainA,79,L,N,0.055814,N,0.130591
5trd_chainA,80,S,N,0.047848,N,0.045955
5trd_chainA,81,R,N,0.01965,N,0.025989
5trd_chainA,82,I,N,0.091467,N,0.071636
5trd_chainA,83,L,N,0.052787,N,0.093079
5trd_chainA,84,A,N,0.018459,N,0.023941
5trd_chainA,85,I,N,0.020664,N,0.021522
5trd_chainA,86,K,N,0.042114,N,0.045674
5trd_chainA,87,N,N,0.024035,N,0.023807
5trd_chainA,88,N,N,0.013784,N,0.016764
5trd_chainA,89,V,N,0.049294,N,0.036169
5trd_chainA,90,V,N,0.030907,N,0.021908
5trd_chainA,91,I,N,0.068962,N,0.052565
5trd_chainA,92,T,N,0.020678,N,0.022761
5trd_chainA,93,G,N,0.141246,N,0.076117
5trd_chainA,94,T,N,0.051354,N,0.04479
5trd_chainA,95,V,N,0.269461,N,0.07721
5trd_chainA,96,T,N,0.275609,N,0.126396
5trd_chainA,97,S,N,0.120242,N,0.067283
5trd_chainA,98,G,B,0.450169,N,0.107461
5trd_chainA,99,M,N,0.390254,N,0.143892
5trd_chainA,100,G,B,0.573686,N,0.184949
5trd_chainA,101,E,N,0.418499,N,0.181081
5trd_chainA,102,G,N,0.207666,N,0.074295
5trd_chainA,103,R,N,0.208257,N,0.099576
5trd_chainA,104,Y,N,0.207171,N,0.105561
5trd_chainA,105,Y,N,0.269509,N,0.313318
5trd_chainA,106,V,N,0.051969,N,0.059737
5trd_chainA,107,A,N,0.02464,N,0.034718
5trd_chainA,108,R,N,0.044368,N,0.044815
5trd_chainA,109,K,N,0.044308,N,0.037578
5trd_chainA,110,Q,N,0.066676,N,0.059014
5trd_chainA,111,Y,N,0.126155,N,0.212542
5trd_chainA,112,I,N,0.067774,N,0.061098
5trd_chainA,113,I,N,0.021856,N,0.015526
5trd_chainA,114,Q,N,0.050029,N,0.045779
5trd_chainA,115,F,N,0.029272,N,0.026287
5trd_chainA,116,Q,N,0.050057,N,0.028344
5trd_chainA,117,E,N,0.034326,N,0.022184
5trd_chainA,118,K,N,0.053923,N,0.041129
5trd_chainA,119,L,N,0.08297,N,0.039163
5trd_chainA,120,G,N,0.04961,N,0.02796
5trd_chainA,121,I,N,0.033239,N,0.023813
5trd_chainA,122,I,N,0.081979,N,0.049919
5trd_chainA,123,P,N,0.26701,N,0.092397
5trd_chainA,124,Y,N,0.32657,N,0.088163
5trd_chainA,125,L,N,0.232246,N,0.067496
5trd_chainA,126,G,N,0.263582,N,0.088655
5trd_chainA,127,T,B,0.480549,N,0.2264
5trd_chainA,128,L,N,0.112798,N,0.066559
5trd_chainA,129,N,N,0.202543,N,0.296947
5trd_chainA,130,I,N,0.095953,N,0.167503
5trd_chainA,131,K,N,0.114694,N,0.286161
5trd_chainA,132,V,N,0.047189,N,0.150217
5trd_chainA,133,D,N,0.01343,N,0.09491
5trd_chainA,134,Q,N,0.012275,N,0.110904
5trd_chainA,135,A,N,0.032848,N,0.186477
5trd_chainA,136,S,N,0.03252,N,0.144245
5trd_chainA,137,L,N,0.025114,N,0.033126
5trd_chainA,138,P,N,0.022374,N,0.025255
5trd_chainA,139,E,N,0.0294,N,0.029256
5trd_chainA,140,L,N,0.044679,N,0.051687
5trd_chainA,141,R,N,0.022951,N,0.021316
5trd_chainA,142,K,N,0.028439,N,0.028356
5trd_chainA,143,I,N,0.035426,N,0.036303
5trd_chainA,144,R,N,0.074844,N,0.056844
5trd_chainA,145,G,N,0.038778,N,0.026555
5trd_chainA,146,F,N,0.027999,N,0.030314
5trd_chainA,147,R,N,0.023852,N,0.024837
5trd_chainA,148,G,N,0.022075,N,0.024293
5trd_chainA,149,I,N,0.052555,N,0.035336
5trd_chainA,150,H,N,0.074502,N,0.048465
5trd_chainA,151,I,N,0.077272,N,0.041719
5trd_chainA,152,E,N,0.27098,N,0.09937
5trd_chainA,153,G,N,0.077943,N,0.03781
5trd_chainA,154,F,N,0.141243,N,0.081833
5trd_chainA,155,K,N,0.062007,N,0.040044
5trd_chainA,156,T,N,0.067821,N,0.040084
5trd_chainA,157,E,N,0.085566,N,0.050711
5trd_chainA,158,D,N,0.055991,N,0.038502
5trd_chainA,159,R,N,0.05174,N,0.051974
5trd_chainA,160,T,N,0.052345,N,0.050981
5trd_chainA,161,F,N,0.064642,N,0.065934
5trd_chainA,162,G,N,0.09737,N,0.082986
5trd_chainA,163,S,N,0.068674,N,0.043541
5trd_chainA,164,V,N,0.088029,N,0.04642
5trd_chainA,165,K,N,0.170175,N,0.07627
5trd_chainA,166,A,N,0.09537,N,0.042842
5trd_chainA,167,F,N,0.18918,N,0.065666
5trd_chainA,168,P,N,0.061498,N,0.031894
5trd_chainA,169,A,N,0.05524,N,0.031174
5trd_chainA,170,K,N,0.038656,N,0.026135
5trd_chainA,171,I,N,0.063264,N,0.038363
5trd_chainA,172,Q,N,0.026463,N,0.026623
5trd_chainA,173,N,N,0.047678,N,0.035093
5trd_chainA,174,I,N,0.066484,N,0.054243
5trd_chainA,175,P,N,0.063341,N,0.039746
5trd_chainA,176,C,N,0.025373,N,0.021066
5trd_chainA,177,F,N,0.086731,N,0.041051
5trd_chainA,178,V,N,0.091596,N,0.042353
5trd_chainA,179,I,N,0.277239,N,0.079312
5trd_chainA,180,M,B,0.485471,N,0.124469
5trd_chainA,181,P,B,0.483282,N,0.134746
5trd_chainA,182,E,B,0.420565,N,0.116889
5trd_chainA,183,R,N,0.175718,N,0.066198
5trd_chainA,184,T,N,0.094197,N,0.04614
5trd_chainA,185,V,N,0.038988,N,0.027564
5trd_chainA,186,Y,N,0.11504,N,0.065326
5trd_chainA,187,T,N,0.053691,N,0.034569
5trd_chainA,188,D,N,0.056089,N,0.032008
5trd_chainA,189,V,N,0.072461,N,0.038136
5trd_chainA,190,I,N,0.185446,N,0.079458
5trd_chainA,191,E,N,0.122418,N,0.063605
5trd_chainA,192,I,N,0.399219,N,0.141865
5trd_chainA,193,I,N,0.199437,N,0.075043
5trd_chainA,194,S,N,0.101787,N,0.065391
5trd_chainA,195,D,N,0.028208,N,0.035648
5trd_chainA,196,K,N,0.034084,N,0.035425
5trd_chainA,197,Y,N,0.103814,N,0.075307
5trd_chainA,198,L,N,0.109969,N,0.073735
5trd_chainA,199,R,N,0.086802,N,0.069874
5trd_chainA,200,E,N,0.033793,N,0.034018
5trd_chainA,201,E,N,0.062388,N,0.053696
5trd_chainA,202,I,N,0.189034,N,0.088
5trd_chainA,203,N,N,0.070581,N,0.053122
5trd_chainA,204,L,N,0.068041,N,0.045431
5trd_chainA,205,H,N,0.081734,N,0.057194
5trd_chainA,206,D,N,0.061058,N,0.030918
5trd_chainA,207,G,N,0.082213,N,0.043659
5trd_chainA,208,D,N,0.155412,N,0.058005
5trd_chainA,209,R,N,0.196742,N,0.053254
5trd_chainA,210,V,N,0.098127,N,0.03778
5trd_chainA,211,S,N,0.068922,N,0.047405
5trd_chainA,212,V,N,0.051162,N,0.039205
5trd_chainA,213,E,N,0.061106,N,0.052198
5trd_chainA,214,V,N,0.033666,N,0.031412
5trd_chainA,215,Y,N,0.048388,N,0.050807
5trd_chainA,216,T,N,0.015316,N,0.013701
5trd_chainA,217,E,N,0.013725,N,0.016401
5trd_chainA,218,G,N,0.012413,N,0.012305
5trd_chainA,219,H,N,0.05945,N,0.060424
