Prot.ID,NO,Residue,ATPseq Binding Sites,ATPseq Probability,ATPbind Binding Sites,ATPbind Probability
6aaz_chainA,1,P,N,0.01317,N,0.009753
6aaz_chainA,2,A,N,0.008107,N,0.006372
6aaz_chainA,3,L,N,0.019839,N,0.01272
6aaz_chainA,4,T,N,0.015084,N,0.010093
6aaz_chainA,5,K,N,0.013755,N,0.01148
6aaz_chainA,6,S,N,0.008712,N,0.007049
6aaz_chainA,7,Q,N,0.014045,N,0.011835
6aaz_chainA,8,T,N,0.013897,N,0.01074
6aaz_chainA,9,D,N,0.021453,N,0.021233
6aaz_chainA,10,R,N,0.022503,N,0.02762
6aaz_chainA,11,L,N,0.011396,N,0.009453
6aaz_chainA,12,E,N,0.024279,N,0.023873
6aaz_chainA,13,V,N,0.026738,N,0.022809
6aaz_chainA,14,L,N,0.040888,N,0.036239
6aaz_chainA,15,L,N,0.040995,N,0.033493
6aaz_chainA,16,N,N,0.017797,N,0.018717
6aaz_chainA,17,P,N,0.038047,N,0.028351
6aaz_chainA,18,K,N,0.02791,N,0.028522
6aaz_chainA,19,D,N,0.050151,N,0.044806
6aaz_chainA,20,E,N,0.041036,N,0.030825
6aaz_chainA,21,I,N,0.034129,N,0.018186
6aaz_chainA,22,S,N,0.042379,N,0.030911
6aaz_chainA,23,L,N,0.042357,N,0.026654
6aaz_chainA,24,N,N,0.043648,N,0.040916
6aaz_chainA,25,S,N,0.024739,N,0.017669
6aaz_chainA,26,G,N,0.021275,N,0.021598
6aaz_chainA,27,K,N,0.042365,N,0.034653
6aaz_chainA,28,P,N,0.031838,N,0.02503
6aaz_chainA,29,F,N,0.032161,N,0.024304
6aaz_chainA,30,R,N,0.06187,N,0.049068
6aaz_chainA,31,E,N,0.030918,N,0.023562
6aaz_chainA,32,L,N,0.048504,N,0.031944
6aaz_chainA,33,E,N,0.038165,N,0.024478
6aaz_chainA,34,S,N,0.027199,N,0.019599
6aaz_chainA,35,E,N,0.042662,N,0.025815
6aaz_chainA,36,L,N,0.027227,N,0.021838
6aaz_chainA,37,L,N,0.045707,N,0.037826
6aaz_chainA,38,S,N,0.047338,N,0.035108
6aaz_chainA,39,R,N,0.063189,N,0.043893
6aaz_chainA,40,R,N,0.03405,N,0.032802
6aaz_chainA,41,K,N,0.02861,N,0.028739
6aaz_chainA,42,K,N,0.055125,N,0.039672
6aaz_chainA,43,D,N,0.04675,N,0.03301
6aaz_chainA,44,L,N,0.036367,N,0.029553
6aaz_chainA,45,Q,N,0.033123,N,0.028375
6aaz_chainA,46,Q,N,0.051467,N,0.04073
6aaz_chainA,47,I,N,0.046738,N,0.031702
6aaz_chainA,48,Y,N,0.05806,N,0.03914
6aaz_chainA,49,A,N,0.025112,N,0.017441
6aaz_chainA,50,E,N,0.021395,N,0.022686
6aaz_chainA,51,E,N,0.015539,N,0.018188
6aaz_chainA,52,R,N,0.040701,N,0.03241
6aaz_chainA,53,E,N,0.024407,N,0.020238
6aaz_chainA,54,N,N,0.030702,N,0.030695
6aaz_chainA,55,Y,N,0.017392,N,0.017254
6aaz_chainA,56,L,N,0.026313,N,0.02517
6aaz_chainA,57,G,N,0.021783,N,0.019344
6aaz_chainA,58,K,N,0.016863,N,0.017588
6aaz_chainA,59,L,N,0.02106,N,0.017601
6aaz_chainA,60,E,N,0.025473,N,0.017884
6aaz_chainA,61,R,N,0.048878,N,0.032815
6aaz_chainA,62,E,N,0.055025,N,0.044711
6aaz_chainA,63,I,N,0.040415,N,0.029949
6aaz_chainA,64,T,N,0.031247,N,0.024723
6aaz_chainA,65,R,N,0.026481,N,0.02452
6aaz_chainA,66,F,N,0.025113,N,0.02074
6aaz_chainA,67,F,N,0.034893,N,0.029325
6aaz_chainA,68,V,N,0.024492,N,0.021882
6aaz_chainA,69,D,N,0.039155,N,0.030205
6aaz_chainA,70,R,N,0.024828,N,0.020435
6aaz_chainA,71,G,N,0.022049,N,0.020785
6aaz_chainA,72,F,N,0.028444,N,0.03273
6aaz_chainA,73,L,N,0.030497,N,0.026544
6aaz_chainA,74,E,N,0.055277,N,0.03583
6aaz_chainA,75,I,N,0.044268,N,0.033622
6aaz_chainA,76,K,N,0.036771,N,0.026848
6aaz_chainA,77,S,N,0.043244,N,0.031178
6aaz_chainA,78,P,N,0.044524,N,0.040093
6aaz_chainA,79,I,N,0.020381,N,0.022174
6aaz_chainA,80,L,N,0.022051,N,0.031576
6aaz_chainA,81,I,N,0.018924,N,0.02059
6aaz_chainA,82,P,N,0.012871,N,0.016184
6aaz_chainA,83,L,N,0.017709,N,0.017744
6aaz_chainA,84,E,N,0.026594,N,0.024973
6aaz_chainA,85,Y,N,0.020581,N,0.020512
6aaz_chainA,86,I,N,0.025597,N,0.02353
6aaz_chainA,87,E,N,0.026935,N,0.025913
6aaz_chainA,88,R,N,0.033739,N,0.033187
6aaz_chainA,89,M,N,0.028035,N,0.023655
6aaz_chainA,90,G,N,0.024892,N,0.019231
6aaz_chainA,91,I,N,0.016048,N,0.012097
6aaz_chainA,92,D,N,0.019229,N,0.017875
6aaz_chainA,93,N,N,0.049462,N,0.036792
6aaz_chainA,94,E,N,0.031293,N,0.020574
6aaz_chainA,95,L,N,0.047432,N,0.029936
6aaz_chainA,96,S,N,0.07811,N,0.045427
6aaz_chainA,97,K,N,0.090878,N,0.055567
6aaz_chainA,98,Q,N,0.072878,N,0.039128
6aaz_chainA,99,I,N,0.068513,N,0.048329
6aaz_chainA,100,F,N,0.058725,N,0.040783
6aaz_chainA,101,R,N,0.041191,N,0.028745
6aaz_chainA,102,V,N,0.027787,N,0.025924
6aaz_chainA,103,D,N,0.025593,N,0.02592
6aaz_chainA,104,K,N,0.024517,N,0.027363
6aaz_chainA,105,N,N,0.025558,N,0.027655
6aaz_chainA,106,F,N,0.043659,N,0.040061
6aaz_chainA,107,C,N,0.058411,N,0.042003
6aaz_chainA,108,L,N,0.044695,N,0.035517
6aaz_chainA,109,R,N,0.142331,N,0.103531
6aaz_chainA,110,P,N,0.027082,N,0.029169
6aaz_chainA,111,M,N,0.054473,N,0.043534
6aaz_chainA,112,L,N,0.011782,N,0.014812
6aaz_chainA,113,A,N,0.045087,N,0.030876
6aaz_chainA,114,P,N,0.030529,N,0.024516
6aaz_chainA,115,N,N,0.021383,N,0.018094
6aaz_chainA,116,L,N,0.034664,N,0.03042
6aaz_chainA,117,A,N,0.039802,N,0.031489
6aaz_chainA,118,N,N,0.074774,N,0.049824
6aaz_chainA,119,Y,N,0.023227,N,0.024434
6aaz_chainA,120,L,N,0.01654,N,0.023914
6aaz_chainA,121,R,N,0.055692,N,0.044355
6aaz_chainA,122,K,N,0.036713,N,0.025894
6aaz_chainA,123,L,N,0.050108,N,0.039461
6aaz_chainA,124,D,N,0.036269,N,0.028694
6aaz_chainA,125,R,N,0.022794,N,0.024434
6aaz_chainA,126,A,N,0.023311,N,0.023799
6aaz_chainA,127,L,N,0.045472,N,0.039545
6aaz_chainA,128,P,N,0.033647,N,0.032674
6aaz_chainA,129,D,N,0.036286,N,0.037365
6aaz_chainA,130,P,N,0.053605,N,0.038816
6aaz_chainA,131,I,N,0.032615,N,0.026332
6aaz_chainA,132,K,N,0.050833,N,0.045665
6aaz_chainA,133,I,N,0.034235,N,0.031698
6aaz_chainA,134,F,N,0.048766,N,0.041018
6aaz_chainA,135,E,N,0.063487,N,0.045595
6aaz_chainA,136,I,N,0.070581,N,0.045519
6aaz_chainA,137,G,N,0.057659,N,0.039837
6aaz_chainA,138,P,N,0.044679,N,0.040263
6aaz_chainA,139,C,N,0.099553,N,0.061381
6aaz_chainA,140,Y,N,0.068272,N,0.063616
6aaz_chainA,141,R,B,0.782033,B,0.678712
6aaz_chainA,142,K,N,0.073407,N,0.06873
6aaz_chainA,143,E,B,0.688231,B,0.64144
6aaz_chainA,144,S,N,0.064285,N,0.063125
6aaz_chainA,145,D,N,0.081945,N,0.062027
6aaz_chainA,146,G,N,0.091233,N,0.070803
6aaz_chainA,147,K,N,0.103511,N,0.081394
6aaz_chainA,148,E,N,0.135232,N,0.155598
6aaz_chainA,149,H,B,0.708972,B,0.621165
6aaz_chainA,150,L,B,0.548332,B,0.547444
6aaz_chainA,151,E,N,0.074246,N,0.079501
6aaz_chainA,152,E,N,0.077375,N,0.069144
6aaz_chainA,153,F,B,0.849811,B,0.721711
6aaz_chainA,154,T,N,0.071905,N,0.04514
6aaz_chainA,155,M,B,0.745385,B,0.643644
6aaz_chainA,156,L,N,0.050504,N,0.04107
6aaz_chainA,157,N,N,0.048403,N,0.043524
6aaz_chainA,158,F,N,0.053438,N,0.044305
6aaz_chainA,159,C,N,0.041103,N,0.036724
6aaz_chainA,160,Q,N,0.081605,N,0.047962
6aaz_chainA,161,M,N,0.036447,N,0.028061
6aaz_chainA,162,G,N,0.06472,N,0.044751
6aaz_chainA,163,S,N,0.029893,N,0.028026
6aaz_chainA,164,G,N,0.026604,N,0.026527
6aaz_chainA,165,C,N,0.031303,N,0.035156
6aaz_chainA,166,T,N,0.033242,N,0.033478
6aaz_chainA,167,R,N,0.038757,N,0.034725
6aaz_chainA,168,E,N,0.011539,N,0.016171
6aaz_chainA,169,N,N,0.027979,N,0.022367
6aaz_chainA,170,L,N,0.030995,N,0.026439
6aaz_chainA,171,E,N,0.039912,N,0.020745
6aaz_chainA,172,S,N,0.029914,N,0.021824
6aaz_chainA,173,I,N,0.031292,N,0.024367
6aaz_chainA,174,I,N,0.011477,N,0.012824
6aaz_chainA,175,T,N,0.015086,N,0.01761
6aaz_chainA,176,D,N,0.017396,N,0.016114
6aaz_chainA,177,F,N,0.020001,N,0.017987
6aaz_chainA,178,L,N,0.016883,N,0.016633
6aaz_chainA,179,N,N,0.020804,N,0.020138
6aaz_chainA,180,H,N,0.022272,N,0.022812
6aaz_chainA,181,L,N,0.023339,N,0.018893
6aaz_chainA,182,G,N,0.025058,N,0.023296
6aaz_chainA,183,I,N,0.014023,N,0.014768
6aaz_chainA,184,D,N,0.025729,N,0.033246
6aaz_chainA,185,F,N,0.027811,N,0.020694
6aaz_chainA,186,K,N,0.024008,N,0.018584
6aaz_chainA,187,I,N,0.030041,N,0.020419
6aaz_chainA,188,V,N,0.060631,N,0.033327
6aaz_chainA,189,G,N,0.058169,N,0.02933
6aaz_chainA,190,D,N,0.047844,N,0.030078
6aaz_chainA,191,S,N,0.058019,N,0.046859
6aaz_chainA,192,C,N,0.040327,N,0.03378
6aaz_chainA,193,M,N,0.032384,N,0.028184
6aaz_chainA,194,V,N,0.038257,N,0.024977
6aaz_chainA,195,F,N,0.08483,N,0.043987
6aaz_chainA,196,G,N,0.045485,N,0.027533
6aaz_chainA,197,D,N,0.041403,N,0.027774
6aaz_chainA,198,T,N,0.034411,N,0.034494
6aaz_chainA,199,L,N,0.065819,N,0.052367
6aaz_chainA,200,D,N,0.062675,N,0.042986
6aaz_chainA,201,V,N,0.064583,N,0.036233
6aaz_chainA,202,M,N,0.081754,N,0.036134
6aaz_chainA,203,H,N,0.099009,N,0.044907
6aaz_chainA,204,G,N,0.028857,N,0.026776
6aaz_chainA,205,D,N,0.104449,N,0.091796
6aaz_chainA,206,L,N,0.076113,N,0.091932
6aaz_chainA,207,E,B,0.665454,B,0.919527
6aaz_chainA,208,L,N,0.406791,B,0.904961
6aaz_chainA,209,S,N,0.256099,B,0.814167
6aaz_chainA,210,S,N,0.194435,B,0.79901
6aaz_chainA,211,A,N,0.040576,N,0.056605
6aaz_chainA,212,V,N,0.029938,N,0.040585
6aaz_chainA,213,V,N,0.042466,N,0.051925
6aaz_chainA,214,G,N,0.054117,N,0.046936
6aaz_chainA,215,P,N,0.028281,N,0.032283
6aaz_chainA,216,I,N,0.075801,N,0.032786
6aaz_chainA,217,P,N,0.037355,N,0.03146
6aaz_chainA,218,L,N,0.043872,N,0.028325
6aaz_chainA,219,D,N,0.038588,N,0.023586
6aaz_chainA,220,R,N,0.077957,N,0.040793
6aaz_chainA,221,E,N,0.064902,N,0.032498
6aaz_chainA,222,W,N,0.047064,N,0.039222
6aaz_chainA,223,G,N,0.078976,N,0.056187
6aaz_chainA,224,I,N,0.015629,N,0.014116
6aaz_chainA,225,D,N,0.023489,N,0.026053
6aaz_chainA,226,K,N,0.031613,N,0.029657
6aaz_chainA,227,P,N,0.033788,N,0.030859
6aaz_chainA,228,W,N,0.023112,N,0.019251
6aaz_chainA,229,I,N,0.015992,N,0.021155
6aaz_chainA,230,G,N,0.026493,N,0.02947
6aaz_chainA,231,A,N,0.037882,N,0.029412
6aaz_chainA,232,G,N,0.373559,N,0.203727
6aaz_chainA,233,F,N,0.080813,N,0.055517
6aaz_chainA,234,G,B,0.534442,B,0.751458
6aaz_chainA,235,L,N,0.03139,N,0.036124
6aaz_chainA,236,E,N,0.062362,N,0.064889
6aaz_chainA,237,R,B,0.654892,B,0.792624
6aaz_chainA,238,L,N,0.045012,N,0.036551
6aaz_chainA,239,L,N,0.022153,N,0.026142
6aaz_chainA,240,K,N,0.039279,N,0.027609
6aaz_chainA,241,V,N,0.02739,N,0.026315
6aaz_chainA,242,K,N,0.072349,N,0.048602
6aaz_chainA,243,H,N,0.033598,N,0.023183
6aaz_chainA,244,D,N,0.093701,N,0.059369
6aaz_chainA,245,F,N,0.029043,N,0.02471
6aaz_chainA,246,K,N,0.044846,N,0.032045
6aaz_chainA,247,N,N,0.077198,N,0.038341
6aaz_chainA,248,I,N,0.049011,N,0.029222
6aaz_chainA,249,K,N,0.051018,N,0.03698
6aaz_chainA,250,R,N,0.031965,N,0.022629
6aaz_chainA,251,A,N,0.017476,N,0.015176
6aaz_chainA,252,A,N,0.013633,N,0.013714
6aaz_chainA,253,R,N,0.02808,N,0.021482
6aaz_chainA,254,S,N,0.01497,N,0.01465
6aaz_chainA,255,G,N,0.023845,N,0.018413
6aaz_chainA,256,S,N,0.017293,N,0.015331
6aaz_chainA,257,Y,N,0.022325,N,0.019551
6aaz_chainA,258,Y,N,0.026266,N,0.023419
6aaz_chainA,259,N,N,0.027937,N,0.020945
6aaz_chainA,260,G,N,0.014433,N,0.011584
6aaz_chainA,261,I,N,0.029766,N,0.020466
6aaz_chainA,262,S,N,0.009118,N,0.009798
6aaz_chainA,263,T,N,0.007365,N,0.0083
6aaz_chainA,264,N,N,0.023088,N,0.024157
6aaz_chainA,265,L,N,0.017462,N,0.016114
