Prot.ID,NO,Residue,ATPseq Binding Sites,ATPseq Probability,ATPbind Binding Sites,ATPbind Probability
6cau_chainA,1,H,N,0.03515,N,0.04069
6cau_chainA,2,H,N,0.049706,N,0.04486
6cau_chainA,3,H,N,0.053356,N,0.043118
6cau_chainA,4,M,N,0.092405,N,0.067975
6cau_chainA,5,R,N,0.074146,N,0.047992
6cau_chainA,6,R,N,0.080555,N,0.045171
6cau_chainA,7,I,N,0.041656,N,0.030675
6cau_chainA,8,K,N,0.017911,N,0.023065
6cau_chainA,9,H,N,0.030917,N,0.029528
6cau_chainA,10,I,N,0.037738,N,0.03165
6cau_chainA,11,H,N,0.009631,N,0.017131
6cau_chainA,12,F,N,0.031421,N,0.04197
6cau_chainA,13,V,N,0.025898,N,0.161073
6cau_chainA,14,G,N,0.08785,B,0.42667
6cau_chainA,15,I,N,0.08119,N,0.246577
6cau_chainA,16,G,N,0.074436,N,0.29874
6cau_chainA,17,G,N,0.083115,N,0.268885
6cau_chainA,18,A,N,0.173528,N,0.236657
6cau_chainA,19,G,N,0.077211,N,0.081467
6cau_chainA,20,M,N,0.079726,N,0.060971
6cau_chainA,21,C,N,0.089456,N,0.057515
6cau_chainA,22,G,N,0.038172,N,0.029646
6cau_chainA,23,I,N,0.03033,N,0.02728
6cau_chainA,24,A,N,0.052625,N,0.036417
6cau_chainA,25,E,N,0.022546,N,0.022497
6cau_chainA,26,V,N,0.018586,N,0.015875
6cau_chainA,27,L,N,0.028327,N,0.023507
6cau_chainA,28,A,N,0.020311,N,0.018808
6cau_chainA,29,N,N,0.034727,N,0.031447
6cau_chainA,30,Q,N,0.027346,N,0.026223
6cau_chainA,31,G,N,0.030422,N,0.022571
6cau_chainA,32,Y,N,0.021379,N,0.01729
6cau_chainA,33,K,N,0.039552,N,0.031897
6cau_chainA,34,I,N,0.091857,N,0.040602
6cau_chainA,35,S,N,0.040573,N,0.035284
6cau_chainA,36,G,N,0.053195,N,0.051796
6cau_chainA,37,S,N,0.057411,N,0.168372
6cau_chainA,38,D,N,0.183888,B,0.725815
6cau_chainA,39,I,N,0.048613,B,0.449704
6cau_chainA,40,K,N,0.057679,B,0.423363
6cau_chainA,41,A,N,0.023623,N,0.048733
6cau_chainA,42,S,N,0.037435,N,0.055344
6cau_chainA,43,K,N,0.040811,N,0.055888
6cau_chainA,44,T,N,0.02095,N,0.069783
6cau_chainA,45,T,N,0.021547,N,0.027437
6cau_chainA,46,Q,N,0.028327,N,0.026345
6cau_chainA,47,Q,N,0.010601,N,0.015383
6cau_chainA,48,L,N,0.033157,N,0.034696
6cau_chainA,49,E,N,0.04863,N,0.04392
6cau_chainA,50,E,N,0.057255,N,0.033932
6cau_chainA,51,N,N,0.031989,N,0.024658
6cau_chainA,52,G,N,0.053875,N,0.040925
6cau_chainA,53,I,N,0.048918,N,0.03063
6cau_chainA,54,K,N,0.032046,N,0.022905
6cau_chainA,55,V,N,0.033184,N,0.021132
6cau_chainA,56,Y,N,0.031459,N,0.028966
6cau_chainA,57,I,N,0.046172,N,0.057128
6cau_chainA,58,G,N,0.030519,N,0.101727
6cau_chainA,59,H,N,0.041063,N,0.293711
6cau_chainA,60,E,N,0.037635,N,0.065517
6cau_chainA,61,A,N,0.027758,N,0.037143
6cau_chainA,62,E,N,0.028918,N,0.026388
6cau_chainA,63,N,N,0.027221,N,0.020351
6cau_chainA,64,I,N,0.029428,N,0.024116
6cau_chainA,65,K,N,0.016177,N,0.015633
6cau_chainA,66,N,N,0.031091,N,0.027596
6cau_chainA,67,A,N,0.01154,N,0.014274
6cau_chainA,68,N,N,0.013215,N,0.018603
6cau_chainA,69,V,N,0.011973,N,0.013213
6cau_chainA,70,L,N,0.027396,N,0.028763
6cau_chainA,71,V,N,0.039762,N,0.033012
6cau_chainA,72,V,N,0.035141,N,0.040161
6cau_chainA,73,S,N,0.043709,N,0.09723
6cau_chainA,74,T,N,0.041572,N,0.169719
6cau_chainA,75,A,N,0.092335,N,0.139416
6cau_chainA,76,I,N,0.149534,N,0.160871
6cau_chainA,77,D,N,0.029349,N,0.03152
6cau_chainA,78,P,N,0.013709,N,0.017399
6cau_chainA,79,E,N,0.044359,N,0.043063
6cau_chainA,80,N,N,0.041253,N,0.183919
6cau_chainA,81,P,N,0.036785,N,0.037628
6cau_chainA,82,E,N,0.045715,N,0.036461
6cau_chainA,83,V,N,0.035394,N,0.035772
6cau_chainA,84,K,N,0.038963,N,0.032189
6cau_chainA,85,A,N,0.034028,N,0.028267
6cau_chainA,86,A,N,0.028628,N,0.021299
6cau_chainA,87,I,N,0.057884,N,0.057502
6cau_chainA,88,E,N,0.049687,N,0.026974
6cau_chainA,89,Q,N,0.048761,N,0.027069
6cau_chainA,90,R,N,0.041437,N,0.027622
6cau_chainA,91,I,N,0.024023,N,0.020937
6cau_chainA,92,P,N,0.032948,N,0.025461
6cau_chainA,93,I,N,0.03975,N,0.041057
6cau_chainA,94,V,N,0.03416,N,0.032026
6cau_chainA,95,R,N,0.019136,N,0.026414
6cau_chainA,96,R,N,0.070477,N,0.077609
6cau_chainA,97,A,N,0.026558,N,0.059989
6cau_chainA,98,E,N,0.046599,N,0.090551
6cau_chainA,99,M,N,0.044713,N,0.032087
6cau_chainA,100,L,N,0.027917,N,0.026311
6cau_chainA,101,G,N,0.0396,N,0.036841
6cau_chainA,102,E,N,0.029665,N,0.027238
6cau_chainA,103,L,N,0.035553,N,0.029735
6cau_chainA,104,M,N,0.014823,N,0.014386
6cau_chainA,105,R,N,0.020735,N,0.018193
6cau_chainA,106,Y,N,0.021317,N,0.020054
6cau_chainA,107,R,N,0.023446,N,0.025176
6cau_chainA,108,H,N,0.022278,N,0.026071
6cau_chainA,109,G,N,0.026305,N,0.030519
6cau_chainA,110,I,N,0.042431,N,0.0372
6cau_chainA,111,A,N,0.029575,N,0.027246
6cau_chainA,112,V,N,0.158221,N,0.072204
6cau_chainA,113,A,B,0.449907,N,0.152802
6cau_chainA,114,G,B,0.707056,N,0.252052
6cau_chainA,115,T,B,0.732415,B,0.485905
6cau_chainA,116,H,B,0.796401,B,0.72473
6cau_chainA,117,G,B,0.907665,B,0.891949
6cau_chainA,118,K,B,0.964665,B,0.921548
6cau_chainA,119,T,B,0.909594,B,0.90581
6cau_chainA,120,T,B,0.859522,B,0.867158
6cau_chainA,121,T,N,0.147988,N,0.090775
6cau_chainA,122,T,N,0.075498,N,0.064589
6cau_chainA,123,S,N,0.098716,N,0.212182
6cau_chainA,124,L,N,0.046073,N,0.069176
6cau_chainA,125,L,N,0.016394,N,0.035928
6cau_chainA,126,T,N,0.016741,N,0.031023
6cau_chainA,127,T,N,0.00792,N,0.017954
6cau_chainA,128,M,N,0.018713,N,0.023342
6cau_chainA,129,L,N,0.019019,N,0.044475
6cau_chainA,130,A,N,0.018744,N,0.041148
6cau_chainA,131,E,N,0.018575,N,0.021956
6cau_chainA,132,E,N,0.016567,N,0.015762
6cau_chainA,133,N,N,0.040894,N,0.032536
6cau_chainA,134,L,N,0.025529,N,0.026203
6cau_chainA,135,D,N,0.027404,N,0.030292
6cau_chainA,136,P,N,0.025317,N,0.025116
6cau_chainA,137,T,N,0.031559,N,0.04039
6cau_chainA,138,Y,N,0.025808,N,0.035563
6cau_chainA,139,V,N,0.016567,N,0.019914
6cau_chainA,140,I,N,0.031073,N,0.022099
6cau_chainA,141,G,N,0.170717,N,0.07907
6cau_chainA,142,G,N,0.196381,N,0.095895
6cau_chainA,143,L,N,0.157361,N,0.093057
6cau_chainA,144,L,N,0.061392,N,0.135754
6cau_chainA,145,N,N,0.060107,N,0.05461
6cau_chainA,146,S,N,0.023277,N,0.016842
6cau_chainA,147,T,N,0.040858,N,0.030959
6cau_chainA,148,G,N,0.042938,N,0.030394
6cau_chainA,149,V,N,0.045368,N,0.036897
6cau_chainA,150,N,N,0.050917,N,0.042472
6cau_chainA,151,A,N,0.015897,N,0.014981
6cau_chainA,152,A,N,0.030704,N,0.029286
6cau_chainA,153,L,N,0.021811,N,0.015278
6cau_chainA,154,G,N,0.018827,N,0.012589
6cau_chainA,155,E,N,0.013556,N,0.011471
6cau_chainA,156,S,N,0.019756,N,0.014337
6cau_chainA,157,R,N,0.020825,N,0.016019
6cau_chainA,158,F,N,0.022713,N,0.020761
6cau_chainA,159,I,N,0.010153,N,0.008678
6cau_chainA,160,V,N,0.067337,N,0.034634
6cau_chainA,161,A,N,0.096617,N,0.042419
6cau_chainA,162,E,N,0.392893,N,0.196266
6cau_chainA,163,A,N,0.108732,N,0.039622
6cau_chainA,164,D,N,0.28062,N,0.111246
6cau_chainA,165,E,N,0.22504,N,0.114912
6cau_chainA,166,S,N,0.164385,N,0.102551
6cau_chainA,167,D,N,0.087798,N,0.072163
6cau_chainA,168,A,N,0.024234,N,0.034256
6cau_chainA,169,S,N,0.030766,N,0.067167
6cau_chainA,170,F,N,0.021824,N,0.026295
6cau_chainA,171,L,N,0.029074,N,0.02845
6cau_chainA,172,Y,N,0.039819,N,0.036677
6cau_chainA,173,L,N,0.023743,N,0.023533
6cau_chainA,174,Q,N,0.021243,N,0.026512
6cau_chainA,175,P,N,0.015881,N,0.016816
6cau_chainA,176,M,N,0.031813,N,0.025882
6cau_chainA,177,A,N,0.015816,N,0.016943
6cau_chainA,178,A,N,0.034887,N,0.025127
6cau_chainA,179,I,N,0.034413,N,0.021745
6cau_chainA,180,V,N,0.121706,N,0.056989
6cau_chainA,181,T,N,0.121012,N,0.064526
6cau_chainA,182,N,B,0.467981,N,0.268509
6cau_chainA,183,I,N,0.086921,N,0.053571
6cau_chainA,184,D,N,0.155466,N,0.099779
6cau_chainA,185,A,N,0.030008,N,0.035872
6cau_chainA,186,D,N,0.078939,N,0.069073
6cau_chainA,187,G,N,0.052595,N,0.046171
6cau_chainA,188,S,N,0.042603,N,0.045055
6cau_chainA,189,F,N,0.048769,N,0.038582
6cau_chainA,190,D,N,0.064874,N,0.038609
6cau_chainA,191,K,N,0.042057,N,0.036007
6cau_chainA,192,L,N,0.072877,N,0.047377
6cau_chainA,193,K,N,0.038677,N,0.022358
6cau_chainA,194,D,N,0.022358,N,0.017909
6cau_chainA,195,T,N,0.037438,N,0.024606
6cau_chainA,196,F,N,0.045586,N,0.037955
6cau_chainA,197,V,N,0.017822,N,0.013477
6cau_chainA,198,Q,N,0.019454,N,0.016665
6cau_chainA,199,F,N,0.041627,N,0.034769
6cau_chainA,200,L,N,0.026543,N,0.023305
6cau_chainA,201,H,N,0.042501,N,0.028709
6cau_chainA,202,N,N,0.032217,N,0.025034
6cau_chainA,203,L,N,0.017968,N,0.013693
6cau_chainA,204,P,N,0.024601,N,0.027158
6cau_chainA,205,F,N,0.02328,N,0.019362
6cau_chainA,206,Y,N,0.018159,N,0.015459
6cau_chainA,207,G,N,0.023937,N,0.022727
6cau_chainA,208,L,N,0.031255,N,0.024847
6cau_chainA,209,A,N,0.027388,N,0.023969
6cau_chainA,210,V,N,0.041627,N,0.035804
6cau_chainA,211,V,N,0.035383,N,0.025992
6cau_chainA,212,C,N,0.062714,N,0.060601
6cau_chainA,213,G,N,0.048611,N,0.033691
6cau_chainA,214,D,N,0.12724,N,0.080083
6cau_chainA,215,D,N,0.068882,N,0.054369
6cau_chainA,216,A,N,0.024346,N,0.023915
6cau_chainA,217,N,N,0.025797,N,0.026688
6cau_chainA,218,I,N,0.037906,N,0.022447
6cau_chainA,219,R,N,0.061615,N,0.047478
6cau_chainA,220,E,N,0.032883,N,0.035065
6cau_chainA,221,I,N,0.041666,N,0.034629
6cau_chainA,222,L,N,0.027687,N,0.026826
6cau_chainA,223,P,N,0.026505,N,0.022457
6cau_chainA,224,R,N,0.039247,N,0.028941
6cau_chainA,225,V,N,0.022807,N,0.018031
6cau_chainA,226,G,N,0.038708,N,0.030004
6cau_chainA,227,R,N,0.065518,N,0.041574
6cau_chainA,228,P,N,0.05422,N,0.033952
6cau_chainA,229,V,N,0.097686,N,0.062366
6cau_chainA,230,I,N,0.072055,N,0.058449
6cau_chainA,231,T,N,0.032812,N,0.03322
6cau_chainA,232,Y,N,0.202334,B,0.381227
6cau_chainA,233,G,N,0.055459,N,0.164215
6cau_chainA,234,F,N,0.04539,N,0.151955
6cau_chainA,235,N,N,0.068603,N,0.096936
6cau_chainA,236,E,N,0.018962,N,0.02288
6cau_chainA,237,D,N,0.041161,N,0.053414
6cau_chainA,238,N,N,0.033646,N,0.034085
6cau_chainA,239,D,N,0.06871,N,0.070723
6cau_chainA,240,I,N,0.052666,N,0.061455
6cau_chainA,241,R,N,0.036761,N,0.054062
6cau_chainA,242,A,N,0.02941,N,0.208017
6cau_chainA,243,I,N,0.025765,N,0.208122
6cau_chainA,244,D,N,0.025566,N,0.069745
6cau_chainA,245,V,N,0.035438,N,0.351019
6cau_chainA,246,E,N,0.030965,N,0.055927
6cau_chainA,247,Q,N,0.024794,N,0.047042
6cau_chainA,248,D,N,0.020866,N,0.030629
6cau_chainA,249,G,N,0.016745,N,0.019711
6cau_chainA,250,M,N,0.018834,N,0.025429
6cau_chainA,251,R,N,0.039621,N,0.040205
6cau_chainA,252,S,N,0.027071,N,0.028356
6cau_chainA,253,H,N,0.041142,N,0.096912
6cau_chainA,254,F,N,0.035758,N,0.03192
6cau_chainA,255,T,N,0.040559,N,0.09936
6cau_chainA,256,V,N,0.033129,N,0.022619
6cau_chainA,257,L,N,0.053376,N,0.076015
6cau_chainA,258,R,N,0.016776,N,0.021092
6cau_chainA,259,K,N,0.030364,N,0.040088
6cau_chainA,260,G,N,0.043253,N,0.045901
6cau_chainA,261,R,N,0.05279,N,0.040888
6cau_chainA,262,E,N,0.050755,N,0.038162
6cau_chainA,263,P,N,0.032728,N,0.02887
6cau_chainA,264,L,N,0.036054,N,0.025481
6cau_chainA,265,R,N,0.123794,N,0.064342
6cau_chainA,266,L,N,0.087553,N,0.040968
6cau_chainA,267,T,N,0.046021,N,0.038778
6cau_chainA,268,I,N,0.119961,N,0.064935
6cau_chainA,269,N,N,0.11038,N,0.061128
6cau_chainA,270,Q,N,0.054164,N,0.051804
6cau_chainA,271,P,N,0.059879,N,0.06449
6cau_chainA,272,G,N,0.080221,N,0.122495
6cau_chainA,273,L,N,0.068565,N,0.127289
6cau_chainA,274,H,B,0.773181,B,0.60695
6cau_chainA,275,N,N,0.161855,N,0.185128
6cau_chainA,276,V,N,0.031287,N,0.095777
6cau_chainA,277,L,N,0.051413,N,0.136948
6cau_chainA,278,N,B,0.65899,B,0.737575
6cau_chainA,279,A,N,0.048679,N,0.049917
6cau_chainA,280,L,N,0.02573,N,0.052408
6cau_chainA,281,A,N,0.05351,N,0.067034
6cau_chainA,282,A,N,0.047551,N,0.050107
6cau_chainA,283,I,N,0.021266,N,0.028698
6cau_chainA,284,G,N,0.026316,N,0.036382
6cau_chainA,285,V,N,0.025467,N,0.027752
6cau_chainA,286,A,N,0.017808,N,0.0228
6cau_chainA,287,T,N,0.020458,N,0.034366
6cau_chainA,288,D,N,0.021697,N,0.02769
6cau_chainA,289,E,N,0.037132,N,0.034023
6cau_chainA,290,G,N,0.058535,N,0.040148
6cau_chainA,291,V,N,0.049922,N,0.037145
6cau_chainA,292,S,N,0.033514,N,0.032356
6cau_chainA,293,D,N,0.059125,N,0.043034
6cau_chainA,294,E,N,0.033813,N,0.028321
6cau_chainA,295,A,N,0.022971,N,0.029742
6cau_chainA,296,I,N,0.047138,N,0.039286
6cau_chainA,297,S,N,0.031085,N,0.041701
6cau_chainA,298,R,N,0.027806,N,0.032488
6cau_chainA,299,A,N,0.037353,N,0.029636
6cau_chainA,300,L,N,0.054004,N,0.058098
6cau_chainA,301,K,N,0.017324,N,0.020338
6cau_chainA,302,G,N,0.031858,N,0.031718
6cau_chainA,303,F,N,0.046374,N,0.039206
6cau_chainA,304,S,N,0.015387,N,0.018555
6cau_chainA,305,G,N,0.025404,N,0.024255
6cau_chainA,306,V,N,0.032845,N,0.026769
6cau_chainA,307,G,N,0.032588,N,0.03615
