Prot.ID,NO,Residue,ATPseq Binding Sites,ATPseq Probability,ATPbind Binding Sites,ATPbind Probability
6ksh_chainD,1,G,N,0.029144,N,0.026006
6ksh_chainD,2,A,N,0.031517,N,0.024355
6ksh_chainD,3,S,N,0.040046,N,0.036491
6ksh_chainD,4,M,N,0.019512,N,0.015754
6ksh_chainD,5,Q,N,0.048391,N,0.044559
6ksh_chainD,6,S,N,0.026202,N,0.021162
6ksh_chainD,7,A,N,0.048985,N,0.03713
6ksh_chainD,8,A,N,0.018949,N,0.013837
6ksh_chainD,9,N,N,0.038828,N,0.046123
6ksh_chainD,10,I,N,0.030228,N,0.019533
6ksh_chainD,11,T,N,0.034814,N,0.025134
6ksh_chainD,12,L,N,0.02601,N,0.014758
6ksh_chainD,13,R,N,0.042023,N,0.028134
6ksh_chainD,14,Q,N,0.061015,N,0.050468
6ksh_chainD,15,I,N,0.037447,N,0.023025
6ksh_chainD,16,L,N,0.045929,N,0.027752
6ksh_chainD,17,E,N,0.035933,N,0.02009
6ksh_chainD,18,P,N,0.029446,N,0.026872
6ksh_chainD,19,N,N,0.048585,N,0.030865
6ksh_chainD,20,N,N,0.047655,N,0.039032
6ksh_chainD,21,V,N,0.018928,N,0.017125
6ksh_chainD,22,N,N,0.017135,N,0.016096
6ksh_chainD,23,L,N,0.036896,N,0.020763
6ksh_chainD,24,R,N,0.03038,N,0.028324
6ksh_chainD,25,S,N,0.031428,N,0.023004
6ksh_chainD,26,K,N,0.028579,N,0.020216
6ksh_chainD,27,K,N,0.044002,N,0.030044
6ksh_chainD,28,T,N,0.062556,N,0.030047
6ksh_chainD,29,H,N,0.041823,N,0.027744
6ksh_chainD,30,I,N,0.035295,N,0.090772
6ksh_chainD,31,V,N,0.026857,N,0.0142
6ksh_chainD,32,C,N,0.023152,N,0.034761
6ksh_chainD,33,T,N,0.197952,B,0.670273
6ksh_chainD,34,L,N,0.03279,N,0.239376
6ksh_chainD,35,G,N,0.067988,B,0.541884
6ksh_chainD,36,P,N,0.087321,B,0.659901
6ksh_chainD,37,A,N,0.041536,N,0.285089
6ksh_chainD,38,C,N,0.017761,N,0.116091
6ksh_chainD,39,K,N,0.011047,N,0.023132
6ksh_chainD,40,S,N,0.019448,N,0.025365
6ksh_chainD,41,V,N,0.013545,N,0.013664
6ksh_chainD,42,E,N,0.016575,N,0.017093
6ksh_chainD,43,T,N,0.00908,N,0.010507
6ksh_chainD,44,L,N,0.013019,N,0.011422
6ksh_chainD,45,V,N,0.015272,N,0.013791
6ksh_chainD,46,K,N,0.020937,N,0.022072
6ksh_chainD,47,L,N,0.031429,N,0.025057
6ksh_chainD,48,I,N,0.022924,N,0.017869
6ksh_chainD,49,D,N,0.019138,N,0.01565
6ksh_chainD,50,A,N,0.022906,N,0.022252
6ksh_chainD,51,G,N,0.03367,N,0.034719
6ksh_chainD,52,M,N,0.025991,N,0.02789
6ksh_chainD,53,D,N,0.016203,N,0.02441
6ksh_chainD,54,I,N,0.02246,N,0.068995
6ksh_chainD,55,C,N,0.019165,N,0.028283
6ksh_chainD,56,R,N,0.276935,B,0.654743
6ksh_chainD,57,F,N,0.050371,N,0.169116
6ksh_chainD,58,N,N,0.267799,B,0.614953
6ksh_chainD,59,F,N,0.031997,N,0.038819
6ksh_chainD,60,S,N,0.048267,N,0.041816
6ksh_chainD,61,H,N,0.169032,N,0.203206
6ksh_chainD,62,G,N,0.022189,N,0.019498
6ksh_chainD,63,S,N,0.015076,N,0.015785
6ksh_chainD,64,H,N,0.032454,N,0.022248
6ksh_chainD,65,E,N,0.008987,N,0.009491
6ksh_chainD,66,D,N,0.059536,N,0.084068
6ksh_chainD,67,H,N,0.10758,N,0.151363
6ksh_chainD,68,K,N,0.014445,N,0.013733
6ksh_chainD,69,E,N,0.018522,N,0.015913
6ksh_chainD,70,M,N,0.029116,N,0.024599
6ksh_chainD,71,F,N,0.023221,N,0.043112
6ksh_chainD,72,N,N,0.039832,N,0.032274
6ksh_chainD,73,N,N,0.032277,N,0.032155
6ksh_chainD,74,V,N,0.024385,N,0.018663
6ksh_chainD,75,L,N,0.034373,N,0.030784
6ksh_chainD,76,K,N,0.024709,N,0.031067
6ksh_chainD,77,A,N,0.02865,N,0.023038
6ksh_chainD,78,Q,N,0.034135,N,0.032252
6ksh_chainD,79,E,N,0.038318,N,0.028456
6ksh_chainD,80,L,N,0.021095,N,0.014968
6ksh_chainD,81,R,N,0.025232,N,0.023391
6ksh_chainD,82,P,N,0.021205,N,0.015049
6ksh_chainD,83,N,N,0.021849,N,0.022472
6ksh_chainD,84,C,N,0.017253,N,0.018464
6ksh_chainD,85,L,N,0.041128,N,0.037951
6ksh_chainD,86,L,N,0.022588,N,0.023713
6ksh_chainD,87,G,N,0.029806,N,0.114696
6ksh_chainD,88,M,N,0.035885,N,0.147606
6ksh_chainD,89,L,N,0.035621,N,0.209971
6ksh_chainD,90,L,N,0.019454,N,0.037958
6ksh_chainD,91,D,N,0.118408,B,0.381617
6ksh_chainD,92,T,N,0.051415,N,0.040504
6ksh_chainD,93,K,N,0.056484,N,0.051076
6ksh_chainD,94,G,N,0.049303,N,0.043252
6ksh_chainD,95,P,N,0.062226,N,0.048036
6ksh_chainD,96,E,N,0.093868,N,0.077933
6ksh_chainD,97,I,N,0.088154,N,0.080699
6ksh_chainD,98,R,N,0.361111,B,0.39078
6ksh_chainD,99,T,N,0.052732,N,0.050242
6ksh_chainD,100,G,N,0.064305,N,0.06127
6ksh_chainD,101,F,N,0.013691,N,0.013041
6ksh_chainD,102,L,N,0.031849,N,0.036473
6ksh_chainD,103,K,N,0.024101,N,0.02176
6ksh_chainD,104,N,N,0.015939,N,0.018719
6ksh_chainD,105,K,N,0.040908,N,0.030296
6ksh_chainD,106,E,N,0.042673,N,0.045901
6ksh_chainD,107,V,N,0.055997,N,0.036571
6ksh_chainD,108,H,N,0.029275,N,0.025785
6ksh_chainD,109,L,N,0.035047,N,0.029208
6ksh_chainD,110,K,N,0.017342,N,0.017609
6ksh_chainD,111,E,N,0.017258,N,0.020687
6ksh_chainD,112,G,N,0.05811,N,0.053442
6ksh_chainD,113,S,N,0.023663,N,0.024867
6ksh_chainD,114,K,N,0.06678,N,0.032673
6ksh_chainD,115,L,N,0.043853,N,0.022786
6ksh_chainD,116,K,N,0.039541,N,0.019684
6ksh_chainD,117,L,N,0.038979,N,0.027707
6ksh_chainD,118,V,N,0.028056,N,0.020688
6ksh_chainD,119,T,N,0.036814,N,0.02718
6ksh_chainD,120,D,N,0.090196,N,0.07949
6ksh_chainD,121,Y,N,0.023988,N,0.027564
6ksh_chainD,122,E,N,0.03867,N,0.029714
6ksh_chainD,123,F,N,0.029851,N,0.018483
6ksh_chainD,124,L,N,0.0451,N,0.022337
6ksh_chainD,125,G,N,0.070147,N,0.039622
6ksh_chainD,126,D,N,0.051973,N,0.034513
6ksh_chainD,127,E,N,0.047934,N,0.035202
6ksh_chainD,128,T,N,0.060207,N,0.037288
6ksh_chainD,129,C,N,0.037245,N,0.030808
6ksh_chainD,130,I,N,0.138162,N,0.069907
6ksh_chainD,131,A,N,0.041131,N,0.033572
6ksh_chainD,132,C,N,0.027701,N,0.018905
6ksh_chainD,133,S,N,0.048972,N,0.036029
6ksh_chainD,134,Y,N,0.053723,N,0.040768
6ksh_chainD,135,K,N,0.050121,N,0.05152
6ksh_chainD,136,K,N,0.033668,N,0.028376
6ksh_chainD,137,L,N,0.04619,N,0.03096
6ksh_chainD,138,P,N,0.042292,N,0.03356
6ksh_chainD,139,Q,N,0.035974,N,0.028023
6ksh_chainD,140,S,N,0.044262,N,0.032882
6ksh_chainD,141,V,N,0.029401,N,0.025455
6ksh_chainD,142,K,N,0.018263,N,0.015377
6ksh_chainD,143,P,N,0.029934,N,0.023364
6ksh_chainD,144,G,N,0.019014,N,0.019523
6ksh_chainD,145,N,N,0.024417,N,0.023622
6ksh_chainD,146,I,N,0.030679,N,0.027162
6ksh_chainD,147,I,N,0.041262,N,0.034958
6ksh_chainD,148,L,N,0.044572,N,0.039826
6ksh_chainD,149,I,N,0.058718,N,0.04283
6ksh_chainD,150,A,N,0.033985,N,0.026478
6ksh_chainD,151,D,N,0.036934,N,0.036758
6ksh_chainD,152,G,N,0.137001,N,0.061669
6ksh_chainD,153,S,N,0.150125,N,0.059132
6ksh_chainD,154,V,N,0.051999,N,0.023372
6ksh_chainD,155,S,N,0.112599,N,0.036819
6ksh_chainD,156,C,N,0.026155,N,0.018065
6ksh_chainD,157,K,N,0.041749,N,0.035613
6ksh_chainD,158,V,N,0.035196,N,0.030748
6ksh_chainD,159,L,N,0.03217,N,0.04836
6ksh_chainD,160,E,N,0.012737,N,0.01359
6ksh_chainD,161,T,N,0.031103,N,0.021424
6ksh_chainD,162,H,N,0.025917,N,0.019822
6ksh_chainD,163,E,N,0.031834,N,0.019865
6ksh_chainD,164,D,N,0.031331,N,0.025223
6ksh_chainD,165,H,N,0.030853,N,0.026261
6ksh_chainD,166,V,N,0.017175,N,0.013706
6ksh_chainD,167,I,N,0.032347,N,0.030069
6ksh_chainD,168,T,N,0.020335,N,0.01754
6ksh_chainD,169,E,N,0.072107,N,0.044908
6ksh_chainD,170,V,N,0.047024,N,0.024693
6ksh_chainD,171,L,N,0.047452,N,0.03086
6ksh_chainD,172,N,N,0.118909,N,0.044022
6ksh_chainD,173,S,N,0.036704,N,0.030128
6ksh_chainD,174,A,N,0.057201,N,0.039452
6ksh_chainD,175,V,N,0.077234,N,0.053176
6ksh_chainD,176,I,N,0.103348,N,0.054893
6ksh_chainD,177,G,N,0.036416,N,0.033215
6ksh_chainD,178,E,N,0.038657,N,0.036571
6ksh_chainD,179,R,N,0.0766,N,0.066282
6ksh_chainD,180,K,N,0.336311,N,0.377244
6ksh_chainD,181,N,N,0.081264,N,0.056
6ksh_chainD,182,M,N,0.063439,N,0.046814
6ksh_chainD,183,N,N,0.094594,N,0.054392
6ksh_chainD,184,L,N,0.030783,N,0.022509
6ksh_chainD,185,P,N,0.047974,N,0.042514
6ksh_chainD,186,N,N,0.037253,N,0.032703
6ksh_chainD,187,V,N,0.051773,N,0.038229
6ksh_chainD,188,K,N,0.066344,N,0.051496
6ksh_chainD,189,V,N,0.063971,N,0.048851
6ksh_chainD,190,D,N,0.124032,N,0.059652
6ksh_chainD,191,L,N,0.115303,N,0.077451
6ksh_chainD,192,P,N,0.297265,N,0.139881
6ksh_chainD,193,I,N,0.196553,N,0.08693
6ksh_chainD,194,I,B,0.465066,N,0.24173
6ksh_chainD,195,S,N,0.337807,N,0.172133
6ksh_chainD,196,E,N,0.192469,B,0.393415
6ksh_chainD,197,K,N,0.357255,N,0.163321
6ksh_chainD,198,D,N,0.41853,N,0.168059
6ksh_chainD,199,K,N,0.256815,N,0.089399
6ksh_chainD,200,N,N,0.042866,N,0.026346
6ksh_chainD,201,D,N,0.089932,N,0.038706
6ksh_chainD,202,I,N,0.06885,N,0.055808
6ksh_chainD,203,L,N,0.062176,N,0.05442
6ksh_chainD,204,N,N,0.024136,N,0.091746
6ksh_chainD,205,F,N,0.058398,N,0.052215
6ksh_chainD,206,A,N,0.021349,N,0.021648
6ksh_chainD,207,I,N,0.033309,N,0.035823
6ksh_chainD,208,P,N,0.035575,N,0.032933
6ksh_chainD,209,M,N,0.037314,N,0.034169
6ksh_chainD,210,G,N,0.047546,N,0.033088
6ksh_chainD,211,C,N,0.065706,N,0.032753
6ksh_chainD,212,N,N,0.171188,N,0.059274
6ksh_chainD,213,F,N,0.049571,N,0.040575
6ksh_chainD,214,I,N,0.040253,N,0.03222
6ksh_chainD,215,A,N,0.055718,N,0.046011
6ksh_chainD,216,A,N,0.060533,N,0.05473
6ksh_chainD,217,S,N,0.078239,N,0.062849
6ksh_chainD,218,F,N,0.160489,N,0.083235
6ksh_chainD,219,I,N,0.171623,N,0.082591
6ksh_chainD,220,Q,N,0.071741,N,0.070891
6ksh_chainD,221,S,N,0.072263,N,0.047751
6ksh_chainD,222,A,N,0.059407,N,0.031103
6ksh_chainD,223,D,N,0.053561,N,0.028645
6ksh_chainD,224,D,N,0.120453,N,0.046242
6ksh_chainD,225,V,N,0.031849,N,0.021122
6ksh_chainD,226,R,N,0.045476,N,0.03513
6ksh_chainD,227,L,N,0.018593,N,0.022716
6ksh_chainD,228,I,N,0.029002,N,0.029998
6ksh_chainD,229,R,N,0.045573,N,0.041471
6ksh_chainD,230,N,N,0.013791,N,0.015981
6ksh_chainD,231,L,N,0.017848,N,0.020982
6ksh_chainD,232,L,N,0.029383,N,0.026036
6ksh_chainD,233,G,N,0.0178,N,0.015564
6ksh_chainD,234,P,N,0.03191,N,0.029317
6ksh_chainD,235,R,N,0.018777,N,0.017723
6ksh_chainD,236,G,N,0.034561,N,0.024741
6ksh_chainD,237,R,N,0.016014,N,0.01223
6ksh_chainD,238,H,N,0.026782,N,0.019073
6ksh_chainD,239,I,N,0.022481,N,0.013491
6ksh_chainD,240,K,N,0.043274,N,0.03691
6ksh_chainD,241,I,N,0.029795,N,0.021445
6ksh_chainD,242,I,N,0.062674,N,0.039814
6ksh_chainD,243,P,N,0.01432,N,0.014465
6ksh_chainD,244,K,N,0.332498,N,0.217911
6ksh_chainD,245,I,N,0.282047,N,0.12316
6ksh_chainD,246,E,B,0.563115,N,0.193315
6ksh_chainD,247,N,N,0.056292,N,0.057398
6ksh_chainD,248,I,N,0.047428,N,0.036325
6ksh_chainD,249,E,N,0.055733,N,0.046936
6ksh_chainD,250,G,N,0.125462,N,0.073123
6ksh_chainD,251,I,N,0.063015,N,0.043979
6ksh_chainD,252,I,N,0.017768,N,0.016438
6ksh_chainD,253,H,N,0.093242,N,0.048815
6ksh_chainD,254,F,N,0.047717,N,0.030396
6ksh_chainD,255,D,N,0.038966,N,0.025613
6ksh_chainD,256,K,N,0.013012,N,0.010298
6ksh_chainD,257,I,N,0.03454,N,0.031032
6ksh_chainD,258,L,N,0.010723,N,0.010045
6ksh_chainD,259,A,N,0.006999,N,0.007571
6ksh_chainD,260,E,N,0.009376,N,0.00982
6ksh_chainD,261,S,N,0.007004,N,0.010374
6ksh_chainD,262,D,N,0.012761,N,0.014342
6ksh_chainD,263,G,N,0.006656,N,0.009978
6ksh_chainD,264,I,N,0.011642,N,0.018694
6ksh_chainD,265,M,N,0.031322,N,0.029092
6ksh_chainD,266,I,N,0.04552,N,0.033494
6ksh_chainD,267,A,N,0.093202,N,0.037578
6ksh_chainD,268,R,N,0.17064,N,0.062969
6ksh_chainD,269,G,N,0.165432,N,0.058282
6ksh_chainD,270,D,B,0.866502,B,0.605403
6ksh_chainD,271,L,N,0.038432,N,0.036886
6ksh_chainD,272,G,N,0.079191,N,0.069094
6ksh_chainD,273,M,N,0.018151,N,0.032695
6ksh_chainD,274,E,N,0.055753,N,0.266963
6ksh_chainD,275,I,N,0.038929,N,0.182965
6ksh_chainD,276,S,N,0.035313,N,0.228574
6ksh_chainD,277,P,N,0.017701,N,0.146532
6ksh_chainD,278,E,N,0.022217,N,0.125202
6ksh_chainD,279,K,N,0.033919,N,0.164947
6ksh_chainD,280,V,N,0.090686,N,0.087473
6ksh_chainD,281,F,N,0.05197,N,0.038018
6ksh_chainD,282,L,N,0.01519,N,0.014704
6ksh_chainD,283,A,N,0.018309,N,0.012888
6ksh_chainD,284,Q,N,0.05407,N,0.046225
6ksh_chainD,285,K,N,0.068429,N,0.041146
6ksh_chainD,286,L,N,0.029103,N,0.024812
6ksh_chainD,287,M,N,0.026935,N,0.022883
6ksh_chainD,288,I,N,0.064488,N,0.034352
6ksh_chainD,289,S,N,0.02218,N,0.016271
6ksh_chainD,290,K,N,0.019034,N,0.01785
6ksh_chainD,291,C,N,0.029712,N,0.019844
6ksh_chainD,292,N,N,0.040667,N,0.025906
6ksh_chainD,293,L,N,0.018134,N,0.011368
6ksh_chainD,294,Q,N,0.011945,N,0.011258
6ksh_chainD,295,G,N,0.019854,N,0.022178
6ksh_chainD,296,K,N,0.019822,N,0.016972
6ksh_chainD,297,P,N,0.010361,N,0.013058
6ksh_chainD,298,I,N,0.016867,N,0.018469
6ksh_chainD,299,I,N,0.030562,N,0.024608
6ksh_chainD,300,T,N,0.018519,N,0.012032
6ksh_chainD,301,A,N,0.093962,N,0.032804
6ksh_chainD,302,T,N,0.1132,N,0.045397
6ksh_chainD,303,Q,N,0.120316,N,0.047682
6ksh_chainD,304,M,N,0.033833,N,0.021989
6ksh_chainD,305,L,N,0.035397,N,0.026516
6ksh_chainD,306,E,N,0.114552,N,0.051143
6ksh_chainD,307,S,N,0.025548,N,0.020414
6ksh_chainD,308,M,N,0.030525,N,0.021344
6ksh_chainD,309,T,N,0.018614,N,0.017067
6ksh_chainD,310,K,N,0.009447,N,0.010921
6ksh_chainD,311,N,N,0.025062,N,0.020661
6ksh_chainD,312,P,N,0.017683,N,0.016063
6ksh_chainD,313,R,N,0.022649,N,0.024194
6ksh_chainD,314,P,N,0.032886,N,0.022991
6ksh_chainD,315,T,N,0.056651,N,0.041073
6ksh_chainD,316,R,N,0.076588,N,0.083606
6ksh_chainD,317,A,N,0.020542,N,0.014269
6ksh_chainD,318,E,N,0.036862,N,0.039014
6ksh_chainD,319,V,N,0.022029,N,0.013938
6ksh_chainD,320,T,N,0.027852,N,0.020158
6ksh_chainD,321,D,N,0.025956,N,0.022736
6ksh_chainD,322,V,N,0.016332,N,0.016544
6ksh_chainD,323,A,N,0.01036,N,0.009172
6ksh_chainD,324,N,N,0.030461,N,0.030844
6ksh_chainD,325,A,N,0.020553,N,0.018995
6ksh_chainD,326,V,N,0.010783,N,0.010282
6ksh_chainD,327,L,N,0.013393,N,0.010704
6ksh_chainD,328,D,N,0.031384,N,0.023937
6ksh_chainD,329,G,N,0.057854,N,0.034106
6ksh_chainD,330,T,N,0.038181,N,0.024033
6ksh_chainD,331,D,N,0.048729,N,0.037905
6ksh_chainD,332,C,N,0.017533,N,0.015423
6ksh_chainD,333,V,N,0.025013,N,0.019864
6ksh_chainD,334,M,N,0.024449,N,0.022465
6ksh_chainD,335,L,N,0.054716,N,0.042478
6ksh_chainD,336,S,N,0.132638,N,0.177378
6ksh_chainD,337,G,N,0.04791,N,0.120266
6ksh_chainD,338,E,N,0.205736,N,0.180253
6ksh_chainD,339,T,N,0.037524,N,0.135536
6ksh_chainD,340,A,N,0.14107,N,0.247784
6ksh_chainD,341,G,N,0.185118,N,0.301158
6ksh_chainD,342,G,N,0.039579,N,0.180067
6ksh_chainD,343,K,N,0.069114,N,0.298327
6ksh_chainD,344,F,N,0.038066,N,0.060009
6ksh_chainD,345,P,N,0.068328,N,0.056757
6ksh_chainD,346,V,N,0.014861,N,0.019094
6ksh_chainD,347,E,N,0.024786,N,0.03242
6ksh_chainD,348,A,N,0.024801,N,0.086173
6ksh_chainD,349,V,N,0.030907,N,0.025067
6ksh_chainD,350,T,N,0.019851,N,0.020679
6ksh_chainD,351,I,N,0.011156,N,0.01002
6ksh_chainD,352,M,N,0.025661,N,0.053102
6ksh_chainD,353,S,N,0.022056,N,0.020843
6ksh_chainD,354,K,N,0.016049,N,0.017772
6ksh_chainD,355,I,N,0.016758,N,0.019746
6ksh_chainD,356,C,N,0.050325,N,0.02826
6ksh_chainD,357,L,N,0.026765,N,0.01742
6ksh_chainD,358,E,N,0.035159,N,0.030058
6ksh_chainD,359,A,N,0.026621,N,0.067549
6ksh_chainD,360,E,N,0.031721,N,0.087469
6ksh_chainD,361,A,N,0.05029,N,0.04931
6ksh_chainD,362,C,N,0.028086,N,0.019913
6ksh_chainD,363,I,N,0.014793,N,0.010495
6ksh_chainD,364,D,N,0.034365,N,0.031943
6ksh_chainD,365,Y,N,0.055014,N,0.042077
6ksh_chainD,366,K,N,0.030506,N,0.033388
6ksh_chainD,367,L,N,0.022831,N,0.019679
6ksh_chainD,368,L,N,0.041865,N,0.026381
6ksh_chainD,369,Y,N,0.034464,N,0.024688
6ksh_chainD,370,Q,N,0.061926,N,0.033565
6ksh_chainD,371,S,N,0.06494,N,0.035959
6ksh_chainD,372,L,N,0.02912,N,0.019891
6ksh_chainD,373,V,N,0.052248,N,0.041745
6ksh_chainD,374,N,N,0.057728,N,0.034455
6ksh_chainD,375,A,N,0.059578,N,0.048568
6ksh_chainD,376,I,N,0.047269,N,0.033892
6ksh_chainD,377,E,N,0.048558,N,0.033603
6ksh_chainD,378,T,N,0.075197,N,0.047693
6ksh_chainD,379,P,N,0.050144,N,0.040681
6ksh_chainD,380,I,N,0.033281,N,0.020143
6ksh_chainD,381,S,N,0.03457,N,0.02271
6ksh_chainD,382,V,N,0.033558,N,0.018831
6ksh_chainD,383,Q,N,0.046295,N,0.03107
6ksh_chainD,384,E,N,0.049395,N,0.135249
6ksh_chainD,385,A,N,0.026309,N,0.024667
6ksh_chainD,386,V,N,0.023549,N,0.020234
6ksh_chainD,387,A,N,0.025951,N,0.081676
6ksh_chainD,388,R,N,0.018693,N,0.061189
6ksh_chainD,389,S,N,0.02496,N,0.024274
6ksh_chainD,390,A,N,0.039248,N,0.033198
6ksh_chainD,391,V,N,0.026643,N,0.026237
6ksh_chainD,392,E,N,0.032797,N,0.032864
6ksh_chainD,393,T,N,0.019713,N,0.016734
6ksh_chainD,394,A,N,0.021391,N,0.018814
6ksh_chainD,395,E,N,0.026403,N,0.023359
6ksh_chainD,396,S,N,0.026643,N,0.020777
6ksh_chainD,397,I,N,0.022018,N,0.017577
6ksh_chainD,398,Q,N,0.028833,N,0.026476
6ksh_chainD,399,A,N,0.020148,N,0.018147
6ksh_chainD,400,S,N,0.035627,N,0.029145
6ksh_chainD,401,L,N,0.022392,N,0.025254
6ksh_chainD,402,I,N,0.059627,N,0.039548
6ksh_chainD,403,I,N,0.028224,N,0.023603
6ksh_chainD,404,A,N,0.098426,N,0.065376
6ksh_chainD,405,L,N,0.051994,N,0.033706
6ksh_chainD,406,T,N,0.184299,N,0.091598
6ksh_chainD,407,E,N,0.136932,N,0.066087
6ksh_chainD,408,T,N,0.061988,N,0.038981
6ksh_chainD,409,G,N,0.092631,N,0.051643
6ksh_chainD,410,Y,N,0.059788,N,0.052001
6ksh_chainD,411,T,N,0.109893,N,0.069493
6ksh_chainD,412,A,N,0.083086,B,0.389111
6ksh_chainD,413,R,N,0.126714,N,0.08871
6ksh_chainD,414,L,N,0.089748,N,0.078052
6ksh_chainD,415,I,N,0.059998,N,0.181395
6ksh_chainD,416,A,N,0.056725,N,0.130057
6ksh_chainD,417,K,N,0.064518,N,0.071944
6ksh_chainD,418,Y,N,0.021567,N,0.026781
6ksh_chainD,419,K,N,0.027096,N,0.07366
6ksh_chainD,420,P,N,0.028706,N,0.033393
6ksh_chainD,421,S,N,0.017741,N,0.021262
6ksh_chainD,422,C,N,0.013157,N,0.015402
6ksh_chainD,423,T,N,0.023007,N,0.027052
6ksh_chainD,424,I,N,0.018996,N,0.019573
6ksh_chainD,425,L,N,0.042471,N,0.036703
6ksh_chainD,426,A,N,0.024794,N,0.020393
6ksh_chainD,427,L,N,0.032877,N,0.025106
6ksh_chainD,428,S,N,0.061594,N,0.036211
6ksh_chainD,429,A,N,0.029365,N,0.025248
6ksh_chainD,430,S,N,0.042868,N,0.03294
6ksh_chainD,431,D,N,0.018141,N,0.017676
6ksh_chainD,432,S,N,0.039913,N,0.028478
6ksh_chainD,433,T,N,0.033072,N,0.018711
6ksh_chainD,434,V,N,0.031546,N,0.030178
6ksh_chainD,435,K,N,0.042708,N,0.034736
6ksh_chainD,436,C,N,0.030475,N,0.039839
6ksh_chainD,437,L,N,0.056412,N,0.038146
6ksh_chainD,438,N,N,0.04629,N,0.033178
6ksh_chainD,439,V,N,0.024222,N,0.018533
6ksh_chainD,440,H,N,0.03289,N,0.029124
6ksh_chainD,441,R,N,0.06289,N,0.051002
6ksh_chainD,442,G,N,0.06197,N,0.040776
6ksh_chainD,443,V,N,0.066296,N,0.040526
6ksh_chainD,444,T,N,0.027805,N,0.021987
6ksh_chainD,445,C,N,0.056726,N,0.0372
6ksh_chainD,446,I,N,0.1151,N,0.048695
6ksh_chainD,447,K,N,0.094909,N,0.036129
6ksh_chainD,448,V,N,0.032419,N,0.025406
6ksh_chainD,449,G,N,0.015733,N,0.016387
6ksh_chainD,450,S,N,0.030778,N,0.024742
6ksh_chainD,451,F,N,0.064057,N,0.055276
6ksh_chainD,452,Q,N,0.022188,N,0.01856
6ksh_chainD,453,G,N,0.028654,N,0.021322
6ksh_chainD,454,T,N,0.038417,N,0.031828
6ksh_chainD,455,D,N,0.063034,N,0.049066
6ksh_chainD,456,I,N,0.03444,N,0.18656
6ksh_chainD,457,V,N,0.045857,N,0.045346
6ksh_chainD,458,I,N,0.024425,N,0.032855
6ksh_chainD,459,R,N,0.018046,N,0.178968
6ksh_chainD,460,N,N,0.021219,N,0.030039
6ksh_chainD,461,A,N,0.022501,N,0.027361
6ksh_chainD,462,I,N,0.015766,N,0.119925
6ksh_chainD,463,E,N,0.017183,N,0.033383
6ksh_chainD,464,I,N,0.028559,N,0.027564
6ksh_chainD,465,A,N,0.020625,N,0.020824
6ksh_chainD,466,K,N,0.037101,N,0.049311
6ksh_chainD,467,Q,N,0.04905,N,0.040097
6ksh_chainD,468,R,N,0.057434,N,0.039783
6ksh_chainD,469,N,N,0.042736,N,0.033275
6ksh_chainD,470,M,N,0.059588,N,0.048145
6ksh_chainD,471,A,N,0.050318,N,0.028705
6ksh_chainD,472,K,N,0.04837,N,0.038305
6ksh_chainD,473,V,N,0.066205,N,0.051416
6ksh_chainD,474,G,N,0.02267,N,0.022023
6ksh_chainD,475,D,N,0.024708,N,0.017126
6ksh_chainD,476,S,N,0.014612,N,0.017359
6ksh_chainD,477,V,N,0.026173,N,0.025144
6ksh_chainD,478,I,N,0.027937,N,0.025517
6ksh_chainD,479,A,N,0.019816,N,0.021575
6ksh_chainD,480,I,N,0.023747,N,0.025106
6ksh_chainD,481,H,N,0.015894,N,0.014998
6ksh_chainD,482,N,N,0.043662,N,0.033176
6ksh_chainD,483,L,N,0.036694,N,0.040998
6ksh_chainD,484,M,N,0.031052,N,0.030018
6ksh_chainD,485,K,N,0.01591,N,0.01793
6ksh_chainD,486,V,N,0.017153,N,0.017195
6ksh_chainD,487,V,N,0.013488,N,0.014954
6ksh_chainD,488,Q,N,0.018784,N,0.018302
6ksh_chainD,489,I,N,0.024692,N,0.021616
6ksh_chainD,490,E,N,0.048514,N,0.041503
