Prot.ID,NO,Residue,ATPseq Binding Sites,ATPseq Probability,ATPbind Binding Sites,ATPbind Probability
6sqz_chainD,1,P,N,0.053697,N,0.038311
6sqz_chainD,2,F,N,0.090836,N,0.057664
6sqz_chainD,3,R,N,0.087365,N,0.046827
6sqz_chainD,4,F,N,0.056723,N,0.040798
6sqz_chainD,5,S,N,0.1182,N,0.065373
6sqz_chainD,6,P,N,0.089467,N,0.074668
6sqz_chainD,7,E,N,0.108523,N,0.233592
6sqz_chainD,8,P,N,0.327925,B,0.629745
6sqz_chainD,9,T,N,0.095072,B,0.549545
6sqz_chainD,10,L,N,0.06026,N,0.229587
6sqz_chainD,11,E,N,0.120952,B,0.506659
6sqz_chainD,12,D,N,0.080657,N,0.269128
6sqz_chainD,13,I,N,0.144425,N,0.254035
6sqz_chainD,14,R,N,0.320227,B,0.60275
6sqz_chainD,15,R,N,0.079839,N,0.176233
6sqz_chainD,16,L,N,0.046096,N,0.05857
6sqz_chainD,17,H,N,0.095605,N,0.166459
6sqz_chainD,18,A,N,0.023711,N,0.027086
6sqz_chainD,19,E,N,0.06124,N,0.052227
6sqz_chainD,20,F,N,0.179778,B,0.430121
6sqz_chainD,21,A,N,0.087026,N,0.059796
6sqz_chainD,22,A,N,0.047223,N,0.035904
6sqz_chainD,23,E,N,0.043595,N,0.033742
6sqz_chainD,24,R,N,0.100341,N,0.053301
6sqz_chainD,25,D,N,0.058672,N,0.038528
6sqz_chainD,26,W,N,0.02253,N,0.014817
6sqz_chainD,27,E,N,0.038229,N,0.04014
6sqz_chainD,28,Q,N,0.034042,N,0.032896
6sqz_chainD,29,F,N,0.153539,N,0.064511
6sqz_chainD,30,H,N,0.031702,N,0.050439
6sqz_chainD,31,Q,N,0.019496,N,0.072252
6sqz_chainD,32,P,N,0.030841,N,0.119876
6sqz_chainD,33,R,N,0.107443,N,0.121074
6sqz_chainD,34,N,N,0.050275,N,0.174222
6sqz_chainD,35,L,N,0.041016,N,0.107799
6sqz_chainD,36,L,N,0.059971,N,0.044114
6sqz_chainD,37,L,N,0.053637,N,0.166507
6sqz_chainD,38,A,N,0.176899,N,0.314958
6sqz_chainD,39,L,N,0.102355,N,0.072648
6sqz_chainD,40,V,N,0.154547,N,0.054316
6sqz_chainD,41,G,N,0.045164,N,0.10667
6sqz_chainD,42,E,N,0.066162,N,0.09846
6sqz_chainD,43,V,N,0.024251,N,0.055151
6sqz_chainD,44,G,N,0.045229,N,0.033572
6sqz_chainD,45,E,N,0.085833,N,0.071994
6sqz_chainD,46,L,N,0.019348,N,0.06739
6sqz_chainD,47,A,N,0.063354,N,0.152288
6sqz_chainD,48,E,N,0.03753,N,0.053609
6sqz_chainD,49,L,N,0.076986,N,0.085538
6sqz_chainD,50,F,N,0.130851,N,0.311405
6sqz_chainD,51,Q,N,0.111338,N,0.080219
6sqz_chainD,52,W,N,0.114462,N,0.072543
6sqz_chainD,53,K,B,0.435749,N,0.194479
6sqz_chainD,54,S,N,0.18622,N,0.079043
6sqz_chainD,55,D,N,0.134947,N,0.074137
6sqz_chainD,56,T,N,0.06193,N,0.032905
6sqz_chainD,57,E,N,0.171351,N,0.120229
6sqz_chainD,58,P,N,0.046266,N,0.054902
6sqz_chainD,59,G,N,0.41433,B,0.510021
6sqz_chainD,60,P,N,0.107008,N,0.141479
6sqz_chainD,61,Q,N,0.108264,N,0.134295
6sqz_chainD,62,A,N,0.092535,N,0.275413
6sqz_chainD,63,W,N,0.114056,N,0.139559
6sqz_chainD,64,P,N,0.082758,N,0.349927
6sqz_chainD,65,P,N,0.03822,N,0.135974
6sqz_chainD,66,K,N,0.047888,N,0.177374
6sqz_chainD,67,E,N,0.021507,N,0.096446
6sqz_chainD,68,R,N,0.070581,N,0.04615
6sqz_chainD,69,A,N,0.031051,N,0.020274
6sqz_chainD,70,A,N,0.008652,N,0.006355
6sqz_chainD,71,L,N,0.006646,N,0.006861
6sqz_chainD,72,Q,N,0.016808,N,0.015326
6sqz_chainD,73,E,N,0.02246,N,0.019546
6sqz_chainD,74,E,N,0.023307,N,0.019417
6sqz_chainD,75,L,N,0.027607,N,0.041628
6sqz_chainD,76,S,N,0.035096,N,0.069264
6sqz_chainD,77,D,N,0.048442,N,0.167957
6sqz_chainD,78,V,N,0.030418,N,0.038701
6sqz_chainD,79,L,N,0.022237,N,0.027776
6sqz_chainD,80,I,N,0.016842,N,0.058402
6sqz_chainD,81,Y,N,0.044375,N,0.166383
6sqz_chainD,82,L,N,0.01719,N,0.26557
6sqz_chainD,83,V,N,0.026695,N,0.129839
6sqz_chainD,84,A,N,0.02203,N,0.03805
6sqz_chainD,85,L,N,0.054857,N,0.052581
6sqz_chainD,86,A,N,0.066962,N,0.152593
6sqz_chainD,87,A,N,0.021651,N,0.085709
6sqz_chainD,88,R,N,0.139702,N,0.084849
6sqz_chainD,89,C,N,0.080306,N,0.0743
6sqz_chainD,90,H,N,0.089815,N,0.069697
6sqz_chainD,91,V,N,0.037101,N,0.029793
6sqz_chainD,92,D,N,0.059841,N,0.156641
6sqz_chainD,93,L,N,0.15718,N,0.247304
6sqz_chainD,94,P,N,0.081818,N,0.053967
6sqz_chainD,95,Q,N,0.134812,N,0.071237
6sqz_chainD,96,A,N,0.037572,N,0.130047
6sqz_chainD,97,V,N,0.062412,N,0.062524
6sqz_chainD,98,I,N,0.146963,N,0.059094
6sqz_chainD,99,S,N,0.044059,N,0.03595
6sqz_chainD,100,K,N,0.182,N,0.113397
6sqz_chainD,101,M,N,0.143539,N,0.190698
6sqz_chainD,102,D,N,0.392579,N,0.11381
6sqz_chainD,103,T,N,0.035258,N,0.020297
6sqz_chainD,104,N,N,0.114094,N,0.055629
6sqz_chainD,105,R,N,0.115216,N,0.049579
6sqz_chainD,106,Q,N,0.066,N,0.042029
6sqz_chainD,107,R,N,0.187819,N,0.074655
6sqz_chainD,108,Y,N,0.038719,N,0.040978
6sqz_chainD,109,P,N,0.029585,N,0.058273
6sqz_chainD,110,V,N,0.055876,N,0.047689
