Prot.ID,NO,Residue,ATPseq Binding Sites,ATPseq Probability,ATPbind Binding Sites,ATPbind Probability
6txe_chainA,1,T,N,0.020108,N,0.02223
6txe_chainA,2,M,N,0.054263,N,0.0499
6txe_chainA,3,K,N,0.049636,N,0.052143
6txe_chainA,4,V,N,0.226437,N,0.146326
6txe_chainA,5,I,N,0.171995,N,0.122799
6txe_chainA,6,N,N,0.264399,N,0.127287
6txe_chainA,7,D,N,0.247727,N,0.087232
6txe_chainA,8,P,N,0.081596,N,0.046331
6txe_chainA,9,I,N,0.064464,N,0.042895
6txe_chainA,10,H,N,0.155069,N,0.13596
6txe_chainA,11,G,N,0.081206,N,0.065844
6txe_chainA,12,H,N,0.195331,N,0.153532
6txe_chainA,13,I,N,0.121486,N,0.072309
6txe_chainA,14,E,N,0.275026,N,0.105112
6txe_chainA,15,L,N,0.187963,N,0.070014
6txe_chainA,16,H,N,0.171056,N,0.048318
6txe_chainA,17,P,N,0.196153,N,0.061119
6txe_chainA,18,L,N,0.172159,N,0.067025
6txe_chainA,19,L,N,0.354127,N,0.098299
6txe_chainA,20,V,N,0.235447,N,0.067526
6txe_chainA,21,R,B,0.51978,N,0.225612
6txe_chainA,22,I,N,0.160792,N,0.185802
6txe_chainA,23,I,N,0.270653,N,0.091161
6txe_chainA,24,D,N,0.104201,N,0.059948
6txe_chainA,25,T,N,0.05492,N,0.036514
6txe_chainA,26,P,N,0.02019,N,0.017787
6txe_chainA,27,Q,N,0.042324,N,0.040199
6txe_chainA,28,F,N,0.040933,N,0.059616
6txe_chainA,29,Q,N,0.039209,N,0.033043
6txe_chainA,30,R,N,0.053904,N,0.04226
6txe_chainA,31,L,N,0.045503,N,0.041822
6txe_chainA,32,R,N,0.081941,N,0.07014
6txe_chainA,33,Y,N,0.016512,N,0.012709
6txe_chainA,34,I,N,0.060677,N,0.042177
6txe_chainA,35,K,N,0.057588,N,0.036429
6txe_chainA,36,Q,N,0.053788,N,0.053601
6txe_chainA,37,L,N,0.02576,N,0.019422
6txe_chainA,38,G,N,0.01874,N,0.018473
6txe_chainA,39,G,N,0.015018,N,0.043861
6txe_chainA,40,G,N,0.018718,N,0.021827
6txe_chainA,41,Y,N,0.015105,N,0.013359
6txe_chainA,42,Y,N,0.020094,N,0.019993
6txe_chainA,43,V,N,0.029169,N,0.026436
6txe_chainA,44,F,N,0.040634,N,0.034254
6txe_chainA,45,P,N,0.021433,N,0.020399
6txe_chainA,46,G,N,0.021857,N,0.016803
6txe_chainA,47,A,N,0.017945,N,0.016545
6txe_chainA,48,S,N,0.026312,N,0.020247
6txe_chainA,49,H,N,0.106082,N,0.085222
6txe_chainA,50,N,N,0.227511,N,0.108768
6txe_chainA,51,R,B,0.466164,B,0.520264
6txe_chainA,52,F,N,0.297777,N,0.148426
6txe_chainA,53,E,N,0.220167,N,0.106374
6txe_chainA,54,H,B,0.653441,B,0.504779
6txe_chainA,55,S,B,0.849088,B,0.473994
6txe_chainA,56,L,B,0.430215,N,0.162463
6txe_chainA,57,G,N,0.363264,N,0.378271
6txe_chainA,58,V,B,0.470897,N,0.375695
6txe_chainA,59,G,N,0.179514,N,0.199596
6txe_chainA,60,Y,N,0.089346,N,0.176393
6txe_chainA,61,L,N,0.068942,N,0.045009
6txe_chainA,62,A,N,0.025017,N,0.030527
6txe_chainA,63,G,N,0.02567,N,0.031411
6txe_chainA,64,C,N,0.012595,N,0.073361
6txe_chainA,65,L,N,0.023404,N,0.018608
6txe_chainA,66,V,N,0.024295,N,0.028726
6txe_chainA,67,H,N,0.014543,N,0.273574
6txe_chainA,68,A,N,0.01791,N,0.038024
6txe_chainA,69,L,N,0.024012,N,0.027321
6txe_chainA,70,G,N,0.017388,N,0.098819
6txe_chainA,71,E,N,0.019334,N,0.030272
6txe_chainA,72,K,N,0.023976,N,0.025667
6txe_chainA,73,Q,N,0.031216,N,0.024939
6txe_chainA,74,P,N,0.020461,N,0.018128
6txe_chainA,75,E,N,0.021079,N,0.02027
6txe_chainA,76,L,N,0.023636,N,0.010344
6txe_chainA,77,Q,N,0.022487,N,0.01892
6txe_chainA,78,I,N,0.061403,N,0.031522
6txe_chainA,79,S,N,0.037563,N,0.024054
6txe_chainA,80,E,N,0.011991,N,0.006405
6txe_chainA,81,R,N,0.035357,N,0.020658
6txe_chainA,82,D,N,0.055593,N,0.040168
6txe_chainA,83,V,N,0.030056,N,0.039995
6txe_chainA,84,L,N,0.017489,N,0.02081
6txe_chainA,85,C,N,0.020892,N,0.011333
6txe_chainA,86,V,N,0.021556,N,0.045482
6txe_chainA,87,Q,N,0.025079,N,0.028703
6txe_chainA,88,I,N,0.009288,N,0.012976
6txe_chainA,89,A,N,0.038589,N,0.054655
6txe_chainA,90,G,N,0.082882,N,0.039437
6txe_chainA,91,L,N,0.02823,N,0.023116
6txe_chainA,92,C,N,0.014186,N,0.013358
6txe_chainA,93,H,N,0.096959,N,0.050681
6txe_chainA,94,D,N,0.097319,N,0.056767
6txe_chainA,95,L,N,0.046928,N,0.024572
6txe_chainA,96,G,N,0.194461,N,0.053931
6txe_chainA,97,H,N,0.289222,N,0.071554
6txe_chainA,98,G,N,0.055629,N,0.035991
6txe_chainA,99,P,N,0.049331,N,0.041566
6txe_chainA,100,F,N,0.059046,N,0.04528
6txe_chainA,101,S,N,0.059588,N,0.044811
6txe_chainA,102,H,N,0.272217,N,0.103887
6txe_chainA,103,M,N,0.041795,N,0.031032
6txe_chainA,104,F,N,0.113114,N,0.059261
6txe_chainA,105,D,N,0.126655,N,0.098994
6txe_chainA,106,G,N,0.020584,N,0.021585
6txe_chainA,107,R,N,0.026418,N,0.016916
6txe_chainA,108,F,N,0.029875,N,0.027038
6txe_chainA,109,I,N,0.032217,N,0.026324
6txe_chainA,110,P,N,0.024477,N,0.0178
6txe_chainA,111,L,N,0.022501,N,0.014621
6txe_chainA,112,A,N,0.037374,N,0.021154
6txe_chainA,113,R,N,0.029683,N,0.026368
6txe_chainA,114,P,N,0.035667,N,0.028981
6txe_chainA,115,E,N,0.020613,N,0.015106
6txe_chainA,116,V,N,0.031949,N,0.031628
6txe_chainA,117,K,N,0.036313,N,0.032349
6txe_chainA,118,W,N,0.033371,N,0.025606
6txe_chainA,119,T,N,0.01828,N,0.015106
6txe_chainA,120,H,N,0.065636,N,0.043567
6txe_chainA,121,E,N,0.085931,N,0.062476
6txe_chainA,122,Q,N,0.016552,N,0.009659
6txe_chainA,123,G,N,0.026429,N,0.017579
6txe_chainA,124,S,N,0.028945,N,0.015271
6txe_chainA,125,V,N,0.015044,N,0.013413
6txe_chainA,126,M,N,0.049213,N,0.034163
6txe_chainA,127,M,N,0.031068,N,0.01953
6txe_chainA,128,F,N,0.027531,N,0.021622
6txe_chainA,129,E,N,0.037241,N,0.035539
6txe_chainA,130,H,N,0.012168,N,0.01316
6txe_chainA,131,L,N,0.036935,N,0.038664
6txe_chainA,132,I,N,0.018635,N,0.018101
6txe_chainA,133,N,N,0.012859,N,0.012735
6txe_chainA,134,S,N,0.043882,N,0.040581
6txe_chainA,135,N,N,0.059655,N,0.042194
6txe_chainA,136,G,N,0.029762,N,0.02419
6txe_chainA,137,I,N,0.018599,N,0.017568
6txe_chainA,138,K,N,0.027946,N,0.02417
6txe_chainA,139,P,N,0.018773,N,0.014557
6txe_chainA,140,V,N,0.027366,N,0.024483
6txe_chainA,141,M,N,0.054149,N,0.037202
6txe_chainA,142,E,N,0.061776,N,0.16256
6txe_chainA,143,Q,N,0.051126,N,0.039214
6txe_chainA,144,Y,N,0.044226,N,0.035898
6txe_chainA,145,G,N,0.040214,N,0.031656
6txe_chainA,146,L,N,0.019295,N,0.016662
6txe_chainA,147,I,N,0.02741,N,0.023845
6txe_chainA,148,P,N,0.029276,N,0.024125
6txe_chainA,149,E,N,0.02746,N,0.02387
6txe_chainA,150,E,N,0.020019,N,0.04792
6txe_chainA,151,D,N,0.025091,N,0.016678
6txe_chainA,152,I,N,0.051965,N,0.025964
6txe_chainA,153,C,N,0.036955,N,0.022027
6txe_chainA,154,F,N,0.017134,N,0.012028
6txe_chainA,155,I,N,0.037376,N,0.025231
6txe_chainA,156,K,N,0.055418,N,0.049077
6txe_chainA,157,E,N,0.017305,N,0.018188
6txe_chainA,158,Q,N,0.028534,N,0.023714
6txe_chainA,159,I,N,0.04306,N,0.027304
6txe_chainA,160,V,N,0.033777,N,0.021221
6txe_chainA,161,G,N,0.036738,N,0.023146
6txe_chainA,162,P,N,0.03308,N,0.026284
6txe_chainA,163,L,N,0.028782,N,0.02755
6txe_chainA,164,E,N,0.034583,N,0.027214
6txe_chainA,165,L,N,0.027915,N,0.021407
6txe_chainA,166,W,N,0.022679,N,0.025602
6txe_chainA,167,P,N,0.027536,N,0.036338
6txe_chainA,168,Y,N,0.038181,N,0.048371
6txe_chainA,169,K,N,0.034776,N,0.036611
6txe_chainA,170,G,N,0.028434,N,0.025742
6txe_chainA,171,R,N,0.079801,N,0.075209
6txe_chainA,172,P,N,0.051029,N,0.049023
6txe_chainA,173,E,N,0.046755,N,0.02666
6txe_chainA,174,N,N,0.083666,N,0.047837
6txe_chainA,175,K,N,0.097668,N,0.05009
6txe_chainA,176,S,N,0.08686,N,0.111921
6txe_chainA,177,F,N,0.038524,N,0.031048
6txe_chainA,178,L,N,0.06721,N,0.119953
6txe_chainA,179,Y,N,0.056611,N,0.106117
6txe_chainA,180,E,N,0.112165,N,0.191532
6txe_chainA,181,I,N,0.033849,N,0.08689
6txe_chainA,182,V,N,0.099314,N,0.188692
6txe_chainA,183,S,N,0.038909,N,0.043546
6txe_chainA,184,N,N,0.020508,N,0.020562
6txe_chainA,185,K,N,0.035404,N,0.037795
6txe_chainA,186,R,N,0.022478,N,0.022468
6txe_chainA,187,N,N,0.01971,N,0.023363
6txe_chainA,188,G,N,0.023787,N,0.022427
6txe_chainA,189,I,N,0.024249,N,0.021215
6txe_chainA,190,D,N,0.048698,N,0.02739
6txe_chainA,191,V,N,0.030882,N,0.019277
6txe_chainA,192,D,N,0.029809,N,0.024424
6txe_chainA,193,K,N,0.026896,N,0.021829
6txe_chainA,194,W,N,0.025379,N,0.021748
6txe_chainA,195,D,N,0.039734,N,0.03901
6txe_chainA,196,Y,N,0.058526,N,0.041784
6txe_chainA,197,F,N,0.019235,N,0.016332
6txe_chainA,198,A,N,0.055839,N,0.049063
6txe_chainA,199,R,N,0.092046,N,0.063112
6txe_chainA,200,D,N,0.165077,N,0.061936
6txe_chainA,201,C,N,0.185914,N,0.047176
6txe_chainA,202,H,N,0.104626,N,0.047415
6txe_chainA,203,H,N,0.330395,N,0.096083
6txe_chainA,204,L,N,0.133017,N,0.040761
6txe_chainA,205,G,N,0.083993,N,0.04963
6txe_chainA,206,I,N,0.0435,N,0.026952
6txe_chainA,207,Q,N,0.052344,N,0.02955
6txe_chainA,208,N,N,0.05829,N,0.030113
6txe_chainA,209,N,N,0.02411,N,0.015149
6txe_chainA,210,F,N,0.017788,N,0.013175
6txe_chainA,211,D,N,0.073882,N,0.071119
6txe_chainA,212,Y,N,0.041097,N,0.030666
6txe_chainA,213,K,N,0.052117,N,0.050904
6txe_chainA,214,R,N,0.048391,N,0.037645
6txe_chainA,215,F,N,0.069661,N,0.042053
6txe_chainA,216,I,N,0.071338,N,0.042706
6txe_chainA,217,K,N,0.351834,N,0.127279
6txe_chainA,218,F,N,0.050695,N,0.032724
6txe_chainA,219,A,N,0.02767,N,0.023399
6txe_chainA,220,R,N,0.059967,N,0.041999
6txe_chainA,221,V,N,0.052693,N,0.029398
6txe_chainA,222,C,N,0.025125,N,0.024972
6txe_chainA,223,E,N,0.12191,N,0.056806
6txe_chainA,224,V,N,0.193306,N,0.039702
6txe_chainA,225,D,N,0.092577,N,0.027665
6txe_chainA,226,N,N,0.042483,N,0.02092
6txe_chainA,227,E,N,0.044822,N,0.023899
6txe_chainA,228,L,N,0.121958,N,0.052244
6txe_chainA,229,R,N,0.148037,N,0.203886
6txe_chainA,230,I,N,0.040887,N,0.110689
6txe_chainA,231,C,N,0.046001,B,0.468396
6txe_chainA,232,A,N,0.043528,B,0.483677
6txe_chainA,233,R,N,0.052325,B,0.540721
6txe_chainA,234,D,N,0.035461,B,0.519523
6txe_chainA,235,K,N,0.029107,B,0.400741
6txe_chainA,236,E,N,0.016708,N,0.220188
6txe_chainA,237,V,N,0.053967,N,0.057609
6txe_chainA,238,G,N,0.020158,N,0.02152
6txe_chainA,239,N,N,0.04056,N,0.037449
6txe_chainA,240,L,N,0.099128,N,0.049962
6txe_chainA,241,Y,N,0.031457,N,0.024988
6txe_chainA,242,D,N,0.031876,N,0.020728
6txe_chainA,243,M,N,0.171729,N,0.067309
6txe_chainA,244,F,N,0.218287,N,0.084533
6txe_chainA,245,H,N,0.03492,N,0.022455
6txe_chainA,246,T,N,0.030103,N,0.017781
6txe_chainA,247,R,B,0.513603,N,0.20866
6txe_chainA,248,N,N,0.042708,N,0.024344
6txe_chainA,249,S,N,0.02349,N,0.01539
6txe_chainA,250,L,N,0.081943,N,0.060538
6txe_chainA,251,H,N,0.083293,N,0.062182
6txe_chainA,252,R,N,0.053561,N,0.045631
6txe_chainA,253,R,N,0.036734,N,0.036173
6txe_chainA,254,A,N,0.053984,N,0.039679
6txe_chainA,255,Y,N,0.046654,N,0.04432
6txe_chainA,256,Q,N,0.037537,N,0.038316
6txe_chainA,257,H,N,0.0613,N,0.061321
6txe_chainA,258,K,N,0.037824,N,0.043791
6txe_chainA,259,V,N,0.066295,N,0.04649
6txe_chainA,260,G,N,0.042323,N,0.023239
6txe_chainA,261,N,N,0.045429,N,0.030991
6txe_chainA,262,I,N,0.02185,N,0.013583
6txe_chainA,263,I,N,0.017908,N,0.015055
6txe_chainA,264,D,N,0.066717,N,0.047195
6txe_chainA,265,T,N,0.043409,N,0.032796
6txe_chainA,266,M,N,0.021751,N,0.019061
6txe_chainA,267,I,N,0.109197,N,0.10902
6txe_chainA,268,T,N,0.08058,N,0.065824
6txe_chainA,269,D,N,0.040869,N,0.037293
6txe_chainA,270,A,N,0.037052,N,0.033036
6txe_chainA,271,F,N,0.209526,N,0.08914
6txe_chainA,272,L,N,0.03752,N,0.031836
6txe_chainA,273,K,N,0.044022,N,0.04015
6txe_chainA,274,A,N,0.065965,N,0.03743
6txe_chainA,275,D,N,0.071889,N,0.03375
6txe_chainA,276,D,N,0.020845,N,0.012155
6txe_chainA,277,Y,N,0.020616,N,0.01541
6txe_chainA,278,I,N,0.050884,N,0.033608
6txe_chainA,279,E,N,0.058188,N,0.058777
6txe_chainA,280,I,N,0.037654,N,0.030244
6txe_chainA,281,T,N,0.064314,N,0.047096
6txe_chainA,282,G,N,0.049249,N,0.034247
6txe_chainA,283,A,N,0.039556,N,0.027162
6txe_chainA,284,G,N,0.033197,N,0.021564
6txe_chainA,285,G,N,0.025215,N,0.015485
6txe_chainA,286,K,N,0.038441,N,0.027423
6txe_chainA,287,K,N,0.037597,N,0.025438
6txe_chainA,288,Y,N,0.029673,N,0.026126
6txe_chainA,289,R,N,0.065942,N,0.051185
6txe_chainA,290,I,N,0.068822,N,0.060214
6txe_chainA,291,S,N,0.066605,N,0.043446
6txe_chainA,292,T,N,0.04097,N,0.024691
6txe_chainA,293,A,N,0.034364,N,0.024543
6txe_chainA,294,I,N,0.07923,N,0.034426
6txe_chainA,295,D,N,0.019269,N,0.014866
6txe_chainA,296,D,N,0.030802,N,0.078387
6txe_chainA,297,M,N,0.020698,N,0.015419
6txe_chainA,298,E,N,0.045149,N,0.040294
6txe_chainA,299,A,N,0.011984,N,0.039177
6txe_chainA,300,Y,N,0.028815,N,0.090853
6txe_chainA,301,T,N,0.034894,N,0.033579
6txe_chainA,302,K,N,0.046086,N,0.036987
6txe_chainA,303,L,N,0.015825,N,0.036796
6txe_chainA,304,T,N,0.037472,N,0.036008
6txe_chainA,305,D,N,0.066068,N,0.0377
6txe_chainA,306,N,N,0.041659,N,0.038084
6txe_chainA,307,I,N,0.018325,N,0.020865
6txe_chainA,308,F,N,0.036235,N,0.082761
6txe_chainA,309,L,N,0.040449,N,0.098639
6txe_chainA,310,E,N,0.03527,N,0.048916
6txe_chainA,311,I,N,0.016749,N,0.023717
6txe_chainA,312,L,N,0.030601,N,0.075962
6txe_chainA,313,Y,N,0.025802,N,0.024971
6txe_chainA,314,S,N,0.053474,N,0.052615
6txe_chainA,315,T,N,0.043692,N,0.035452
6txe_chainA,316,D,N,0.034761,N,0.030643
6txe_chainA,317,P,N,0.012701,N,0.009126
6txe_chainA,318,K,N,0.028707,N,0.026625
6txe_chainA,319,L,N,0.018622,N,0.014433
6txe_chainA,320,K,N,0.044134,N,0.024634
6txe_chainA,321,D,N,0.014856,N,0.011914
6txe_chainA,322,A,N,0.018155,N,0.034714
6txe_chainA,323,R,N,0.023435,N,0.016356
6txe_chainA,324,E,N,0.040238,N,0.027371
6txe_chainA,325,I,N,0.033995,N,0.02225
6txe_chainA,326,L,N,0.018336,N,0.032062
6txe_chainA,327,K,N,0.038906,N,0.028074
6txe_chainA,328,Q,N,0.141397,N,0.084154
6txe_chainA,329,I,N,0.018931,N,0.013912
6txe_chainA,330,E,N,0.028762,N,0.025302
6txe_chainA,331,Y,N,0.139256,N,0.067466
6txe_chainA,332,R,N,0.187608,N,0.097131
6txe_chainA,333,N,N,0.035647,N,0.027681
6txe_chainA,334,L,N,0.0454,N,0.03152
6txe_chainA,335,F,N,0.165265,N,0.054515
6txe_chainA,336,K,N,0.111685,N,0.05746
6txe_chainA,337,Y,N,0.031616,N,0.023184
6txe_chainA,338,V,N,0.03836,N,0.025071
6txe_chainA,339,G,N,0.049563,N,0.03919
6txe_chainA,340,E,N,0.050389,N,0.048123
6txe_chainA,341,T,N,0.02227,N,0.015748
6txe_chainA,342,Q,N,0.036584,N,0.029882
6txe_chainA,343,P,N,0.049164,N,0.033539
6txe_chainA,344,T,N,0.039931,N,0.034127
6txe_chainA,345,G,N,0.112096,N,0.04256
6txe_chainA,346,Q,N,0.068256,N,0.028481
6txe_chainA,347,I,N,0.089095,N,0.036123
6txe_chainA,348,K,N,0.068152,N,0.025251
6txe_chainA,349,I,N,0.02769,N,0.01921
6txe_chainA,350,K,N,0.061045,N,0.04093
6txe_chainA,351,R,N,0.035864,N,0.023547
6txe_chainA,352,E,N,0.024327,N,0.021559
6txe_chainA,353,D,N,0.024421,N,0.025408
6txe_chainA,354,Y,N,0.022714,N,0.024231
6txe_chainA,355,E,N,0.022895,N,0.020244
6txe_chainA,356,S,N,0.017722,N,0.015176
6txe_chainA,357,L,N,0.039452,N,0.028409
6txe_chainA,358,P,N,0.026795,N,0.020559
6txe_chainA,359,K,N,0.011426,N,0.012105
6txe_chainA,360,E,N,0.030709,N,0.026186
6txe_chainA,361,V,N,0.024895,N,0.020272
6txe_chainA,362,A,N,0.022431,N,0.016307
6txe_chainA,363,S,N,0.065253,N,0.04097
6txe_chainA,364,A,N,0.029212,N,0.01877
6txe_chainA,365,K,N,0.02944,N,0.020972
6txe_chainA,366,P,N,0.048467,N,0.033818
6txe_chainA,367,K,N,0.035752,N,0.027935
6txe_chainA,368,V,N,0.023002,N,0.018047
6txe_chainA,369,L,N,0.030995,N,0.020459
6txe_chainA,370,L,N,0.039693,N,0.028463
6txe_chainA,371,D,N,0.054255,N,0.057142
6txe_chainA,372,V,N,0.03177,N,0.023673
6txe_chainA,373,K,N,0.044592,N,0.027515
6txe_chainA,374,L,N,0.023755,N,0.012769
6txe_chainA,375,K,N,0.189826,N,0.063072
6txe_chainA,376,A,N,0.065559,N,0.02958
6txe_chainA,377,E,N,0.118254,N,0.035199
6txe_chainA,378,D,N,0.08023,N,0.032697
6txe_chainA,379,F,N,0.0427,N,0.027938
6txe_chainA,380,I,N,0.074829,N,0.040423
6txe_chainA,381,V,N,0.06914,N,0.043988
6txe_chainA,382,D,N,0.182153,N,0.077465
6txe_chainA,383,V,N,0.064616,N,0.031622
6txe_chainA,384,I,N,0.118756,N,0.059436
6txe_chainA,385,N,N,0.053589,N,0.042303
6txe_chainA,386,M,N,0.045299,N,0.033794
6txe_chainA,387,D,N,0.061453,N,0.035384
6txe_chainA,388,Y,N,0.109446,N,0.03254
6txe_chainA,389,G,N,0.116189,N,0.037565
6txe_chainA,390,M,N,0.060683,N,0.043066
6txe_chainA,391,Q,N,0.084745,N,0.034592
6txe_chainA,392,E,N,0.178346,N,0.073242
6txe_chainA,393,K,N,0.119155,N,0.065063
6txe_chainA,394,N,N,0.064569,N,0.032984
6txe_chainA,395,P,N,0.113064,N,0.063204
6txe_chainA,396,I,N,0.083888,N,0.07281
6txe_chainA,397,D,N,0.1212,N,0.057733
6txe_chainA,398,H,N,0.043268,N,0.036349
6txe_chainA,399,V,N,0.048568,N,0.037153
6txe_chainA,400,S,N,0.039607,N,0.042115
6txe_chainA,401,F,N,0.08085,N,0.050011
6txe_chainA,402,Y,N,0.058571,N,0.057964
6txe_chainA,403,C,N,0.051354,N,0.042638
6txe_chainA,404,K,N,0.229442,N,0.15166
6txe_chainA,405,T,N,0.036944,N,0.033435
6txe_chainA,406,A,N,0.259752,N,0.108066
6txe_chainA,407,P,N,0.052775,N,0.037857
6txe_chainA,408,N,N,0.03216,N,0.027893
6txe_chainA,409,R,N,0.245861,N,0.095006
6txe_chainA,410,A,N,0.143202,N,0.091416
6txe_chainA,411,I,N,0.063251,N,0.034644
6txe_chainA,412,R,N,0.046488,N,0.03596
6txe_chainA,413,I,N,0.028801,N,0.016892
6txe_chainA,414,T,N,0.024596,N,0.028539
6txe_chainA,415,K,N,0.036767,N,0.052123
6txe_chainA,416,N,N,0.014412,N,0.016228
6txe_chainA,417,Q,N,0.027807,N,0.032936
6txe_chainA,418,V,N,0.028542,N,0.016567
6txe_chainA,419,S,N,0.046236,N,0.036878
6txe_chainA,420,Q,N,0.046151,N,0.030007
6txe_chainA,421,L,N,0.031087,N,0.021868
6txe_chainA,422,L,N,0.018378,N,0.015115
6txe_chainA,423,P,N,0.024324,N,0.016081
6txe_chainA,424,E,N,0.046284,N,0.027065
6txe_chainA,425,K,N,0.021859,N,0.016606
6txe_chainA,426,F,N,0.023899,N,0.016681
6txe_chainA,427,A,N,0.02231,N,0.014645
6txe_chainA,428,E,N,0.030554,N,0.021615
6txe_chainA,429,Q,N,0.010451,N,0.007125
6txe_chainA,430,L,N,0.032648,N,0.024867
6txe_chainA,431,I,N,0.0198,N,0.011436
6txe_chainA,432,R,N,0.051903,N,0.038921
6txe_chainA,433,V,N,0.054779,N,0.031506
6txe_chainA,434,Y,N,0.042565,N,0.039318
6txe_chainA,435,C,N,0.058077,N,0.040052
6txe_chainA,436,K,N,0.082384,N,0.06637
6txe_chainA,437,K,N,0.03393,N,0.028784
6txe_chainA,438,V,N,0.018228,N,0.015215
6txe_chainA,439,D,N,0.036668,N,0.021442
6txe_chainA,440,R,N,0.020452,N,0.01575
6txe_chainA,441,K,N,0.026409,N,0.020384
6txe_chainA,442,S,N,0.017916,N,0.012682
6txe_chainA,443,L,N,0.014895,N,0.01135
6txe_chainA,444,Y,N,0.038724,N,0.032812
6txe_chainA,445,A,N,0.018048,N,0.01869
6txe_chainA,446,A,N,0.008391,N,0.007285
6txe_chainA,447,R,N,0.051766,N,0.044131
6txe_chainA,448,Q,N,0.043917,N,0.032018
6txe_chainA,449,Y,N,0.024292,N,0.020913
6txe_chainA,450,F,N,0.030328,N,0.02451
6txe_chainA,451,V,N,0.017071,N,0.012724
6txe_chainA,452,Q,N,0.020426,N,0.020318
6txe_chainA,453,W,N,0.039369,N,0.032145
6txe_chainA,454,C,N,0.024801,N,0.016675
6txe_chainA,455,A,N,0.017208,N,0.01682
6txe_chainA,456,D,N,0.019117,N,0.019009
6txe_chainA,457,R,N,0.03985,N,0.033813
6txe_chainA,458,N,N,0.034853,N,0.03043
6txe_chainA,459,F,N,0.042506,N,0.040429
6txe_chainA,460,T,N,0.042917,N,0.037315
6txe_chainA,461,K,N,0.064965,N,0.061955
6txe_chainA,462,P,N,0.041383,N,0.040086
6txe_chainA,463,Q,N,0.031786,N,0.032106
6txe_chainA,464,D,N,0.032719,N,0.026087
6txe_chainA,465,G,N,0.021238,N,0.024602
6txe_chainA,466,D,N,0.058922,N,0.042666
6txe_chainA,467,V,N,0.027849,N,0.023564
6txe_chainA,468,I,N,0.032033,N,0.0209
6txe_chainA,469,A,N,0.013488,N,0.012868
6txe_chainA,470,P,N,0.016952,N,0.012405
6txe_chainA,471,L,N,0.013551,N,0.01321
6txe_chainA,472,I,N,0.025685,N,0.015496
6txe_chainA,473,T,N,0.017959,N,0.018724
6txe_chainA,474,P,N,0.030196,N,0.023123
6txe_chainA,475,Q,N,0.025688,N,0.019076
6txe_chainA,476,K,N,0.018368,N,0.019497
6txe_chainA,477,K,N,0.010863,N,0.012378
6txe_chainA,478,E,N,0.023265,N,0.022864
6txe_chainA,479,W,N,0.023007,N,0.020498
6txe_chainA,480,N,N,0.020421,N,0.016101
