Prot.ID,NO,Residue,ATPseq Binding Sites,ATPseq Probability,ATPbind Binding Sites,ATPbind Probability
7alr_chainA,1,R,N,0.029061,N,0.025874
7alr_chainA,2,E,N,0.02647,N,0.022321
7alr_chainA,3,C,N,0.032731,N,0.039992
7alr_chainA,4,I,N,0.046514,N,0.042035
7alr_chainA,5,S,N,0.051092,N,0.046049
7alr_chainA,6,I,N,0.04142,N,0.065532
7alr_chainA,7,H,N,0.067839,N,0.057554
7alr_chainA,8,V,N,0.078037,N,0.070472
7alr_chainA,9,G,N,0.310447,N,0.268255
7alr_chainA,10,Q,N,0.18649,N,0.170567
7alr_chainA,11,A,N,0.276547,B,0.456583
7alr_chainA,12,G,N,0.246462,N,0.329667
7alr_chainA,13,V,N,0.08711,N,0.321097
7alr_chainA,14,Q,N,0.152477,B,0.552299
7alr_chainA,15,I,N,0.03456,N,0.162395
7alr_chainA,16,G,N,0.057668,N,0.126318
7alr_chainA,17,N,N,0.047398,N,0.044851
7alr_chainA,18,A,N,0.010956,N,0.014531
7alr_chainA,19,C,N,0.015689,N,0.016533
7alr_chainA,20,W,N,0.028923,N,0.026025
7alr_chainA,21,E,N,0.025083,N,0.020124
7alr_chainA,22,L,N,0.015536,N,0.016713
7alr_chainA,23,Y,N,0.026679,N,0.022937
7alr_chainA,24,C,N,0.016774,N,0.016511
7alr_chainA,25,L,N,0.012537,N,0.013322
7alr_chainA,26,E,N,0.057026,N,0.047725
7alr_chainA,27,H,N,0.052642,N,0.035629
7alr_chainA,28,G,N,0.029481,N,0.029562
7alr_chainA,29,I,N,0.028026,N,0.02719
7alr_chainA,30,Q,N,0.054242,N,0.048133
7alr_chainA,31,P,N,0.045637,N,0.034018
7alr_chainA,32,D,N,0.073089,N,0.065979
7alr_chainA,33,G,N,0.037425,N,0.041987
7alr_chainA,34,Q,N,0.033572,N,0.037642
7alr_chainA,35,M,N,0.045312,N,0.052049
7alr_chainA,36,P,N,0.012355,N,0.014808
7alr_chainA,37,S,N,0.021818,N,0.021981
7alr_chainA,38,D,N,0.017427,N,0.018792
7alr_chainA,39,S,N,0.041563,N,0.027773
7alr_chainA,40,F,N,0.045412,N,0.036942
7alr_chainA,41,N,N,0.038333,N,0.030937
7alr_chainA,42,T,N,0.05959,N,0.043831
7alr_chainA,43,F,N,0.042366,N,0.045121
7alr_chainA,44,F,N,0.071536,N,0.066112
7alr_chainA,45,S,N,0.03768,N,0.044189
7alr_chainA,46,E,N,0.098097,N,0.088043
7alr_chainA,47,T,N,0.018191,N,0.016206
7alr_chainA,48,G,N,0.010953,N,0.014519
7alr_chainA,49,A,N,0.012108,N,0.014071
7alr_chainA,50,G,N,0.022399,N,0.026956
7alr_chainA,51,K,N,0.020239,N,0.025709
7alr_chainA,52,H,N,0.04079,N,0.053917
7alr_chainA,53,V,N,0.02921,N,0.027699
7alr_chainA,54,P,N,0.060066,N,0.046823
7alr_chainA,55,R,N,0.063468,N,0.07759
7alr_chainA,56,A,N,0.03926,N,0.040051
7alr_chainA,57,V,N,0.04533,N,0.118245
7alr_chainA,58,F,N,0.055693,N,0.242187
7alr_chainA,59,V,N,0.070856,N,0.080986
7alr_chainA,60,D,B,0.464941,B,0.386126
7alr_chainA,61,L,N,0.308696,N,0.29621
7alr_chainA,62,E,N,0.419641,N,0.167216
7alr_chainA,63,P,N,0.038668,N,0.03815
7alr_chainA,64,T,N,0.035447,N,0.037704
7alr_chainA,65,V,N,0.094664,N,0.146387
7alr_chainA,66,I,N,0.043254,N,0.069881
7alr_chainA,67,D,N,0.070858,N,0.041317
7alr_chainA,68,E,N,0.080395,N,0.064749
7alr_chainA,69,V,N,0.0559,N,0.052326
7alr_chainA,70,R,N,0.163514,N,0.09528
7alr_chainA,71,T,N,0.064906,N,0.032215
7alr_chainA,72,G,N,0.244624,N,0.092769
7alr_chainA,73,T,N,0.045543,N,0.030679
7alr_chainA,74,Y,N,0.028998,N,0.031102
7alr_chainA,75,R,N,0.048413,N,0.034018
7alr_chainA,76,Q,N,0.076082,N,0.033849
7alr_chainA,77,L,N,0.032036,N,0.023631
7alr_chainA,78,F,N,0.057968,N,0.044689
7alr_chainA,79,H,N,0.091224,N,0.071615
7alr_chainA,80,P,N,0.064335,N,0.051331
7alr_chainA,81,E,N,0.031014,N,0.033035
7alr_chainA,82,Q,N,0.050425,N,0.037823
7alr_chainA,83,L,N,0.076104,N,0.041715
7alr_chainA,84,I,N,0.051544,N,0.043763
7alr_chainA,85,T,N,0.049967,N,0.032117
7alr_chainA,86,G,N,0.010744,N,0.0271
7alr_chainA,87,K,N,0.022886,N,0.031294
7alr_chainA,88,E,N,0.037217,N,0.04382
7alr_chainA,89,D,N,0.029679,N,0.02837
7alr_chainA,90,A,N,0.03849,N,0.042152
7alr_chainA,91,A,N,0.067272,N,0.061279
7alr_chainA,92,N,N,0.16048,N,0.114541
7alr_chainA,93,N,N,0.131597,N,0.106873
7alr_chainA,94,Y,N,0.079157,N,0.078508
7alr_chainA,95,A,N,0.048676,N,0.038604
7alr_chainA,96,R,N,0.135909,N,0.110432
7alr_chainA,97,G,N,0.078785,N,0.055583
7alr_chainA,98,H,N,0.046152,N,0.088894
7alr_chainA,99,Y,N,0.040996,N,0.037714
7alr_chainA,100,T,N,0.032991,N,0.027748
7alr_chainA,101,I,N,0.018919,N,0.018231
7alr_chainA,102,G,N,0.024012,N,0.019479
7alr_chainA,103,K,N,0.025739,N,0.022613
7alr_chainA,104,E,N,0.018991,N,0.017629
7alr_chainA,105,I,N,0.043222,N,0.024332
7alr_chainA,106,I,N,0.014404,N,0.021417
7alr_chainA,107,D,N,0.022032,N,0.016062
7alr_chainA,108,L,N,0.02728,N,0.023102
7alr_chainA,109,V,N,0.012237,N,0.010272
7alr_chainA,110,L,N,0.025006,N,0.017032
7alr_chainA,111,D,N,0.058256,N,0.042508
7alr_chainA,112,R,N,0.027797,N,0.052353
7alr_chainA,113,I,N,0.015938,N,0.016797
7alr_chainA,114,R,N,0.052326,N,0.035755
7alr_chainA,115,K,N,0.029196,N,0.027187
7alr_chainA,116,L,N,0.024464,N,0.022896
7alr_chainA,117,A,N,0.021785,N,0.016829
7alr_chainA,118,D,N,0.040941,N,0.026538
7alr_chainA,119,Q,N,0.028717,N,0.024427
7alr_chainA,120,C,N,0.032184,N,0.029446
7alr_chainA,121,T,N,0.041005,N,0.031673
7alr_chainA,122,G,N,0.024269,N,0.019313
7alr_chainA,123,L,N,0.032405,N,0.024625
7alr_chainA,124,Q,N,0.020342,N,0.014989
7alr_chainA,125,G,N,0.038509,N,0.027342
7alr_chainA,126,F,N,0.06504,N,0.045227
7alr_chainA,127,L,N,0.038952,N,0.039777
7alr_chainA,128,V,N,0.191734,N,0.172777
7alr_chainA,129,F,N,0.023102,N,0.074941
7alr_chainA,130,H,N,0.091266,B,0.561119
7alr_chainA,131,S,N,0.047456,N,0.325339
7alr_chainA,132,F,N,0.111651,B,0.508548
7alr_chainA,133,G,N,0.153882,N,0.323126
7alr_chainA,134,G,N,0.345485,N,0.307363
7alr_chainA,135,G,B,0.791543,B,0.420618
7alr_chainA,136,T,B,0.815231,B,0.53817
7alr_chainA,137,G,B,0.907561,B,0.586695
7alr_chainA,138,S,B,0.924594,B,0.442694
7alr_chainA,139,G,B,0.622199,N,0.232951
7alr_chainA,140,F,N,0.343326,N,0.109702
7alr_chainA,141,T,N,0.333776,N,0.145713
7alr_chainA,142,S,B,0.488444,N,0.187073
7alr_chainA,143,L,N,0.170738,N,0.063727
7alr_chainA,144,L,N,0.034485,N,0.047716
7alr_chainA,145,M,N,0.040622,N,0.034462
7alr_chainA,146,E,N,0.050389,N,0.041566
7alr_chainA,147,R,N,0.036277,N,0.03431
7alr_chainA,148,L,N,0.031135,N,0.026318
7alr_chainA,149,S,N,0.018928,N,0.024978
7alr_chainA,150,V,N,0.02512,N,0.021113
7alr_chainA,151,D,N,0.057584,N,0.041535
7alr_chainA,152,Y,N,0.066838,N,0.050101
7alr_chainA,153,G,N,0.031208,N,0.024612
7alr_chainA,154,K,N,0.062736,N,0.037932
7alr_chainA,155,K,N,0.083903,N,0.04096
7alr_chainA,156,S,N,0.044522,N,0.032302
7alr_chainA,157,K,N,0.058512,N,0.039574
7alr_chainA,158,L,N,0.021463,N,0.020463
7alr_chainA,159,E,N,0.051398,N,0.034582
7alr_chainA,160,F,N,0.107723,N,0.067754
7alr_chainA,161,S,N,0.087711,N,0.329046
7alr_chainA,162,I,N,0.098744,N,0.155254
7alr_chainA,163,Y,N,0.036854,N,0.142388
7alr_chainA,164,P,N,0.027869,N,0.042689
7alr_chainA,165,A,N,0.018013,N,0.02189
7alr_chainA,166,P,N,0.016324,N,0.026319
7alr_chainA,167,Q,N,0.021076,N,0.021543
7alr_chainA,168,V,N,0.018658,N,0.016206
7alr_chainA,169,S,N,0.025002,N,0.02281
7alr_chainA,170,T,N,0.106524,N,0.051816
7alr_chainA,171,A,N,0.068872,N,0.040427
7alr_chainA,172,V,N,0.120567,N,0.043751
7alr_chainA,173,V,N,0.088261,N,0.034788
7alr_chainA,174,E,N,0.039878,N,0.031608
7alr_chainA,175,P,N,0.084072,N,0.028692
7alr_chainA,176,Y,N,0.16414,N,0.075514
7alr_chainA,177,N,N,0.074498,N,0.068499
7alr_chainA,178,S,N,0.022523,N,0.018338
7alr_chainA,179,I,N,0.01689,N,0.022469
7alr_chainA,180,L,N,0.035779,N,0.045275
7alr_chainA,181,T,N,0.034558,N,0.101213
7alr_chainA,182,T,N,0.015588,N,0.02342
7alr_chainA,183,H,N,0.035592,N,0.079049
7alr_chainA,184,T,N,0.022298,N,0.13788
7alr_chainA,185,T,N,0.018594,N,0.175138
7alr_chainA,186,L,N,0.051059,N,0.147789
7alr_chainA,187,E,N,0.048386,N,0.061747
7alr_chainA,188,H,N,0.04848,N,0.131721
7alr_chainA,189,S,N,0.027721,N,0.075785
7alr_chainA,190,D,N,0.041849,N,0.040971
7alr_chainA,191,C,N,0.011364,N,0.016374
7alr_chainA,192,A,N,0.013879,N,0.058276
7alr_chainA,193,F,N,0.019159,N,0.029401
7alr_chainA,194,M,N,0.035681,N,0.15275
7alr_chainA,195,V,N,0.055405,N,0.162796
7alr_chainA,196,D,N,0.24209,B,0.653489
7alr_chainA,197,N,N,0.078623,N,0.22936
7alr_chainA,198,E,N,0.070787,N,0.17305
7alr_chainA,199,A,N,0.252779,N,0.155732
7alr_chainA,200,I,N,0.054019,N,0.045247
7alr_chainA,201,Y,N,0.036498,N,0.087145
7alr_chainA,202,D,N,0.080933,N,0.072284
7alr_chainA,203,I,N,0.057323,N,0.050493
7alr_chainA,204,C,N,0.02436,N,0.026225
7alr_chainA,205,R,N,0.008858,N,0.011622
7alr_chainA,206,R,N,0.041045,N,0.036935
7alr_chainA,207,N,N,0.023424,N,0.019561
7alr_chainA,208,L,N,0.041076,N,0.029232
7alr_chainA,209,D,N,0.016972,N,0.016003
7alr_chainA,210,I,N,0.033821,N,0.025693
7alr_chainA,211,E,N,0.027711,N,0.02238
7alr_chainA,212,R,N,0.023966,N,0.024112
7alr_chainA,213,P,N,0.016236,N,0.016868
7alr_chainA,214,T,N,0.026014,N,0.030397
7alr_chainA,215,Y,N,0.038062,N,0.040427
7alr_chainA,216,T,N,0.021879,N,0.024053
7alr_chainA,217,N,N,0.02081,N,0.020312
7alr_chainA,218,L,N,0.04996,N,0.031458
7alr_chainA,219,N,N,0.116834,N,0.08302
7alr_chainA,220,R,N,0.032335,N,0.028326
7alr_chainA,221,L,N,0.066321,N,0.031354
7alr_chainA,222,I,N,0.051848,N,0.065412
7alr_chainA,223,S,N,0.099281,N,0.05242
7alr_chainA,224,Q,N,0.054236,N,0.039543
7alr_chainA,225,I,N,0.035672,N,0.020268
7alr_chainA,226,V,N,0.093108,N,0.04472
7alr_chainA,227,S,N,0.056253,N,0.027765
7alr_chainA,228,S,N,0.050939,N,0.023564
7alr_chainA,229,I,N,0.055508,N,0.0355
7alr_chainA,230,T,N,0.059967,N,0.035136
7alr_chainA,231,A,N,0.035387,N,0.019642
7alr_chainA,232,S,N,0.050121,N,0.026354
7alr_chainA,233,L,N,0.032801,N,0.020362
7alr_chainA,234,R,N,0.070149,N,0.057941
7alr_chainA,235,F,N,0.036741,N,0.022473
7alr_chainA,236,D,N,0.02876,N,0.040229
7alr_chainA,237,G,N,0.030419,N,0.037764
7alr_chainA,238,A,N,0.037172,N,0.046912
7alr_chainA,239,L,N,0.053725,N,0.043466
7alr_chainA,240,N,N,0.075355,N,0.059776
7alr_chainA,241,V,N,0.012433,N,0.012903
7alr_chainA,242,D,N,0.042161,N,0.022557
7alr_chainA,243,L,N,0.226398,N,0.088136
7alr_chainA,244,T,N,0.028367,N,0.016638
7alr_chainA,245,E,N,0.03988,N,0.02358
7alr_chainA,246,F,N,0.038859,N,0.026686
7alr_chainA,247,Q,N,0.023989,N,0.020513
7alr_chainA,248,T,N,0.024112,N,0.019496
7alr_chainA,249,N,N,0.034341,N,0.024271
7alr_chainA,250,L,N,0.060438,N,0.025842
7alr_chainA,251,V,N,0.023712,N,0.018721
7alr_chainA,252,P,N,0.044827,N,0.025658
7alr_chainA,253,Y,N,0.036619,N,0.023684
7alr_chainA,254,P,N,0.060978,N,0.054593
7alr_chainA,255,R,N,0.014889,N,0.016858
7alr_chainA,256,I,N,0.011488,N,0.012969
7alr_chainA,257,H,N,0.031138,N,0.028813
7alr_chainA,258,F,N,0.034119,N,0.027832
7alr_chainA,259,P,N,0.030907,N,0.023443
7alr_chainA,260,L,N,0.037976,N,0.024553
7alr_chainA,261,A,N,0.032218,N,0.025131
7alr_chainA,262,T,N,0.032324,N,0.022359
7alr_chainA,263,Y,N,0.024978,N,0.019839
7alr_chainA,264,A,N,0.02884,N,0.024526
7alr_chainA,265,P,N,0.027309,N,0.022246
7alr_chainA,266,V,N,0.037261,N,0.027176
7alr_chainA,267,I,N,0.041268,N,0.033229
7alr_chainA,268,S,N,0.047148,N,0.036856
7alr_chainA,269,A,N,0.039264,N,0.032265
7alr_chainA,270,E,N,0.070667,N,0.037441
7alr_chainA,271,K,N,0.047379,N,0.039618
7alr_chainA,272,A,N,0.060052,N,0.042288
7alr_chainA,273,Y,N,0.043546,N,0.031846
7alr_chainA,274,H,N,0.053301,N,0.037387
7alr_chainA,275,E,N,0.048199,N,0.063696
7alr_chainA,276,Q,N,0.049739,N,0.04425
7alr_chainA,277,L,N,0.022937,N,0.025299
7alr_chainA,278,S,N,0.031446,N,0.024574
7alr_chainA,279,V,N,0.065336,N,0.034526
7alr_chainA,280,A,N,0.025728,N,0.024374
7alr_chainA,281,E,N,0.058754,N,0.041515
7alr_chainA,282,I,N,0.103208,N,0.052874
7alr_chainA,283,T,N,0.055475,N,0.030505
7alr_chainA,284,N,N,0.028938,N,0.023767
7alr_chainA,285,A,N,0.029031,N,0.022401
7alr_chainA,286,C,N,0.029372,N,0.017872
7alr_chainA,287,F,N,0.025731,N,0.020448
7alr_chainA,288,E,N,0.041563,N,0.028587
7alr_chainA,289,P,N,0.037157,N,0.030847
7alr_chainA,290,A,N,0.023021,N,0.020019
7alr_chainA,291,N,N,0.036802,N,0.036382
7alr_chainA,292,Q,N,0.042268,N,0.039731
7alr_chainA,293,M,N,0.058064,N,0.045319
7alr_chainA,294,V,N,0.041126,N,0.035149
7alr_chainA,295,K,N,0.081541,N,0.054138
7alr_chainA,296,C,N,0.022089,N,0.019592
7alr_chainA,297,D,N,0.081587,N,0.051477
7alr_chainA,298,P,N,0.016904,N,0.017126
7alr_chainA,299,R,N,0.088941,N,0.073159
7alr_chainA,300,H,N,0.037817,N,0.027575
7alr_chainA,301,G,N,0.023177,N,0.01488
7alr_chainA,302,K,N,0.062964,N,0.046367
7alr_chainA,303,Y,N,0.029799,N,0.021423
7alr_chainA,304,M,N,0.025769,N,0.017023
7alr_chainA,305,A,N,0.034865,N,0.02864
7alr_chainA,306,C,N,0.014611,N,0.012081
7alr_chainA,307,C,N,0.031891,N,0.027577
7alr_chainA,308,L,N,0.020562,N,0.016831
7alr_chainA,309,L,N,0.027759,N,0.021973
7alr_chainA,310,Y,N,0.029722,N,0.023868
7alr_chainA,311,R,N,0.036978,N,0.037688
7alr_chainA,312,G,N,0.024029,N,0.023531
7alr_chainA,313,D,N,0.079552,N,0.057334
7alr_chainA,314,V,N,0.028872,N,0.0194
7alr_chainA,315,V,N,0.019944,N,0.016113
7alr_chainA,316,P,N,0.067081,N,0.092601
7alr_chainA,317,K,N,0.042928,N,0.03934
7alr_chainA,318,D,N,0.038148,N,0.038112
7alr_chainA,319,V,N,0.022281,N,0.017063
7alr_chainA,320,N,N,0.033613,N,0.079428
7alr_chainA,321,A,N,0.02433,N,0.025165
7alr_chainA,322,A,N,0.009187,N,0.009227
7alr_chainA,323,I,N,0.02526,N,0.023016
7alr_chainA,324,A,N,0.018067,N,0.016452
7alr_chainA,325,T,N,0.05345,N,0.045538
7alr_chainA,326,I,N,0.01619,N,0.010771
7alr_chainA,327,K,N,0.040641,N,0.085857
7alr_chainA,328,T,N,0.060565,N,0.035657
7alr_chainA,329,K,N,0.103137,N,0.060764
7alr_chainA,330,R,N,0.029907,N,0.028346
7alr_chainA,331,S,N,0.021246,N,0.021137
7alr_chainA,332,I,N,0.037634,N,0.030147
7alr_chainA,333,Q,N,0.031285,N,0.030402
7alr_chainA,334,F,N,0.039997,N,0.035171
7alr_chainA,335,V,N,0.02449,N,0.023406
7alr_chainA,336,D,N,0.02676,N,0.023424
7alr_chainA,337,W,N,0.063666,N,0.053495
7alr_chainA,338,C,N,0.029345,N,0.028566
7alr_chainA,339,P,N,0.048223,N,0.040878
7alr_chainA,340,G,N,0.033477,N,0.031442
7alr_chainA,341,F,N,0.035375,N,0.043667
7alr_chainA,342,K,N,0.087963,N,0.062091
7alr_chainA,343,V,N,0.089529,N,0.059078
7alr_chainA,344,G,N,0.03857,N,0.026741
7alr_chainA,345,I,N,0.056887,N,0.051257
7alr_chainA,346,N,N,0.068102,N,0.044239
7alr_chainA,347,Y,N,0.038066,N,0.033534
7alr_chainA,348,Q,N,0.06002,N,0.036015
7alr_chainA,349,P,N,0.103559,N,0.080512
7alr_chainA,350,P,N,0.116361,N,0.050935
7alr_chainA,351,T,N,0.050853,N,0.042667
7alr_chainA,352,V,N,0.043249,N,0.027668
7alr_chainA,353,V,N,0.026126,N,0.021642
7alr_chainA,354,P,N,0.021412,N,0.023872
7alr_chainA,355,G,N,0.017159,N,0.015479
7alr_chainA,356,G,N,0.015042,N,0.0151
7alr_chainA,357,D,N,0.037998,N,0.031192
7alr_chainA,358,L,N,0.027981,N,0.015029
7alr_chainA,359,A,N,0.038331,N,0.017778
7alr_chainA,360,K,N,0.146284,N,0.051074
7alr_chainA,361,V,N,0.042479,N,0.024556
7alr_chainA,362,Q,N,0.038409,N,0.02293
7alr_chainA,363,R,N,0.034455,N,0.01941
7alr_chainA,364,A,N,0.022883,N,0.017997
7alr_chainA,365,V,N,0.015482,N,0.012872
7alr_chainA,366,C,N,0.014421,N,0.01113
7alr_chainA,367,M,N,0.046298,N,0.039507
7alr_chainA,368,L,N,0.047046,N,0.028622
7alr_chainA,369,S,N,0.016229,N,0.014543
7alr_chainA,370,N,N,0.069072,N,0.058509
7alr_chainA,371,T,N,0.083415,N,0.060429
7alr_chainA,372,T,N,0.024586,N,0.016085
7alr_chainA,373,A,N,0.028009,N,0.019749
7alr_chainA,374,I,N,0.023075,N,0.021256
7alr_chainA,375,A,N,0.023252,N,0.020896
7alr_chainA,376,E,N,0.010772,N,0.015318
7alr_chainA,377,A,N,0.024009,N,0.018779
7alr_chainA,378,W,N,0.027148,N,0.03671
7alr_chainA,379,A,N,0.025875,N,0.173044
7alr_chainA,380,R,N,0.048301,N,0.057381
7alr_chainA,381,L,N,0.051373,N,0.045734
7alr_chainA,382,D,N,0.036137,N,0.153981
7alr_chainA,383,H,N,0.021766,N,0.134819
7alr_chainA,384,K,N,0.134684,N,0.120476
7alr_chainA,385,F,N,0.071506,N,0.059473
7alr_chainA,386,D,N,0.026609,N,0.034739
7alr_chainA,387,L,N,0.031708,N,0.025042
7alr_chainA,388,M,N,0.121713,N,0.047851
7alr_chainA,389,Y,N,0.066919,N,0.050048
7alr_chainA,390,A,N,0.024991,N,0.02363
7alr_chainA,391,K,N,0.049801,N,0.035251
7alr_chainA,392,R,N,0.036636,N,0.031434
7alr_chainA,393,A,N,0.040393,N,0.025206
7alr_chainA,394,F,N,0.032189,N,0.028423
7alr_chainA,395,V,N,0.027851,N,0.021424
7alr_chainA,396,H,N,0.050896,N,0.038085
7alr_chainA,397,W,N,0.055828,N,0.039353
7alr_chainA,398,Y,N,0.108373,N,0.075002
7alr_chainA,399,V,N,0.048725,N,0.038796
7alr_chainA,400,G,N,0.026334,N,0.021939
7alr_chainA,401,E,N,0.029825,N,0.024576
7alr_chainA,402,G,N,0.030848,N,0.018578
7alr_chainA,403,M,N,0.024856,N,0.020496
7alr_chainA,404,E,N,0.042596,N,0.033071
7alr_chainA,405,E,N,0.049845,N,0.043129
7alr_chainA,406,G,N,0.021118,N,0.016221
7alr_chainA,407,E,N,0.048201,N,0.045204
7alr_chainA,408,F,N,0.073004,N,0.05272
7alr_chainA,409,S,N,0.049629,N,0.031729
7alr_chainA,410,E,N,0.019656,N,0.014744
7alr_chainA,411,A,N,0.01605,N,0.018886
7alr_chainA,412,R,N,0.027235,N,0.025625
7alr_chainA,413,E,N,0.014384,N,0.011578
7alr_chainA,414,D,N,0.015941,N,0.013227
7alr_chainA,415,M,N,0.009251,N,0.009224
7alr_chainA,416,A,N,0.013013,N,0.091741
7alr_chainA,417,A,N,0.018501,N,0.022826
7alr_chainA,418,L,N,0.015653,N,0.019073
7alr_chainA,419,E,N,0.034268,N,0.030368
7alr_chainA,420,K,N,0.011157,N,0.019881
7alr_chainA,421,D,N,0.029312,N,0.030003
7alr_chainA,422,Y,N,0.045478,N,0.026828
7alr_chainA,423,E,N,0.014984,N,0.014797
7alr_chainA,424,E,N,0.014513,N,0.01513
7alr_chainA,425,V,N,0.018846,N,0.015962
