Prot.ID,NO,Residue,ATPseq Binding Sites,ATPseq Probability,ATPbind Binding Sites,ATPbind Probability
7cqq_chainA,1,T,N,0.013468,N,0.009698
7cqq_chainA,2,D,N,0.026934,N,0.01505
7cqq_chainA,3,L,N,0.018185,N,0.014395
7cqq_chainA,4,A,N,0.024455,N,0.023932
7cqq_chainA,5,S,N,0.024396,N,0.027435
7cqq_chainA,6,I,N,0.015078,N,0.01523
7cqq_chainA,7,A,N,0.014961,N,0.015478
7cqq_chainA,8,R,N,0.025191,N,0.025651
7cqq_chainA,9,E,N,0.039473,N,0.02464
7cqq_chainA,10,K,N,0.028623,N,0.022689
7cqq_chainA,11,G,N,0.018694,N,0.017976
7cqq_chainA,12,I,N,0.027212,N,0.02595
7cqq_chainA,13,E,N,0.041708,N,0.034153
7cqq_chainA,14,F,N,0.038186,N,0.031878
7cqq_chainA,15,F,N,0.046365,N,0.041184
7cqq_chainA,16,L,N,0.048516,N,0.046015
7cqq_chainA,17,I,N,0.047508,N,0.042103
7cqq_chainA,18,S,N,0.016043,N,0.020005
7cqq_chainA,19,F,N,0.031081,N,0.030112
7cqq_chainA,20,T,N,0.036906,N,0.032296
7cqq_chainA,21,D,N,0.039613,N,0.037511
7cqq_chainA,22,L,N,0.036745,N,0.035527
7cqq_chainA,23,L,N,0.054002,N,0.04658
7cqq_chainA,24,G,N,0.037463,N,0.024822
7cqq_chainA,25,V,N,0.063089,N,0.045678
7cqq_chainA,26,Q,N,0.059578,N,0.040671
7cqq_chainA,27,R,N,0.114027,N,0.070469
7cqq_chainA,28,A,N,0.051866,N,0.035764
7cqq_chainA,29,K,N,0.071675,N,0.051471
7cqq_chainA,30,L,N,0.024293,N,0.017467
7cqq_chainA,31,V,N,0.022034,N,0.019404
7cqq_chainA,32,P,N,0.035522,N,0.023957
7cqq_chainA,33,A,N,0.029446,N,0.025119
7cqq_chainA,34,R,N,0.011147,N,0.011144
7cqq_chainA,35,A,N,0.027218,N,0.026972
7cqq_chainA,36,I,N,0.023406,N,0.017807
7cqq_chainA,37,A,N,0.030601,N,0.02122
7cqq_chainA,38,D,N,0.01631,N,0.009969
7cqq_chainA,39,M,N,0.015265,N,0.013421
7cqq_chainA,40,A,N,0.016874,N,0.012294
7cqq_chainA,41,V,N,0.022188,N,0.016434
7cqq_chainA,42,N,N,0.02375,N,0.018348
7cqq_chainA,43,G,N,0.038982,N,0.019438
7cqq_chainA,44,A,N,0.055616,N,0.029276
7cqq_chainA,45,G,N,0.02735,N,0.015841
7cqq_chainA,46,F,N,0.068161,N,0.047375
7cqq_chainA,47,A,N,0.073222,N,0.056119
7cqq_chainA,48,G,N,0.051769,N,0.043756
7cqq_chainA,49,F,N,0.078208,N,0.058772
7cqq_chainA,50,A,N,0.089853,N,0.063186
7cqq_chainA,51,A,N,0.039448,N,0.039654
7cqq_chainA,52,W,N,0.032065,N,0.0375
7cqq_chainA,53,L,N,0.019812,N,0.023308
7cqq_chainA,54,D,N,0.031492,N,0.041011
7cqq_chainA,55,M,N,0.025518,N,0.026611
7cqq_chainA,56,S,N,0.024731,N,0.022937
7cqq_chainA,57,P,N,0.04183,N,0.033169
7cqq_chainA,58,A,N,0.032668,N,0.030808
7cqq_chainA,59,D,N,0.141783,N,0.081409
7cqq_chainA,60,A,N,0.038759,N,0.028948
7cqq_chainA,61,D,N,0.183401,N,0.087111
7cqq_chainA,62,I,N,0.048336,N,0.032867
7cqq_chainA,63,L,N,0.024481,N,0.020174
7cqq_chainA,64,A,N,0.041666,N,0.031688
7cqq_chainA,65,I,N,0.044122,N,0.039375
7cqq_chainA,66,P,N,0.021989,N,0.019959
7cqq_chainA,67,D,N,0.045888,N,0.03855
7cqq_chainA,68,P,N,0.010723,N,0.014421
7cqq_chainA,69,E,N,0.016833,N,0.023504
7cqq_chainA,70,S,N,0.049273,N,0.036342
7cqq_chainA,71,L,N,0.036654,N,0.032201
7cqq_chainA,72,I,N,0.047095,N,0.042711
7cqq_chainA,73,Q,N,0.027116,N,0.025245
7cqq_chainA,74,L,N,0.04306,N,0.029233
7cqq_chainA,75,P,N,0.052693,N,0.032814
7cqq_chainA,76,W,N,0.071898,N,0.067014
7cqq_chainA,77,K,N,0.08023,N,0.053847
7cqq_chainA,78,P,N,0.040307,N,0.030006
7cqq_chainA,79,S,N,0.031211,N,0.024792
7cqq_chainA,80,V,N,0.022644,N,0.015052
7cqq_chainA,81,G,N,0.045161,N,0.027155
7cqq_chainA,82,W,N,0.049081,N,0.036025
7cqq_chainA,83,L,N,0.031206,N,0.02301
7cqq_chainA,84,A,N,0.084958,N,0.053726
7cqq_chainA,85,A,N,0.079693,N,0.046988
7cqq_chainA,86,D,N,0.080649,N,0.041081
7cqq_chainA,87,V,N,0.057032,N,0.031715
7cqq_chainA,88,H,N,0.097505,N,0.06914
7cqq_chainA,89,F,N,0.037937,N,0.028392
7cqq_chainA,90,E,N,0.041399,N,0.028938
7cqq_chainA,91,G,N,0.023607,N,0.026928
7cqq_chainA,92,R,N,0.028488,N,0.029438
7cqq_chainA,93,P,N,0.034477,N,0.032484
7cqq_chainA,94,F,N,0.049334,N,0.035919
7cqq_chainA,95,P,N,0.051445,N,0.04773
7cqq_chainA,96,K,N,0.035908,N,0.033398
7cqq_chainA,97,A,N,0.035519,N,0.033637
7cqq_chainA,98,P,N,0.029083,N,0.025765
7cqq_chainA,99,R,N,0.120244,N,0.096854
7cqq_chainA,100,V,N,0.049653,N,0.035739
7cqq_chainA,101,A,N,0.026951,N,0.021425
7cqq_chainA,102,L,N,0.038233,N,0.027822
7cqq_chainA,103,K,N,0.042351,N,0.040329
7cqq_chainA,104,S,N,0.029782,N,0.029916
7cqq_chainA,105,V,N,0.026537,N,0.025543
7cqq_chainA,106,L,N,0.037649,N,0.030686
7cqq_chainA,107,A,N,0.027598,N,0.023885
7cqq_chainA,108,R,N,0.039558,N,0.03953
7cqq_chainA,109,A,N,0.034077,N,0.023678
7cqq_chainA,110,A,N,0.039765,N,0.030743
7cqq_chainA,111,G,N,0.020143,N,0.015733
7cqq_chainA,112,K,N,0.017414,N,0.012661
7cqq_chainA,113,D,N,0.041111,N,0.036064
7cqq_chainA,114,M,N,0.035147,N,0.037458
7cqq_chainA,115,H,N,0.024511,N,0.028048
7cqq_chainA,116,L,N,0.023978,N,0.041465
7cqq_chainA,117,K,N,0.039034,N,0.128147
7cqq_chainA,118,H,N,0.041386,N,0.122843
7cqq_chainA,119,G,N,0.049726,N,0.333194
7cqq_chainA,120,V,N,0.047084,N,0.189594
7cqq_chainA,121,E,N,0.168066,B,0.554477
7cqq_chainA,122,C,N,0.035055,N,0.078278
7cqq_chainA,123,E,N,0.07636,B,0.40691
7cqq_chainA,124,F,N,0.067975,N,0.302932
7cqq_chainA,125,F,N,0.0714,N,0.241182
7cqq_chainA,126,L,N,0.05638,N,0.0849
7cqq_chainA,127,I,N,0.078047,N,0.10077
7cqq_chainA,128,Q,N,0.034711,N,0.039837
7cqq_chainA,129,P,N,0.035612,N,0.032725
7cqq_chainA,130,D,N,0.0692,N,0.060807
7cqq_chainA,131,G,N,0.014684,N,0.019764
7cqq_chainA,132,S,N,0.050968,N,0.069554
7cqq_chainA,133,A,N,0.02828,N,0.028144
7cqq_chainA,134,I,N,0.071894,N,0.063753
7cqq_chainA,135,S,N,0.031437,N,0.027855
7cqq_chainA,136,D,N,0.039507,N,0.036968
7cqq_chainA,137,P,N,0.045494,N,0.059457
7cqq_chainA,138,A,N,0.053351,N,0.059538
7cqq_chainA,139,D,N,0.023291,N,0.043848
7cqq_chainA,140,T,N,0.036961,N,0.038393
7cqq_chainA,141,Q,N,0.044827,N,0.039878
7cqq_chainA,142,A,N,0.043937,N,0.036539
7cqq_chainA,143,K,N,0.054677,N,0.043507
7cqq_chainA,144,P,N,0.059754,N,0.038539
7cqq_chainA,145,C,N,0.071518,N,0.052358
7cqq_chainA,146,Y,N,0.079659,N,0.066389
7cqq_chainA,147,D,N,0.035887,N,0.038714
7cqq_chainA,148,Q,N,0.065903,N,0.051672
7cqq_chainA,149,D,N,0.047308,N,0.042423
7cqq_chainA,150,A,N,0.026292,N,0.024819
7cqq_chainA,151,L,N,0.077322,N,0.054339
7cqq_chainA,152,M,N,0.019759,N,0.017104
7cqq_chainA,153,R,N,0.032448,N,0.025215
7cqq_chainA,154,R,N,0.02561,N,0.01909
7cqq_chainA,155,F,N,0.042146,N,0.024016
7cqq_chainA,156,D,N,0.045285,N,0.025325
7cqq_chainA,157,V,N,0.02251,N,0.015531
7cqq_chainA,158,I,N,0.049879,N,0.033244
7cqq_chainA,159,A,N,0.036028,N,0.023511
7cqq_chainA,160,E,N,0.055831,N,0.044997
7cqq_chainA,161,I,N,0.070767,N,0.039544
7cqq_chainA,162,C,N,0.035428,N,0.023417
7cqq_chainA,163,S,N,0.021696,N,0.018334
7cqq_chainA,164,Y,N,0.034987,N,0.022547
7cqq_chainA,165,M,N,0.060388,N,0.035703
7cqq_chainA,166,V,N,0.031931,N,0.026703
7cqq_chainA,167,D,N,0.026285,N,0.027923
7cqq_chainA,168,L,N,0.025437,N,0.021413
7cqq_chainA,169,G,N,0.068335,N,0.039424
7cqq_chainA,170,W,N,0.020651,N,0.023633
7cqq_chainA,171,G,N,0.017148,N,0.026233
7cqq_chainA,172,P,N,0.018583,N,0.055212
7cqq_chainA,173,Y,N,0.202952,N,0.157276
7cqq_chainA,174,Q,N,0.023869,N,0.075735
7cqq_chainA,175,N,N,0.024631,N,0.147048
7cqq_chainA,176,D,N,0.049997,N,0.173629
7cqq_chainA,177,H,N,0.0234,N,0.149162
7cqq_chainA,178,E,N,0.10464,N,0.151649
7cqq_chainA,179,D,N,0.054851,N,0.119946
7cqq_chainA,180,A,N,0.049428,N,0.065155
7cqq_chainA,181,N,N,0.071126,N,0.090925
7cqq_chainA,182,G,N,0.058059,N,0.144003
7cqq_chainA,183,Q,N,0.18582,N,0.347525
7cqq_chainA,184,F,N,0.104849,N,0.279775
7cqq_chainA,185,E,B,0.447505,B,0.798695
7cqq_chainA,186,M,N,0.065109,N,0.073312
7cqq_chainA,187,N,N,0.236843,N,0.297353
7cqq_chainA,188,W,N,0.037198,N,0.035687
7cqq_chainA,189,D,N,0.083569,N,0.079204
7cqq_chainA,190,Y,N,0.053929,N,0.133912
7cqq_chainA,191,A,N,0.032884,N,0.035654
7cqq_chainA,192,D,N,0.022201,N,0.022714
7cqq_chainA,193,A,N,0.033363,N,0.026861
7cqq_chainA,194,L,N,0.065203,N,0.049504
7cqq_chainA,195,V,N,0.036353,N,0.025883
7cqq_chainA,196,T,N,0.030737,N,0.023415
7cqq_chainA,197,A,N,0.02694,N,0.020193
7cqq_chainA,198,D,N,0.092135,N,0.049347
7cqq_chainA,199,R,N,0.110348,N,0.067837
7cqq_chainA,200,H,N,0.056546,N,0.040788
7cqq_chainA,201,A,N,0.041472,N,0.036029
7cqq_chainA,202,F,N,0.074811,N,0.035048
7cqq_chainA,203,F,N,0.027688,N,0.029313
7cqq_chainA,204,K,N,0.089977,N,0.06221
7cqq_chainA,205,F,N,0.040892,N,0.029703
7cqq_chainA,206,M,N,0.058335,N,0.041026
7cqq_chainA,207,V,N,0.035009,N,0.032603
7cqq_chainA,208,K,N,0.093701,N,0.058381
7cqq_chainA,209,S,N,0.06086,N,0.040927
7cqq_chainA,210,V,N,0.051114,N,0.031779
7cqq_chainA,211,A,N,0.058198,N,0.030828
7cqq_chainA,212,E,N,0.034587,N,0.025311
7cqq_chainA,213,R,N,0.023241,N,0.02366
7cqq_chainA,214,H,N,0.018366,N,0.018531
7cqq_chainA,215,G,N,0.024578,N,0.023066
7cqq_chainA,216,L,N,0.021907,N,0.021778
7cqq_chainA,217,R,N,0.010793,N,0.015314
7cqq_chainA,218,A,N,0.025156,N,0.02485
7cqq_chainA,219,T,N,0.030591,N,0.045621
7cqq_chainA,220,F,N,0.064697,N,0.061077
7cqq_chainA,221,M,N,0.127878,N,0.083817
7cqq_chainA,222,P,N,0.049317,N,0.040672
7cqq_chainA,223,K,N,0.322306,N,0.130448
7cqq_chainA,224,P,N,0.218407,N,0.083073
7cqq_chainA,225,F,N,0.142568,N,0.066887
7cqq_chainA,226,A,N,0.117349,N,0.066019
7cqq_chainA,227,H,N,0.128931,N,0.092335
7cqq_chainA,228,L,N,0.269268,N,0.122097
7cqq_chainA,229,T,N,0.183886,N,0.06528
7cqq_chainA,230,G,B,0.466829,N,0.14309
7cqq_chainA,231,N,B,0.580029,N,0.165519
7cqq_chainA,232,G,B,0.498644,N,0.153588
7cqq_chainA,233,C,N,0.273768,N,0.189822
7cqq_chainA,234,H,B,0.723172,B,0.637922
7cqq_chainA,235,T,N,0.154802,N,0.145626
7cqq_chainA,236,H,N,0.281417,B,0.609739
7cqq_chainA,237,L,N,0.11473,N,0.176147
7cqq_chainA,238,S,N,0.151395,N,0.304812
7cqq_chainA,239,M,N,0.050306,N,0.052523
7cqq_chainA,240,W,N,0.030277,N,0.038109
7cqq_chainA,241,T,N,0.021846,N,0.026305
7cqq_chainA,242,A,N,0.026795,N,0.033984
7cqq_chainA,243,A,N,0.036623,N,0.044961
7cqq_chainA,244,G,N,0.095593,N,0.055633
7cqq_chainA,245,D,N,0.088376,N,0.071703
7cqq_chainA,246,N,N,0.118234,N,0.069727
7cqq_chainA,247,L,N,0.132986,N,0.060256
7cqq_chainA,248,F,N,0.119616,N,0.078539
7cqq_chainA,249,E,N,0.101637,N,0.068737
7cqq_chainA,250,G,N,0.0302,N,0.025101
7cqq_chainA,251,D,N,0.027427,N,0.024819
7cqq_chainA,252,G,N,0.02047,N,0.019848
7cqq_chainA,253,E,N,0.036226,N,0.025952
7cqq_chainA,254,L,N,0.04015,N,0.026146
7cqq_chainA,255,G,N,0.025067,N,0.020194
7cqq_chainA,256,L,N,0.034073,N,0.022037
7cqq_chainA,257,S,N,0.029918,N,0.019268
7cqq_chainA,258,P,N,0.031455,N,0.02296
7cqq_chainA,259,T,N,0.034506,N,0.028098
7cqq_chainA,260,A,N,0.011988,N,0.021226
7cqq_chainA,261,Y,N,0.033943,N,0.026996
7cqq_chainA,262,A,N,0.02679,N,0.028885
7cqq_chainA,263,F,N,0.022054,N,0.019299
7cqq_chainA,264,L,N,0.040011,N,0.05397
7cqq_chainA,265,G,N,0.052213,N,0.035582
7cqq_chainA,266,G,N,0.032699,N,0.030467
7cqq_chainA,267,L,N,0.031186,N,0.02251
7cqq_chainA,268,I,N,0.041474,N,0.021716
7cqq_chainA,269,G,N,0.040969,N,0.038927
7cqq_chainA,270,H,N,0.044946,N,0.072982
7cqq_chainA,271,A,N,0.02238,N,0.038989
7cqq_chainA,272,K,N,0.037818,N,0.030643
7cqq_chainA,273,G,N,0.049486,N,0.089071
7cqq_chainA,274,L,N,0.015211,N,0.038422
7cqq_chainA,275,T,N,0.020726,N,0.023369
7cqq_chainA,276,A,N,0.030141,N,0.036777
7cqq_chainA,277,V,N,0.045065,N,0.120947
7cqq_chainA,278,V,N,0.022086,N,0.06263
7cqq_chainA,279,N,N,0.013732,N,0.015976
7cqq_chainA,280,P,N,0.022487,N,0.020366
7cqq_chainA,281,T,N,0.031421,N,0.028676
7cqq_chainA,282,V,N,0.054975,N,0.036465
7cqq_chainA,283,N,N,0.14112,N,0.065054
7cqq_chainA,284,S,N,0.255181,N,0.06765
7cqq_chainA,285,Y,N,0.306372,N,0.103755
7cqq_chainA,286,K,N,0.211221,N,0.116046
7cqq_chainA,287,R,N,0.306669,N,0.166186
7cqq_chainA,288,L,N,0.070442,N,0.053653
7cqq_chainA,289,N,N,0.039224,N,0.031634
7cqq_chainA,290,A,N,0.036529,N,0.030993
7cqq_chainA,291,P,N,0.02927,N,0.033126
7cqq_chainA,292,V,N,0.043836,N,0.033368
7cqq_chainA,293,T,N,0.136323,N,0.090084
7cqq_chainA,294,V,N,0.091492,N,0.057501
7cqq_chainA,295,S,N,0.141159,N,0.062024
7cqq_chainA,296,G,N,0.042593,N,0.037441
7cqq_chainA,297,A,N,0.047181,N,0.0414
7cqq_chainA,298,T,N,0.018263,N,0.016204
7cqq_chainA,299,W,N,0.017735,N,0.016509
7cqq_chainA,300,S,N,0.020001,N,0.019473
7cqq_chainA,301,P,N,0.033968,N,0.03921
7cqq_chainA,302,N,N,0.062291,N,0.051351
7cqq_chainA,303,T,N,0.022316,N,0.02186
7cqq_chainA,304,I,N,0.053379,N,0.034441
7cqq_chainA,305,T,N,0.075839,N,0.034745
7cqq_chainA,306,Y,N,0.099961,N,0.075276
7cqq_chainA,307,G,N,0.06166,N,0.047368
7cqq_chainA,308,G,N,0.052895,N,0.035398
7cqq_chainA,309,N,N,0.058106,N,0.049696
7cqq_chainA,310,N,N,0.064362,N,0.05854
7cqq_chainA,311,R,N,0.140882,N,0.089797
7cqq_chainA,312,T,N,0.038048,N,0.038225
7cqq_chainA,313,H,N,0.108712,N,0.058501
7cqq_chainA,314,M,N,0.252721,N,0.158179
7cqq_chainA,315,V,N,0.255931,N,0.102019
7cqq_chainA,316,R,B,0.518501,N,0.252172
7cqq_chainA,317,I,N,0.172046,N,0.101208
7cqq_chainA,318,P,N,0.184375,N,0.173694
7cqq_chainA,319,D,N,0.043772,N,0.05604
7cqq_chainA,320,A,N,0.044029,N,0.047205
7cqq_chainA,321,G,N,0.068159,N,0.081209
7cqq_chainA,322,R,B,0.592553,B,0.606411
7cqq_chainA,323,L,N,0.063376,N,0.08308
7cqq_chainA,324,E,N,0.252648,N,0.379128
7cqq_chainA,325,L,N,0.079053,N,0.0546
7cqq_chainA,326,R,N,0.402196,N,0.320314
7cqq_chainA,327,L,N,0.061708,N,0.099691
7cqq_chainA,328,P,N,0.036962,N,0.08799
7cqq_chainA,329,D,N,0.032814,N,0.129124
7cqq_chainA,330,G,N,0.017369,N,0.058062
7cqq_chainA,331,A,N,0.053585,N,0.096618
7cqq_chainA,332,A,N,0.04503,N,0.058838
7cqq_chainA,333,N,N,0.105429,N,0.065487
7cqq_chainA,334,P,N,0.056725,N,0.044717
7cqq_chainA,335,Y,N,0.052299,N,0.049083
7cqq_chainA,336,L,N,0.037806,N,0.034051
7cqq_chainA,337,M,N,0.028586,N,0.026345
7cqq_chainA,338,P,N,0.045934,N,0.039687
7cqq_chainA,339,A,N,0.014511,N,0.015039
7cqq_chainA,340,A,N,0.016403,N,0.015636
7cqq_chainA,341,I,N,0.026273,N,0.02087
7cqq_chainA,342,L,N,0.014133,N,0.011809
7cqq_chainA,343,A,N,0.044079,N,0.030216
7cqq_chainA,344,A,N,0.021173,N,0.012673
7cqq_chainA,345,G,N,0.081111,N,0.0352
7cqq_chainA,346,L,N,0.022237,N,0.015744
7cqq_chainA,347,D,N,0.026863,N,0.023793
7cqq_chainA,348,G,N,0.165608,N,0.075696
7cqq_chainA,349,I,N,0.079177,N,0.056159
7cqq_chainA,350,E,N,0.038072,N,0.028931
7cqq_chainA,351,T,N,0.021161,N,0.01962
7cqq_chainA,352,Q,N,0.111153,N,0.069162
7cqq_chainA,353,A,N,0.015877,N,0.017306
7cqq_chainA,354,D,N,0.030099,N,0.026633
7cqq_chainA,355,P,N,0.017097,N,0.012764
7cqq_chainA,356,G,N,0.037598,N,0.026579
7cqq_chainA,357,Q,N,0.036904,N,0.030819
7cqq_chainA,358,R,N,0.031141,N,0.020756
7cqq_chainA,359,L,N,0.040646,N,0.022535
7cqq_chainA,360,D,N,0.046868,N,0.040806
7cqq_chainA,361,I,N,0.037713,N,0.033066
7cqq_chainA,362,D,N,0.050628,N,0.034602
7cqq_chainA,363,M,N,0.045839,N,0.045488
7cqq_chainA,364,Y,N,0.07455,N,0.074694
7cqq_chainA,365,V,N,0.034654,N,0.039046
7cqq_chainA,366,E,N,0.025038,N,0.024124
7cqq_chainA,367,G,N,0.016307,N,0.018313
7cqq_chainA,368,H,N,0.025765,N,0.030094
7cqq_chainA,369,S,N,0.051365,N,0.037495
7cqq_chainA,370,V,N,0.02443,N,0.019285
7cqq_chainA,371,E,N,0.039324,N,0.021151
7cqq_chainA,372,A,N,0.050498,N,0.041062
7cqq_chainA,373,E,N,0.060561,N,0.041014
7cqq_chainA,374,Q,N,0.060923,N,0.044182
7cqq_chainA,375,L,N,0.065783,N,0.040836
7cqq_chainA,376,P,N,0.081436,N,0.064585
7cqq_chainA,377,L,N,0.024158,N,0.021074
7cqq_chainA,378,N,N,0.01758,N,0.039608
7cqq_chainA,379,L,N,0.027153,N,0.02578
7cqq_chainA,380,L,N,0.013068,N,0.015555
7cqq_chainA,381,D,N,0.015245,N,0.035993
7cqq_chainA,382,A,N,0.017967,N,0.026171
7cqq_chainA,383,V,N,0.014307,N,0.015499
7cqq_chainA,384,R,N,0.014552,N,0.016892
7cqq_chainA,385,A,N,0.040871,N,0.054256
7cqq_chainA,386,L,N,0.036225,N,0.023746
7cqq_chainA,387,E,N,0.037638,N,0.03155
7cqq_chainA,388,A,N,0.021561,N,0.017164
7cqq_chainA,389,D,N,0.061829,N,0.038601
7cqq_chainA,390,E,N,0.035416,N,0.02404
7cqq_chainA,391,V,N,0.015178,N,0.014804
7cqq_chainA,392,L,N,0.032307,N,0.023932
7cqq_chainA,393,A,N,0.10958,N,0.058517
7cqq_chainA,394,G,N,0.027118,N,0.026273
7cqq_chainA,395,G,N,0.023075,N,0.023602
7cqq_chainA,396,L,N,0.019572,N,0.017135
7cqq_chainA,397,G,N,0.060522,N,0.026389
7cqq_chainA,398,A,N,0.040028,N,0.030083
7cqq_chainA,399,A,N,0.031814,N,0.023594
7cqq_chainA,400,A,N,0.0556,N,0.029724
7cqq_chainA,401,A,N,0.034197,N,0.021575
7cqq_chainA,402,A,N,0.023948,N,0.020514
7cqq_chainA,403,F,N,0.029326,N,0.026939
7cqq_chainA,404,A,N,0.027277,N,0.020671
7cqq_chainA,405,K,N,0.017,N,0.013001
7cqq_chainA,406,F,N,0.021215,N,0.015424
7cqq_chainA,407,K,N,0.059559,N,0.04557
7cqq_chainA,408,R,N,0.02048,N,0.016304
7cqq_chainA,409,A,N,0.0171,N,0.013641
7cqq_chainA,410,E,N,0.057519,N,0.05018
7cqq_chainA,411,W,N,0.02371,N,0.020592
7cqq_chainA,412,A,N,0.018212,N,0.016062
7cqq_chainA,413,D,N,0.031742,N,0.028452
7cqq_chainA,414,Y,N,0.025201,N,0.01979
7cqq_chainA,415,K,N,0.070496,N,0.054097
7cqq_chainA,416,S,N,0.020071,N,0.014616
7cqq_chainA,417,Q,N,0.014869,N,0.015315
7cqq_chainA,418,L,N,0.031875,N,0.024687
7cqq_chainA,419,T,N,0.020545,N,0.017259
7cqq_chainA,420,E,N,0.020146,N,0.020343
7cqq_chainA,421,W,N,0.016615,N,0.015422
7cqq_chainA,422,E,N,0.042805,N,0.038916
7cqq_chainA,423,R,N,0.019337,N,0.018826
7cqq_chainA,424,R,N,0.020813,N,0.021422
7cqq_chainA,425,T,N,0.017478,N,0.017693
7cqq_chainA,426,T,N,0.040596,N,0.030732
7cqq_chainA,427,L,N,0.013364,N,0.01066
7cqq_chainA,428,D,N,0.038185,N,0.039047
7cqq_chainA,429,C,N,0.015679,N,0.014022
