Prot.ID,NO,Residue,ATPseq Binding Sites,ATPseq Probability,ATPbind Binding Sites,ATPbind Probability
7edz_chainC,1,D,N,0.021184,N,0.023481
7edz_chainC,2,P,N,0.020246,N,0.025629
7edz_chainC,3,V,N,0.033433,N,0.04032
7edz_chainC,4,A,N,0.02437,N,0.030352
7edz_chainC,5,E,N,0.037904,N,0.041515
7edz_chainC,6,F,N,0.054128,N,0.041882
7edz_chainC,7,P,N,0.052185,N,0.040749
7edz_chainC,8,Q,N,0.076981,N,0.06184
7edz_chainC,9,P,N,0.03925,N,0.029532
7edz_chainC,10,P,N,0.017981,N,0.016297
7edz_chainC,11,G,N,0.014576,N,0.016346
7edz_chainC,12,A,N,0.043881,N,0.026819
7edz_chainC,13,A,N,0.018487,N,0.01216
7edz_chainC,14,R,N,0.019157,N,0.013915
7edz_chainC,15,W,N,0.0083,N,0.005333
7edz_chainC,16,A,N,0.021922,N,0.013441
7edz_chainC,17,E,N,0.026901,N,0.023385
7edz_chainC,18,V,N,0.010186,N,0.008695
7edz_chainC,19,M,N,0.025667,N,0.019384
7edz_chainC,20,A,N,0.012705,N,0.009722
7edz_chainC,21,R,N,0.03347,N,0.035625
7edz_chainC,22,F,N,0.049469,N,0.043639
7edz_chainC,23,A,N,0.030216,N,0.028899
7edz_chainC,24,A,N,0.030364,N,0.029134
7edz_chainC,25,R,N,0.054376,N,0.051025
7edz_chainC,26,L,N,0.050967,N,0.046354
7edz_chainC,27,G,N,0.033062,N,0.028872
7edz_chainC,28,A,N,0.024677,N,0.015928
7edz_chainC,29,Q,N,0.035036,N,0.02059
7edz_chainC,30,G,N,0.041808,N,0.025907
7edz_chainC,31,R,N,0.059717,N,0.033207
7edz_chainC,32,R,N,0.037776,N,0.032304
7edz_chainC,33,V,N,0.044846,N,0.032195
7edz_chainC,34,V,N,0.061477,N,0.043061
7edz_chainC,35,L,N,0.045438,N,0.056814
7edz_chainC,36,V,B,0.485865,B,0.697094
7edz_chainC,37,T,N,0.181052,B,0.744037
7edz_chainC,38,S,N,0.243859,B,0.814343
7edz_chainC,39,G,N,0.12471,N,0.170015
7edz_chainC,40,G,N,0.364966,N,0.18813
7edz_chainC,41,T,N,0.17835,N,0.107381
7edz_chainC,42,K,N,0.146868,N,0.098983
7edz_chainC,43,V,N,0.0365,N,0.037408
7edz_chainC,44,P,N,0.069164,N,0.045548
7edz_chainC,45,L,N,0.103308,N,0.055065
7edz_chainC,46,E,N,0.079046,N,0.078505
7edz_chainC,47,A,N,0.047929,N,0.033322
7edz_chainC,48,R,N,0.018973,N,0.018195
7edz_chainC,49,P,N,0.060003,N,0.037181
7edz_chainC,50,V,N,0.143684,N,0.090226
7edz_chainC,51,R,N,0.104991,N,0.058351
7edz_chainC,52,F,B,0.608838,N,0.192847
7edz_chainC,53,L,N,0.211055,N,0.075567
7edz_chainC,54,D,N,0.160409,N,0.063096
7edz_chainC,55,N,N,0.161456,N,0.083004
7edz_chainC,56,F,N,0.091124,N,0.081679
7edz_chainC,57,S,N,0.170225,N,0.172209
7edz_chainC,58,S,N,0.347325,N,0.365057
7edz_chainC,59,G,B,0.649137,B,0.940897
7edz_chainC,60,R,B,0.550761,B,0.965558
7edz_chainC,61,R,N,0.161401,B,0.744615
7edz_chainC,62,G,B,0.561514,B,0.81446
7edz_chainC,63,A,N,0.299407,N,0.245346
7edz_chainC,64,T,N,0.069394,N,0.077474
7edz_chainC,65,S,N,0.041193,N,0.034478
7edz_chainC,66,A,N,0.053957,N,0.041381
7edz_chainC,67,E,N,0.049872,N,0.038639
7edz_chainC,68,A,N,0.011753,N,0.010705
7edz_chainC,69,F,N,0.021313,N,0.015615
7edz_chainC,70,L,N,0.015339,N,0.01155
7edz_chainC,71,A,N,0.027481,N,0.021369
7edz_chainC,72,A,N,0.014888,N,0.012296
7edz_chainC,73,G,N,0.023824,N,0.016687
7edz_chainC,74,Y,N,0.014716,N,0.011815
7edz_chainC,75,G,N,0.011762,N,0.012738
7edz_chainC,76,V,N,0.036334,N,0.031258
7edz_chainC,77,L,N,0.021236,N,0.037463
7edz_chainC,78,F,N,0.022492,N,0.060696
7edz_chainC,79,L,N,0.090124,B,0.441189
7edz_chainC,80,Y,N,0.050223,B,0.699888
7edz_chainC,81,R,N,0.14486,B,0.419445
7edz_chainC,82,A,N,0.042214,N,0.220198
7edz_chainC,83,R,N,0.034342,N,0.051579
7edz_chainC,84,S,N,0.056722,N,0.123202
7edz_chainC,85,A,N,0.039883,N,0.035876
7edz_chainC,86,F,N,0.107069,N,0.094427
7edz_chainC,87,P,N,0.23739,N,0.11917
7edz_chainC,88,Y,N,0.117038,N,0.054777
7edz_chainC,89,A,N,0.03613,N,0.020416
7edz_chainC,90,H,N,0.034188,N,0.021712
7edz_chainC,91,R,N,0.025175,N,0.018684
7edz_chainC,92,F,N,0.01516,N,0.010631
7edz_chainC,93,P,N,0.027421,N,0.021146
7edz_chainC,94,P,N,0.025351,N,0.017581
7edz_chainC,95,Q,N,0.037637,N,0.019114
7edz_chainC,96,T,N,0.067616,N,0.029088
7edz_chainC,97,W,N,0.04135,N,0.021585
7edz_chainC,98,L,N,0.05415,N,0.022549
7edz_chainC,99,S,N,0.059083,N,0.031023
7edz_chainC,100,A,N,0.0403,N,0.022701
7edz_chainC,101,L,N,0.04761,N,0.026227
7edz_chainC,102,R,N,0.041628,N,0.020469
7edz_chainC,103,P,N,0.045243,N,0.015735
7edz_chainC,104,S,N,0.078114,N,0.03815
7edz_chainC,105,G,N,0.030623,N,0.018027
7edz_chainC,106,P,N,0.034128,N,0.021424
7edz_chainC,107,A,N,0.054004,N,0.019468
7edz_chainC,108,L,N,0.068235,N,0.026884
7edz_chainC,109,S,N,0.029607,N,0.014811
7edz_chainC,110,G,N,0.031018,N,0.022417
7edz_chainC,111,L,N,0.029632,N,0.016902
7edz_chainC,112,L,N,0.031291,N,0.017256
7edz_chainC,113,S,N,0.038106,N,0.021561
7edz_chainC,114,L,N,0.030964,N,0.021328
7edz_chainC,115,E,N,0.032718,N,0.022171
7edz_chainC,116,A,N,0.033583,N,0.028901
7edz_chainC,117,E,N,0.046933,N,0.035506
7edz_chainC,118,E,N,0.038045,N,0.028777
7edz_chainC,119,N,N,0.022895,N,0.011483
7edz_chainC,120,A,N,0.0262,N,0.017529
7edz_chainC,121,L,N,0.037039,N,0.018727
7edz_chainC,122,P,N,0.027545,N,0.016628
7edz_chainC,123,G,N,0.028614,N,0.018016
7edz_chainC,124,F,N,0.017405,N,0.010609
7edz_chainC,125,A,N,0.024597,N,0.013556
7edz_chainC,126,E,N,0.009989,N,0.010735
7edz_chainC,127,A,N,0.019973,N,0.016633
7edz_chainC,128,L,N,0.018479,N,0.013656
7edz_chainC,129,R,N,0.009298,N,0.006474
7edz_chainC,130,S,N,0.021989,N,0.016356
7edz_chainC,131,Y,N,0.032649,N,0.023467
7edz_chainC,132,Q,N,0.028161,N,0.021095
7edz_chainC,133,E,N,0.033002,N,0.021174
7edz_chainC,134,A,N,0.029419,N,0.023256
7edz_chainC,135,A,N,0.024389,N,0.019593
7edz_chainC,136,A,N,0.027034,N,0.022114
7edz_chainC,137,A,N,0.026054,N,0.018581
7edz_chainC,138,G,N,0.018694,N,0.012227
7edz_chainC,139,T,N,0.014816,N,0.012049
7edz_chainC,140,F,N,0.016529,N,0.014829
7edz_chainC,141,L,N,0.030553,N,0.025632
7edz_chainC,142,V,N,0.036341,N,0.022507
7edz_chainC,143,V,N,0.022097,N,0.019041
7edz_chainC,144,E,N,0.022865,N,0.026489
7edz_chainC,145,F,N,0.032816,N,0.077245
7edz_chainC,146,T,N,0.079656,N,0.131465
7edz_chainC,147,T,N,0.017052,N,0.02227
7edz_chainC,148,L,N,0.019121,N,0.027974
7edz_chainC,149,A,N,0.020835,N,0.028411
7edz_chainC,150,D,N,0.018205,N,0.056019
7edz_chainC,151,Y,N,0.023501,N,0.2142
7edz_chainC,152,L,N,0.023064,N,0.031988
7edz_chainC,153,H,N,0.016434,N,0.023887
7edz_chainC,154,L,N,0.016296,N,0.025104
7edz_chainC,155,L,N,0.03187,N,0.048872
7edz_chainC,156,Q,N,0.021902,N,0.021812
7edz_chainC,157,A,N,0.016907,N,0.012056
7edz_chainC,158,A,N,0.025229,N,0.032177
7edz_chainC,159,A,N,0.020654,N,0.022319
7edz_chainC,160,Q,N,0.026884,N,0.024128
7edz_chainC,161,A,N,0.032201,N,0.02707
7edz_chainC,162,L,N,0.025196,N,0.019962
7edz_chainC,163,N,N,0.027361,N,0.027684
7edz_chainC,164,P,N,0.01347,N,0.012756
7edz_chainC,165,L,N,0.017871,N,0.01727
7edz_chainC,166,G,N,0.031919,N,0.022347
7edz_chainC,167,P,N,0.023541,N,0.012734
7edz_chainC,168,S,N,0.021023,N,0.013623
7edz_chainC,169,A,N,0.006448,N,0.006255
7edz_chainC,170,M,N,0.015063,N,0.012758
7edz_chainC,171,F,N,0.023848,N,0.026958
7edz_chainC,172,Y,N,0.018631,N,0.028972
7edz_chainC,173,L,N,0.026561,N,0.127857
7edz_chainC,174,A,N,0.035246,B,0.722124
7edz_chainC,175,A,N,0.036882,B,0.53756
7edz_chainC,176,A,N,0.101732,B,0.523132
7edz_chainC,177,V,N,0.084725,N,0.152249
7edz_chainC,178,S,N,0.035065,N,0.039056
7edz_chainC,179,D,N,0.137628,N,0.098319
7edz_chainC,180,F,N,0.022533,N,0.020785
7edz_chainC,181,Y,N,0.027404,N,0.031528
7edz_chainC,182,V,N,0.009121,N,0.009244
7edz_chainC,183,P,N,0.009401,N,0.011662
7edz_chainC,184,V,N,0.014875,N,0.015168
7edz_chainC,185,S,N,0.015166,N,0.020885
7edz_chainC,186,E,N,0.019074,N,0.017962
7edz_chainC,187,M,N,0.039406,N,0.028603
7edz_chainC,188,P,N,0.035811,N,0.021245
7edz_chainC,189,E,N,0.067646,N,0.046565
7edz_chainC,190,H,N,0.125988,N,0.055068
7edz_chainC,191,K,N,0.282484,N,0.124549
7edz_chainC,192,I,N,0.17904,N,0.095483
7edz_chainC,193,Q,N,0.195337,N,0.118495
7edz_chainC,194,S,N,0.217006,N,0.14152
7edz_chainC,195,S,N,0.06257,N,0.037934
7edz_chainC,196,G,N,0.052173,N,0.052923
7edz_chainC,197,G,N,0.019356,N,0.020958
7edz_chainC,198,P,N,0.036029,N,0.032845
7edz_chainC,199,L,N,0.009884,N,0.009109
7edz_chainC,200,Q,N,0.038606,N,0.036635
7edz_chainC,201,I,N,0.037052,N,0.029871
7edz_chainC,202,T,N,0.027577,N,0.030035
7edz_chainC,203,M,N,0.064834,N,0.04687
7edz_chainC,204,K,N,0.079902,N,0.043668
7edz_chainC,205,M,N,0.052289,N,0.037587
7edz_chainC,206,V,N,0.101116,N,0.053528
7edz_chainC,207,P,N,0.276792,N,0.126205
7edz_chainC,208,K,N,0.164812,N,0.090227
7edz_chainC,209,L,N,0.077631,N,0.049237
7edz_chainC,210,L,N,0.270442,N,0.120076
7edz_chainC,211,S,N,0.074325,N,0.046044
7edz_chainC,212,P,N,0.034229,N,0.021679
7edz_chainC,213,L,N,0.057785,N,0.042598
7edz_chainC,214,V,N,0.038987,N,0.027509
7edz_chainC,215,K,N,0.027196,N,0.021287
7edz_chainC,216,D,N,0.028488,N,0.015204
7edz_chainC,217,W,N,0.028673,N,0.018749
7edz_chainC,218,A,N,0.019106,N,0.017384
7edz_chainC,219,P,N,0.037537,N,0.030983
7edz_chainC,220,K,N,0.02215,N,0.018031
7edz_chainC,221,A,N,0.079793,N,0.053114
7edz_chainC,222,F,N,0.032265,N,0.024692
7edz_chainC,223,I,N,0.047495,N,0.025909
7edz_chainC,224,I,N,0.360125,N,0.130851
7edz_chainC,225,S,N,0.300608,N,0.138714
7edz_chainC,226,F,N,0.147361,N,0.115774
7edz_chainC,227,K,N,0.068241,N,0.05677
7edz_chainC,228,L,N,0.015109,N,0.015001
7edz_chainC,229,E,N,0.08717,N,0.043482
7edz_chainC,230,T,N,0.032571,N,0.017524
7edz_chainC,231,D,N,0.022198,N,0.019213
7edz_chainC,232,P,N,0.021026,N,0.022555
7edz_chainC,233,A,N,0.014377,N,0.014657
7edz_chainC,234,I,N,0.027043,N,0.021448
7edz_chainC,235,V,N,0.027546,N,0.018105
7edz_chainC,236,I,N,0.020483,N,0.019889
7edz_chainC,237,N,N,0.02219,N,0.025265
7edz_chainC,238,R,N,0.023889,N,0.025272
7edz_chainC,239,A,N,0.018806,N,0.013687
7edz_chainC,240,R,N,0.021868,N,0.015378
7edz_chainC,241,K,N,0.025939,N,0.01947
7edz_chainC,242,A,N,0.041121,N,0.025186
7edz_chainC,243,L,N,0.032195,N,0.024402
7edz_chainC,244,E,N,0.030835,N,0.025363
7edz_chainC,245,I,N,0.077554,N,0.045432
7edz_chainC,246,Y,N,0.038014,N,0.025797
7edz_chainC,247,Q,N,0.045471,N,0.032347
7edz_chainC,248,H,N,0.013171,N,0.011927
7edz_chainC,249,Q,N,0.024598,N,0.024128
7edz_chainC,250,V,N,0.022334,N,0.024387
7edz_chainC,251,V,N,0.03864,N,0.029075
7edz_chainC,252,V,N,0.018966,N,0.018247
7edz_chainC,253,A,N,0.031544,N,0.032885
7edz_chainC,254,N,N,0.057624,N,0.058996
7edz_chainC,255,I,N,0.02146,N,0.022609
7edz_chainC,256,L,N,0.057183,N,0.054909
7edz_chainC,257,E,N,0.114213,N,0.065315
7edz_chainC,258,S,N,0.032634,N,0.012804
7edz_chainC,259,R,N,0.018251,N,0.01937
7edz_chainC,260,Q,N,0.02936,N,0.033628
7edz_chainC,261,S,N,0.049176,N,0.084889
7edz_chainC,262,F,N,0.013582,N,0.020363
7edz_chainC,263,V,N,0.021516,N,0.019894
7edz_chainC,264,L,N,0.022951,N,0.016022
7edz_chainC,265,I,N,0.027918,N,0.021695
7edz_chainC,266,V,N,0.023275,N,0.018375
7edz_chainC,267,T,N,0.026292,N,0.021075
7edz_chainC,268,K,N,0.040249,N,0.025796
7edz_chainC,269,D,N,0.08364,N,0.052148
7edz_chainC,270,S,N,0.029796,N,0.023917
7edz_chainC,271,E,N,0.048311,N,0.040119
7edz_chainC,272,T,N,0.041967,N,0.024061
7edz_chainC,273,K,N,0.050214,N,0.029447
7edz_chainC,274,L,N,0.049627,N,0.028193
7edz_chainC,275,L,N,0.049161,N,0.048652
7edz_chainC,276,L,N,0.024461,N,0.025933
7edz_chainC,277,S,N,0.023082,N,0.031018
7edz_chainC,278,E,N,0.029458,N,0.034441
7edz_chainC,279,E,N,0.019398,N,0.019082
7edz_chainC,280,E,N,0.050662,N,0.044388
7edz_chainC,281,I,N,0.023286,N,0.016225
7edz_chainC,282,E,N,0.016769,N,0.010085
7edz_chainC,283,K,N,0.021791,N,0.012917
7edz_chainC,284,G,N,0.017761,N,0.016278
7edz_chainC,285,V,N,0.020728,N,0.014491
7edz_chainC,286,E,N,0.012543,N,0.012866
7edz_chainC,287,I,N,0.0182,N,0.015082
7edz_chainC,288,E,N,0.022999,N,0.016856
7edz_chainC,289,E,N,0.034837,N,0.022661
7edz_chainC,290,K,N,0.027554,N,0.019687
7edz_chainC,291,I,N,0.014615,N,0.013376
7edz_chainC,292,V,N,0.01988,N,0.011669
7edz_chainC,293,D,N,0.020996,N,0.012201
7edz_chainC,294,N,N,0.038793,N,0.035148
7edz_chainC,295,L,N,0.022033,N,0.018817
7edz_chainC,296,Q,N,0.030827,N,0.018178
7edz_chainC,297,S,N,0.022784,N,0.014362
7edz_chainC,298,R,N,0.031949,N,0.026367
7edz_chainC,299,H,N,0.01972,N,0.015308
7edz_chainC,300,T,N,0.010261,N,0.009171
7edz_chainC,301,A,N,0.028599,N,0.021086
7edz_chainC,302,F,N,0.023529,N,0.015648
7edz_chainC,303,I,N,0.014587,N,0.009876
7edz_chainC,304,G,N,0.010826,N,0.010661
