Prot.ID,NO,Residue,ATPseq Binding Sites,ATPseq Probability,ATPbind Binding Sites,ATPbind Probability
7fgg_chainA,1,D,N,0.021712,N,0.02746
7fgg_chainA,2,P,N,0.031688,N,0.049342
7fgg_chainA,3,V,N,0.068979,N,0.14163
7fgg_chainA,4,Y,N,0.102257,N,0.23616
7fgg_chainA,5,V,N,0.06179,N,0.081414
7fgg_chainA,6,D,N,0.05316,N,0.209261
7fgg_chainA,7,I,N,0.038687,N,0.188979
7fgg_chainA,8,D,N,0.025346,N,0.251376
7fgg_chainA,9,A,N,0.013544,N,0.156245
7fgg_chainA,10,D,N,0.014326,N,0.103548
7fgg_chainA,11,S,N,0.019606,N,0.134312
7fgg_chainA,12,A,N,0.025936,N,0.054063
7fgg_chainA,13,F,N,0.027019,N,0.158434
7fgg_chainA,14,L,N,0.028268,N,0.043139
7fgg_chainA,15,K,N,0.062213,N,0.062064
7fgg_chainA,16,A,N,0.02352,N,0.095657
7fgg_chainA,17,L,N,0.019571,N,0.201491
7fgg_chainA,18,Q,N,0.040596,N,0.063524
7fgg_chainA,19,R,N,0.049215,N,0.057073
7fgg_chainA,20,A,N,0.019479,N,0.064695
7fgg_chainA,21,Y,N,0.055789,N,0.091556
7fgg_chainA,22,P,N,0.026335,N,0.032668
7fgg_chainA,23,M,N,0.022673,N,0.030365
7fgg_chainA,24,F,N,0.031517,N,0.032666
7fgg_chainA,25,E,N,0.040584,N,0.052585
7fgg_chainA,26,V,N,0.034339,N,0.024367
7fgg_chainA,27,E,N,0.053809,N,0.041545
7fgg_chainA,28,P,N,0.043823,N,0.030639
7fgg_chainA,29,R,N,0.071112,N,0.066662
7fgg_chainA,30,Q,N,0.0749,N,0.064768
7fgg_chainA,31,V,N,0.085044,N,0.067422
7fgg_chainA,32,T,N,0.039546,N,0.049726
7fgg_chainA,33,P,N,0.058645,N,0.062271
7fgg_chainA,34,N,N,0.040893,N,0.042452
7fgg_chainA,35,D,N,0.033543,N,0.041792
7fgg_chainA,36,H,N,0.058627,N,0.055898
7fgg_chainA,37,A,N,0.029516,N,0.046707
7fgg_chainA,38,N,N,0.035448,N,0.164954
7fgg_chainA,39,A,N,0.040037,B,0.598083
7fgg_chainA,40,R,N,0.023197,N,0.184138
7fgg_chainA,41,A,N,0.009899,N,0.224965
7fgg_chainA,42,F,N,0.022532,B,0.390537
7fgg_chainA,43,S,N,0.04348,B,0.480445
7fgg_chainA,44,H,N,0.035251,N,0.180498
7fgg_chainA,45,L,N,0.014508,N,0.026968
7fgg_chainA,46,A,N,0.024851,N,0.050094
7fgg_chainA,47,I,N,0.026904,N,0.024392
7fgg_chainA,48,K,N,0.042047,N,0.042927
7fgg_chainA,49,L,N,0.015698,N,0.016497
7fgg_chainA,50,I,N,0.017025,N,0.018978
7fgg_chainA,51,E,N,0.034321,N,0.030417
7fgg_chainA,52,Q,N,0.037724,N,0.023738
7fgg_chainA,53,E,N,0.049168,N,0.030533
7fgg_chainA,54,I,N,0.028598,N,0.016535
7fgg_chainA,55,D,N,0.035081,N,0.024342
7fgg_chainA,56,P,N,0.041098,N,0.027419
7fgg_chainA,57,D,N,0.026161,N,0.024673
7fgg_chainA,58,S,N,0.020056,N,0.017549
7fgg_chainA,59,T,N,0.012452,N,0.012232
7fgg_chainA,60,I,N,0.028177,N,0.03525
7fgg_chainA,61,L,N,0.038367,N,0.042986
7fgg_chainA,62,D,N,0.035642,N,0.028953
7fgg_chainA,63,I,N,0.031259,N,0.027641
7fgg_chainA,64,G,N,0.125333,N,0.157275
7fgg_chainA,65,S,N,0.047375,N,0.319474
7fgg_chainA,66,A,N,0.057392,N,0.320957
7fgg_chainA,67,P,N,0.076547,N,0.103821
7fgg_chainA,68,A,N,0.041436,N,0.061456
7fgg_chainA,69,R,N,0.124325,N,0.092298
7fgg_chainA,70,R,N,0.036268,N,0.029242
7fgg_chainA,71,M,N,0.02605,N,0.01941
7fgg_chainA,72,M,N,0.037105,N,0.029854
7fgg_chainA,73,S,N,0.038228,N,0.029047
7fgg_chainA,74,D,N,0.036951,N,0.023561
7fgg_chainA,75,R,N,0.010028,N,0.006921
7fgg_chainA,76,K,N,0.042629,N,0.027426
7fgg_chainA,77,Y,N,0.032839,N,0.022691
7fgg_chainA,78,H,N,0.067159,N,0.06052
7fgg_chainA,79,C,N,0.048766,N,0.041613
7fgg_chainA,80,V,N,0.029253,N,0.041631
7fgg_chainA,81,C,N,0.093764,N,0.372494
7fgg_chainA,82,P,N,0.053056,N,0.285569
7fgg_chainA,83,M,N,0.046166,N,0.297853
7fgg_chainA,84,R,N,0.032249,N,0.051824
7fgg_chainA,85,S,N,0.025891,N,0.038949
7fgg_chainA,86,A,N,0.024658,N,0.051755
7fgg_chainA,87,E,N,0.015838,N,0.091079
7fgg_chainA,88,D,N,0.010352,N,0.085179
7fgg_chainA,89,P,N,0.013079,N,0.016525
7fgg_chainA,90,E,N,0.017213,N,0.085676
7fgg_chainA,91,R,N,0.025145,N,0.129692
7fgg_chainA,92,L,N,0.023231,N,0.024404
7fgg_chainA,93,A,N,0.016164,N,0.016663
7fgg_chainA,94,N,N,0.032148,N,0.137774
7fgg_chainA,95,Y,N,0.02097,N,0.022411
7fgg_chainA,96,A,N,0.023522,N,0.016493
7fgg_chainA,97,R,N,0.012499,N,0.008146
7fgg_chainA,98,K,N,0.027307,N,0.026076
7fgg_chainA,99,L,N,0.021974,N,0.017608
7fgg_chainA,100,A,N,0.019812,N,0.012075
7fgg_chainA,101,S,N,0.021236,N,0.059324
7fgg_chainA,102,A,N,0.034352,N,0.034277
7fgg_chainA,103,A,N,0.022232,N,0.015111
7fgg_chainA,104,G,N,0.020041,N,0.014316
7fgg_chainA,105,K,N,0.06215,N,0.044617
7fgg_chainA,106,V,N,0.02914,N,0.01944
7fgg_chainA,107,L,N,0.016039,N,0.012122
7fgg_chainA,108,D,N,0.03807,N,0.026456
7fgg_chainA,109,R,N,0.104057,N,0.068163
7fgg_chainA,110,N,N,0.015428,N,0.013324
7fgg_chainA,111,I,N,0.033489,N,0.030376
7fgg_chainA,112,S,N,0.02677,N,0.015078
7fgg_chainA,113,G,N,0.032641,N,0.028692
7fgg_chainA,114,K,N,0.043341,N,0.042866
7fgg_chainA,115,I,N,0.040236,N,0.037455
7fgg_chainA,116,G,N,0.027116,N,0.019674
7fgg_chainA,117,D,N,0.026019,N,0.169066
7fgg_chainA,118,L,N,0.019937,N,0.017914
7fgg_chainA,119,Q,N,0.026415,N,0.024435
7fgg_chainA,120,A,N,0.013768,N,0.017591
7fgg_chainA,121,V,N,0.032962,N,0.039622
7fgg_chainA,122,M,N,0.035614,N,0.033423
7fgg_chainA,123,A,N,0.023411,N,0.024666
7fgg_chainA,124,V,N,0.043111,N,0.045793
7fgg_chainA,125,P,N,0.026892,N,0.092708
7fgg_chainA,126,D,N,0.030714,N,0.037175
7fgg_chainA,127,T,N,0.028714,N,0.025716
7fgg_chainA,128,E,N,0.048396,N,0.040659
7fgg_chainA,129,T,N,0.015147,N,0.01226
7fgg_chainA,130,P,N,0.02329,N,0.024077
7fgg_chainA,131,T,N,0.040854,N,0.028638
7fgg_chainA,132,F,N,0.03669,N,0.034529
7fgg_chainA,133,C,N,0.052772,N,0.052782
7fgg_chainA,134,L,N,0.030143,N,0.042539
7fgg_chainA,135,H,N,0.057074,B,0.437231
7fgg_chainA,136,T,N,0.030536,N,0.367659
7fgg_chainA,137,D,N,0.028253,N,0.320637
7fgg_chainA,138,V,N,0.041633,N,0.323527
7fgg_chainA,139,S,N,0.076783,N,0.129173
7fgg_chainA,140,C,N,0.058815,N,0.069615
7fgg_chainA,141,R,N,0.022875,N,0.036397
7fgg_chainA,142,Q,N,0.017755,N,0.029497
7fgg_chainA,143,R,N,0.058704,N,0.063326
7fgg_chainA,144,A,N,0.010999,N,0.013346
7fgg_chainA,145,D,N,0.015439,N,0.018574
7fgg_chainA,146,V,N,0.007346,N,0.011618
7fgg_chainA,147,A,N,0.008053,N,0.007839
7fgg_chainA,148,I,N,0.017568,N,0.022303
7fgg_chainA,149,Y,N,0.027784,N,0.049247
7fgg_chainA,150,Q,N,0.075946,B,0.816796
7fgg_chainA,151,D,N,0.036758,N,0.067681
7fgg_chainA,152,V,N,0.085893,B,0.540448
7fgg_chainA,153,Y,N,0.082349,B,0.404739
7fgg_chainA,154,A,N,0.029195,N,0.043473
7fgg_chainA,155,V,N,0.042115,N,0.041541
7fgg_chainA,156,H,N,0.129764,N,0.067614
7fgg_chainA,157,A,N,0.0432,N,0.029799
7fgg_chainA,158,P,N,0.023244,N,0.02625
7fgg_chainA,159,T,N,0.023468,N,0.021155
7fgg_chainA,160,S,N,0.011679,N,0.009995
7fgg_chainA,161,L,N,0.020229,N,0.014395
7fgg_chainA,162,Y,N,0.028563,N,0.024541
7fgg_chainA,163,H,N,0.025587,N,0.026882
7fgg_chainA,164,Q,N,0.028107,N,0.023654
7fgg_chainA,165,A,N,0.026522,N,0.014175
7fgg_chainA,166,I,N,0.024358,N,0.015953
7fgg_chainA,167,K,N,0.025447,N,0.016495
7fgg_chainA,168,G,N,0.037988,N,0.028495
7fgg_chainA,169,V,N,0.030392,N,0.025479
7fgg_chainA,170,R,N,0.052488,N,0.035994
7fgg_chainA,171,L,N,0.015016,N,0.012347
7fgg_chainA,172,A,N,0.02395,N,0.012621
7fgg_chainA,173,Y,N,0.020579,N,0.015396
7fgg_chainA,174,W,N,0.036929,N,0.035093
7fgg_chainA,175,V,N,0.014566,N,0.015819
7fgg_chainA,176,G,N,0.065823,N,0.061306
7fgg_chainA,177,F,N,0.027527,N,0.183763
7fgg_chainA,178,D,N,0.072343,N,0.110566
7fgg_chainA,179,T,N,0.00961,N,0.017031
7fgg_chainA,180,T,N,0.027741,N,0.036662
7fgg_chainA,181,P,N,0.016215,N,0.014052
7fgg_chainA,182,F,N,0.017963,N,0.020871
7fgg_chainA,183,M,N,0.026767,N,0.017455
7fgg_chainA,184,Y,N,0.027366,N,0.029818
7fgg_chainA,185,N,N,0.058116,N,0.051925
7fgg_chainA,186,A,N,0.019636,N,0.016616
7fgg_chainA,187,M,N,0.038623,N,0.036156
7fgg_chainA,188,A,N,0.051235,N,0.031653
7fgg_chainA,189,G,N,0.090642,N,0.056586
7fgg_chainA,190,A,N,0.084755,N,0.041703
7fgg_chainA,191,Y,N,0.089863,N,0.045315
7fgg_chainA,192,P,N,0.117058,N,0.041516
7fgg_chainA,193,S,N,0.107764,N,0.047995
7fgg_chainA,194,Y,N,0.202226,N,0.104322
7fgg_chainA,195,S,N,0.146357,N,0.067032
7fgg_chainA,196,T,N,0.188051,N,0.069462
7fgg_chainA,197,N,B,0.559053,N,0.190355
7fgg_chainA,198,W,N,0.069632,N,0.037253
7fgg_chainA,199,A,N,0.141546,N,0.057724
7fgg_chainA,200,D,N,0.04891,N,0.042449
7fgg_chainA,201,E,N,0.049738,N,0.041163
7fgg_chainA,202,Q,N,0.04299,N,0.039985
7fgg_chainA,203,V,N,0.037297,N,0.015473
7fgg_chainA,204,L,N,0.046606,N,0.02616
7fgg_chainA,205,K,N,0.033544,N,0.028669
7fgg_chainA,206,A,N,0.023442,N,0.012992
7fgg_chainA,207,K,N,0.186755,N,0.071538
7fgg_chainA,208,N,N,0.016895,N,0.009059
7fgg_chainA,209,I,N,0.04854,N,0.038388
7fgg_chainA,210,G,N,0.046725,N,0.036332
7fgg_chainA,211,L,N,0.036744,N,0.022601
7fgg_chainA,212,C,N,0.073047,N,0.042524
7fgg_chainA,213,S,N,0.02233,N,0.017816
7fgg_chainA,214,T,N,0.032504,N,0.034189
7fgg_chainA,215,D,N,0.041063,N,0.04157
7fgg_chainA,216,L,N,0.042045,N,0.045556
7fgg_chainA,217,T,N,0.092425,N,0.07625
7fgg_chainA,218,E,N,0.063047,N,0.041558
7fgg_chainA,219,G,N,0.058309,N,0.035118
7fgg_chainA,220,R,N,0.201262,N,0.085602
7fgg_chainA,221,R,N,0.095543,N,0.053072
7fgg_chainA,222,G,N,0.228921,N,0.097532
7fgg_chainA,223,K,N,0.172178,N,0.05749
7fgg_chainA,224,L,N,0.074111,N,0.0469
7fgg_chainA,225,S,N,0.061615,N,0.036408
7fgg_chainA,226,I,N,0.086659,N,0.05115
7fgg_chainA,227,M,N,0.099453,N,0.053128
7fgg_chainA,228,R,N,0.195359,N,0.112289
7fgg_chainA,229,G,N,0.041866,N,0.039465
7fgg_chainA,230,K,N,0.038267,N,0.030073
7fgg_chainA,231,K,N,0.017062,N,0.015841
7fgg_chainA,232,L,N,0.040487,N,0.032246
7fgg_chainA,233,E,N,0.065881,N,0.053087
7fgg_chainA,234,P,N,0.042773,N,0.033032
7fgg_chainA,235,C,N,0.042882,N,0.037086
7fgg_chainA,236,D,N,0.032655,N,0.0307
7fgg_chainA,237,R,N,0.017149,N,0.017694
7fgg_chainA,238,V,N,0.010818,N,0.009595
7fgg_chainA,239,L,N,0.021261,N,0.021324
7fgg_chainA,240,F,N,0.037107,N,0.0469
7fgg_chainA,241,S,N,0.047044,N,0.036038
7fgg_chainA,242,V,N,0.016934,N,0.011604
7fgg_chainA,243,G,N,0.054171,N,0.041487
7fgg_chainA,244,S,N,0.046717,N,0.029707
7fgg_chainA,245,T,N,0.153442,N,0.063199
7fgg_chainA,246,L,N,0.039647,N,0.028642
7fgg_chainA,247,Y,N,0.084692,N,0.06472
7fgg_chainA,248,P,N,0.010441,N,0.007863
7fgg_chainA,249,E,N,0.013411,N,0.014002
7fgg_chainA,250,S,N,0.023007,N,0.017106
7fgg_chainA,251,R,N,0.037894,N,0.029947
7fgg_chainA,252,K,N,0.044947,N,0.03017
7fgg_chainA,253,L,N,0.042756,N,0.044483
7fgg_chainA,254,L,N,0.046864,N,0.219545
7fgg_chainA,255,K,N,0.082794,N,0.269173
7fgg_chainA,256,S,N,0.028415,N,0.046142
7fgg_chainA,257,W,N,0.058419,N,0.096125
7fgg_chainA,258,H,N,0.060946,N,0.279678
7fgg_chainA,259,L,N,0.025219,N,0.040407
7fgg_chainA,260,P,N,0.051197,N,0.066025
7fgg_chainA,261,S,N,0.01372,N,0.019667
7fgg_chainA,262,V,N,0.027018,N,0.03653
7fgg_chainA,263,F,N,0.038452,N,0.036901
7fgg_chainA,264,H,N,0.04344,N,0.062391
7fgg_chainA,265,L,N,0.021611,N,0.023055
7fgg_chainA,266,K,N,0.037931,N,0.05022
7fgg_chainA,267,G,N,0.022307,N,0.022294
7fgg_chainA,268,K,N,0.031759,N,0.052984
7fgg_chainA,269,L,N,0.039921,N,0.04493
7fgg_chainA,270,S,N,0.085654,N,0.057155
7fgg_chainA,271,F,N,0.075558,N,0.06098
7fgg_chainA,272,T,N,0.156163,N,0.102624
7fgg_chainA,273,C,N,0.065975,N,0.04261
7fgg_chainA,274,R,B,0.708599,N,0.271295
7fgg_chainA,275,C,N,0.037663,N,0.029434
7fgg_chainA,276,D,N,0.088348,N,0.057402
7fgg_chainA,277,T,N,0.013425,N,0.075264
7fgg_chainA,278,V,N,0.09053,N,0.098531
7fgg_chainA,279,V,N,0.024306,N,0.052434
7fgg_chainA,280,S,N,0.022694,N,0.191679
7fgg_chainA,281,C,N,0.025037,N,0.207548
7fgg_chainA,282,E,N,0.011821,N,0.104795
7fgg_chainA,283,G,N,0.098872,N,0.068776
7fgg_chainA,284,Y,N,0.167388,N,0.104689
7fgg_chainA,285,V,N,0.055951,N,0.033433
7fgg_chainA,286,V,N,0.036506,N,0.030879
7fgg_chainA,287,K,N,0.126149,N,0.059188
7fgg_chainA,288,R,N,0.016955,N,0.0111
7fgg_chainA,289,I,N,0.058409,N,0.034018
7fgg_chainA,290,T,N,0.060871,N,0.043653
7fgg_chainA,291,M,N,0.028333,N,0.030616
7fgg_chainA,292,S,N,0.056297,N,0.046308
7fgg_chainA,293,P,N,0.047506,N,0.034163
7fgg_chainA,294,G,N,0.015728,N,0.020195
7fgg_chainA,295,L,N,0.03078,N,0.030638
7fgg_chainA,296,Y,N,0.040449,N,0.032825
7fgg_chainA,297,G,N,0.019076,N,0.019227
7fgg_chainA,298,K,N,0.126947,N,0.075184
7fgg_chainA,299,T,N,0.02014,N,0.018502
7fgg_chainA,300,T,N,0.025763,N,0.027343
7fgg_chainA,301,G,N,0.04347,N,0.032691
7fgg_chainA,302,Y,N,0.020393,N,0.025689
7fgg_chainA,303,A,N,0.056729,N,0.049226
7fgg_chainA,304,V,N,0.030958,N,0.026563
7fgg_chainA,305,T,N,0.037404,N,0.036734
7fgg_chainA,306,H,N,0.019292,N,0.018072
7fgg_chainA,307,H,N,0.024401,N,0.02906
7fgg_chainA,308,A,N,0.0175,N,0.021904
7fgg_chainA,309,D,N,0.018396,N,0.017472
7fgg_chainA,310,G,N,0.029553,N,0.024047
7fgg_chainA,311,F,N,0.019799,N,0.022749
7fgg_chainA,312,L,N,0.027833,N,0.021059
7fgg_chainA,313,M,N,0.031147,N,0.02452
7fgg_chainA,314,C,N,0.02136,N,0.015354
7fgg_chainA,315,K,N,0.041607,N,0.037616
7fgg_chainA,316,T,N,0.050706,N,0.031323
7fgg_chainA,317,T,N,0.111085,N,0.052978
7fgg_chainA,318,D,N,0.047176,N,0.027972
7fgg_chainA,319,T,N,0.101616,N,0.036994
7fgg_chainA,320,V,N,0.202449,N,0.065556
7fgg_chainA,321,D,N,0.337143,N,0.069054
7fgg_chainA,322,G,N,0.174151,N,0.061015
7fgg_chainA,323,E,N,0.059435,N,0.035468
7fgg_chainA,324,R,N,0.238015,N,0.069242
7fgg_chainA,325,V,N,0.049887,N,0.027848
7fgg_chainA,326,S,N,0.041836,N,0.028134
7fgg_chainA,327,F,N,0.045649,N,0.048242
7fgg_chainA,328,S,N,0.069462,N,0.065912
7fgg_chainA,329,V,N,0.015912,N,0.014413
7fgg_chainA,330,C,N,0.051589,N,0.037875
7fgg_chainA,331,T,N,0.009361,N,0.011104
7fgg_chainA,332,Y,N,0.025432,N,0.03121
7fgg_chainA,333,V,N,0.03579,N,0.023996
7fgg_chainA,334,P,N,0.019186,N,0.015926
7fgg_chainA,335,A,N,0.008715,N,0.009513
7fgg_chainA,336,T,N,0.007557,N,0.016239
7fgg_chainA,337,I,N,0.023259,N,0.138996
7fgg_chainA,338,C,N,0.053966,N,0.065526
7fgg_chainA,339,D,N,0.046211,N,0.086293
7fgg_chainA,340,Q,N,0.14841,B,0.515791
7fgg_chainA,341,M,N,0.053337,N,0.304933
7fgg_chainA,342,T,N,0.028406,N,0.029674
7fgg_chainA,343,G,N,0.145422,N,0.091449
7fgg_chainA,344,I,N,0.190767,B,0.390463
7fgg_chainA,345,L,N,0.016111,N,0.018773
7fgg_chainA,346,A,N,0.021278,N,0.021752
7fgg_chainA,347,T,N,0.028913,N,0.019385
7fgg_chainA,348,E,N,0.026971,N,0.023103
7fgg_chainA,349,V,N,0.013299,N,0.01234
7fgg_chainA,350,T,N,0.014756,N,0.015161
7fgg_chainA,351,P,N,0.011144,N,0.009584
7fgg_chainA,352,E,N,0.012908,N,0.009121
7fgg_chainA,353,D,N,0.020499,N,0.014478
7fgg_chainA,354,A,N,0.01334,N,0.008109
7fgg_chainA,355,Q,N,0.020992,N,0.011612
7fgg_chainA,356,K,N,0.016887,N,0.012397
7fgg_chainA,357,L,N,0.019467,N,0.010146
7fgg_chainA,358,L,N,0.01736,N,0.00948
7fgg_chainA,359,V,N,0.02376,N,0.01342
7fgg_chainA,360,G,N,0.027575,N,0.014789
7fgg_chainA,361,L,N,0.03541,N,0.02757
7fgg_chainA,362,N,N,0.024094,N,0.016163
7fgg_chainA,363,Q,N,0.01171,N,0.010836
7fgg_chainA,364,R,N,0.035823,N,0.03538
7fgg_chainA,365,T,N,0.030721,N,0.017088
7fgg_chainA,366,N,N,0.068819,N,0.043409
7fgg_chainA,367,T,N,0.033816,N,0.022023
7fgg_chainA,368,M,N,0.066073,N,0.02493
7fgg_chainA,369,K,N,0.119772,N,0.047901
7fgg_chainA,370,N,N,0.088964,N,0.05485
7fgg_chainA,371,Y,N,0.046461,N,0.03356
7fgg_chainA,372,M,N,0.02337,N,0.021715
7fgg_chainA,373,I,N,0.018331,N,0.019112
7fgg_chainA,374,P,N,0.07038,N,0.057024
7fgg_chainA,375,V,N,0.015816,N,0.015671
7fgg_chainA,376,V,N,0.018097,N,0.015703
7fgg_chainA,377,A,N,0.018326,N,0.014686
7fgg_chainA,378,Q,N,0.032325,N,0.024274
7fgg_chainA,379,A,N,0.023223,N,0.019377
7fgg_chainA,380,F,N,0.026446,N,0.023087
7fgg_chainA,381,S,N,0.019877,N,0.013322
7fgg_chainA,382,K,N,0.031998,N,0.027257
7fgg_chainA,383,W,N,0.038269,N,0.029042
7fgg_chainA,384,A,N,0.022784,N,0.01599
7fgg_chainA,385,K,N,0.025222,N,0.016256
7fgg_chainA,386,E,N,0.039395,N,0.033941
7fgg_chainA,387,C,N,0.030083,N,0.023857
7fgg_chainA,388,R,N,0.031816,N,0.022305
7fgg_chainA,389,K,N,0.031235,N,0.019404
7fgg_chainA,390,D,N,0.083154,N,0.047157
7fgg_chainA,391,M,N,0.022066,N,0.015164
7fgg_chainA,392,E,N,0.03049,N,0.020674
7fgg_chainA,393,D,N,0.047047,N,0.037316
7fgg_chainA,394,E,N,0.053053,N,0.049007
7fgg_chainA,395,K,N,0.042602,N,0.041274
7fgg_chainA,396,L,N,0.019529,N,0.018209
7fgg_chainA,397,L,N,0.03056,N,0.032499
7fgg_chainA,398,G,N,0.03968,N,0.032395
7fgg_chainA,399,V,N,0.022867,N,0.022064
7fgg_chainA,400,R,N,0.131262,N,0.062565
7fgg_chainA,401,E,N,0.027658,N,0.019489
7fgg_chainA,402,R,N,0.053191,N,0.048384
7fgg_chainA,403,T,N,0.035556,N,0.030739
7fgg_chainA,404,W,N,0.050231,N,0.036114
7fgg_chainA,405,A,N,0.144946,N,0.088715
7fgg_chainA,406,F,N,0.064127,N,0.060328
7fgg_chainA,407,K,N,0.046786,N,0.046984
7fgg_chainA,408,K,N,0.036796,N,0.034854
7fgg_chainA,409,Q,N,0.033999,N,0.03941
7fgg_chainA,410,K,N,0.061993,N,0.061893
7fgg_chainA,411,T,N,0.038162,N,0.037816
7fgg_chainA,412,H,N,0.046834,N,0.039776
7fgg_chainA,413,T,N,0.052959,N,0.030923
7fgg_chainA,414,V,N,0.045095,N,0.038628
7fgg_chainA,415,Y,N,0.123033,N,0.099872
7fgg_chainA,416,K,N,0.126725,N,0.108884
7fgg_chainA,417,R,N,0.09959,N,0.049738
7fgg_chainA,418,P,N,0.138807,N,0.066652
7fgg_chainA,419,D,N,0.039694,N,0.033492
7fgg_chainA,420,T,N,0.035904,N,0.030965
7fgg_chainA,421,Q,N,0.087097,N,0.059506
7fgg_chainA,422,S,N,0.047904,N,0.032318
7fgg_chainA,423,I,N,0.110376,N,0.088619
7fgg_chainA,424,Q,N,0.058806,N,0.049587
7fgg_chainA,425,K,N,0.058022,N,0.06104
7fgg_chainA,426,V,N,0.015011,N,0.008909
7fgg_chainA,427,Q,N,0.025313,N,0.030017
7fgg_chainA,428,A,N,0.011218,N,0.016623
7fgg_chainA,429,E,N,0.030582,N,0.027858
7fgg_chainA,430,F,N,0.043558,N,0.032574
7fgg_chainA,431,D,N,0.078924,N,0.076081
7fgg_chainA,432,S,N,0.021855,N,0.017623
7fgg_chainA,433,F,N,0.067229,N,0.059151
7fgg_chainA,434,W,N,0.065508,N,0.076913
7fgg_chainA,435,S,N,0.028933,N,0.032778
7fgg_chainA,436,S,N,0.057104,N,0.052595
7fgg_chainA,437,G,N,0.017205,N,0.015279
7fgg_chainA,438,L,N,0.041141,N,0.03059
7fgg_chainA,439,S,N,0.03785,N,0.034226
7fgg_chainA,440,I,N,0.025632,N,0.016691
7fgg_chainA,441,P,N,0.028503,N,0.020235
7fgg_chainA,442,L,N,0.033574,N,0.023676
7fgg_chainA,443,R,N,0.098358,N,0.084066
7fgg_chainA,444,T,N,0.01509,N,0.014742
7fgg_chainA,445,R,N,0.022588,N,0.022763
7fgg_chainA,446,I,N,0.015808,N,0.010854
7fgg_chainA,447,K,N,0.039392,N,0.031564
7fgg_chainA,448,W,N,0.023659,N,0.013497
7fgg_chainA,449,L,N,0.029182,N,0.020583
7fgg_chainA,450,L,N,0.012221,N,0.010614
7fgg_chainA,451,S,N,0.011506,N,0.010207
