Prot.ID,NO,Residue,ATPseq Binding Sites,ATPseq Probability,ATPbind Binding Sites,ATPbind Probability
7nsd_chainA,1,S,N,0.011581,N,0.010772
7nsd_chainA,2,Y,N,0.027767,N,0.026842
7nsd_chainA,3,I,N,0.026259,N,0.025889
7nsd_chainA,4,E,N,0.04059,N,0.101558
7nsd_chainA,5,R,N,0.039681,N,0.092771
7nsd_chainA,6,E,N,0.043571,N,0.132371
7nsd_chainA,7,I,N,0.02071,N,0.019007
7nsd_chainA,8,K,N,0.053449,N,0.188825
7nsd_chainA,9,L,N,0.024096,N,0.028589
7nsd_chainA,10,R,N,0.09417,N,0.329133
7nsd_chainA,11,V,N,0.030808,N,0.177432
7nsd_chainA,12,I,N,0.020353,N,0.181927
7nsd_chainA,13,S,N,0.026388,N,0.25957
7nsd_chainA,14,P,N,0.05926,N,0.378791
7nsd_chainA,15,S,N,0.067704,B,0.471611
7nsd_chainA,16,L,N,0.017366,B,0.48393
7nsd_chainA,17,E,N,0.027555,N,0.254232
7nsd_chainA,18,E,N,0.017083,N,0.116363
7nsd_chainA,19,I,N,0.013336,N,0.019523
7nsd_chainA,20,E,N,0.009715,N,0.020526
7nsd_chainA,21,E,N,0.00952,N,0.014111
7nsd_chainA,22,R,N,0.016972,N,0.018931
7nsd_chainA,23,I,N,0.03607,N,0.031003
7nsd_chainA,24,R,N,0.031672,N,0.129797
7nsd_chainA,25,N,N,0.022053,N,0.032225
7nsd_chainA,26,N,N,0.02044,N,0.114934
7nsd_chainA,27,Y,N,0.02018,N,0.161133
7nsd_chainA,28,T,N,0.040177,N,0.21532
7nsd_chainA,29,F,N,0.077152,N,0.092663
7nsd_chainA,30,I,N,0.109844,N,0.074474
7nsd_chainA,31,N,N,0.023986,N,0.024884
7nsd_chainA,32,E,N,0.019782,N,0.016071
7nsd_chainA,33,E,N,0.053271,N,0.030923
7nsd_chainA,34,H,N,0.028438,N,0.018084
7nsd_chainA,35,Q,N,0.143208,N,0.06102
7nsd_chainA,36,I,N,0.133252,N,0.038952
7nsd_chainA,37,D,N,0.150533,N,0.042134
7nsd_chainA,38,I,N,0.058491,N,0.030022
7nsd_chainA,39,Y,N,0.047986,N,0.045046
7nsd_chainA,40,Y,N,0.04436,N,0.035837
7nsd_chainA,41,N,N,0.036565,N,0.035821
7nsd_chainA,42,N,N,0.016608,N,0.018185
7nsd_chainA,43,P,N,0.022383,N,0.021497
7nsd_chainA,44,I,N,0.030975,N,0.024578
7nsd_chainA,45,R,N,0.050761,N,0.034763
7nsd_chainA,46,D,N,0.122982,N,0.069196
7nsd_chainA,47,F,N,0.062118,N,0.048265
7nsd_chainA,48,R,N,0.063154,N,0.048093
7nsd_chainA,49,K,N,0.07514,N,0.063119
7nsd_chainA,50,S,N,0.050945,N,0.036764
7nsd_chainA,51,D,N,0.028165,N,0.025988
7nsd_chainA,52,E,N,0.023148,N,0.016983
7nsd_chainA,53,A,N,0.027763,N,0.029379
7nsd_chainA,54,L,N,0.041555,N,0.033561
7nsd_chainA,55,R,N,0.087304,N,0.068573
7nsd_chainA,56,L,N,0.078068,N,0.040373
7nsd_chainA,57,R,N,0.278082,N,0.155625
7nsd_chainA,58,N,N,0.074112,N,0.031116
7nsd_chainA,59,T,N,0.03654,N,0.018078
7nsd_chainA,60,N,N,0.029234,N,0.025658
7nsd_chainA,61,G,N,0.049373,N,0.029481
7nsd_chainA,62,K,N,0.049018,N,0.037865
7nsd_chainA,63,V,N,0.024936,N,0.021949
7nsd_chainA,64,I,N,0.165249,N,0.092594
7nsd_chainA,65,L,N,0.048447,N,0.040086
7nsd_chainA,66,T,N,0.247067,N,0.098761
7nsd_chainA,67,Y,N,0.083879,N,0.030812
7nsd_chainA,68,K,N,0.358345,N,0.142137
7nsd_chainA,69,G,N,0.215451,N,0.077431
7nsd_chainA,70,P,N,0.166557,N,0.060878
7nsd_chainA,71,K,N,0.23579,N,0.079376
7nsd_chainA,72,Q,N,0.063898,N,0.048117
7nsd_chainA,73,S,N,0.102277,N,0.076055
7nsd_chainA,74,K,N,0.151864,N,0.113171
7nsd_chainA,75,E,N,0.1201,N,0.092835
7nsd_chainA,76,T,N,0.059805,N,0.03717
7nsd_chainA,77,K,N,0.051777,N,0.035527
7nsd_chainA,78,T,N,0.041098,N,0.018533
7nsd_chainA,79,R,N,0.042577,N,0.030799
7nsd_chainA,80,E,N,0.011298,N,0.010679
7nsd_chainA,81,E,N,0.025318,N,0.021356
7nsd_chainA,82,I,N,0.04543,N,0.018412
7nsd_chainA,83,E,N,0.024512,N,0.021316
7nsd_chainA,84,V,N,0.025908,N,0.015661
7nsd_chainA,85,E,N,0.042662,N,0.033738
7nsd_chainA,86,V,N,0.094613,N,0.092985
7nsd_chainA,87,S,N,0.02823,N,0.0356
7nsd_chainA,88,D,N,0.04587,B,0.423976
7nsd_chainA,89,L,N,0.046901,N,0.07201
7nsd_chainA,90,H,N,0.02505,N,0.031564
7nsd_chainA,91,K,N,0.027747,N,0.257449
7nsd_chainA,92,M,N,0.031483,N,0.046253
7nsd_chainA,93,D,N,0.055304,N,0.125114
7nsd_chainA,94,L,N,0.034503,N,0.309279
7nsd_chainA,95,I,N,0.048585,N,0.054154
7nsd_chainA,96,L,N,0.054894,N,0.188091
7nsd_chainA,97,R,N,0.297679,B,0.6861
7nsd_chainA,98,K,N,0.319588,N,0.195489
7nsd_chainA,99,L,N,0.072598,N,0.058223
7nsd_chainA,100,G,N,0.089788,N,0.169269
7nsd_chainA,101,F,N,0.146791,N,0.10028
7nsd_chainA,102,I,N,0.081973,N,0.049413
7nsd_chainA,103,R,N,0.110243,N,0.068296
7nsd_chainA,104,S,N,0.044936,N,0.114059
7nsd_chainA,105,F,N,0.037554,N,0.029235
7nsd_chainA,106,Q,N,0.029423,N,0.029532
7nsd_chainA,107,V,N,0.014607,N,0.020003
7nsd_chainA,108,E,N,0.032532,N,0.033667
7nsd_chainA,109,K,N,0.06228,N,0.25366
7nsd_chainA,110,I,N,0.066929,N,0.05304
7nsd_chainA,111,R,N,0.07698,N,0.265409
7nsd_chainA,112,K,N,0.074103,N,0.075673
7nsd_chainA,113,N,N,0.036128,N,0.052394
7nsd_chainA,114,Y,N,0.050678,N,0.047903
7nsd_chainA,115,K,N,0.023262,N,0.161685
7nsd_chainA,116,Y,N,0.048079,N,0.219387
7nsd_chainA,117,A,N,0.013363,N,0.064597
7nsd_chainA,118,D,N,0.01477,N,0.027788
7nsd_chainA,119,F,N,0.025989,N,0.032609
7nsd_chainA,120,I,N,0.020671,N,0.033678
7nsd_chainA,121,I,N,0.022901,N,0.021936
7nsd_chainA,122,S,N,0.038173,N,0.227392
7nsd_chainA,123,L,N,0.265683,B,0.758926
7nsd_chainA,124,D,N,0.059045,B,0.864777
7nsd_chainA,125,S,N,0.074469,B,0.539051
7nsd_chainA,126,I,N,0.068249,N,0.105622
7nsd_chainA,127,K,N,0.131151,N,0.139323
7nsd_chainA,128,E,N,0.064535,N,0.054431
7nsd_chainA,129,L,N,0.047825,N,0.065986
7nsd_chainA,130,G,N,0.066875,N,0.047203
7nsd_chainA,131,E,N,0.022746,N,0.174366
7nsd_chainA,132,F,N,0.056704,N,0.070813
7nsd_chainA,133,I,N,0.02355,N,0.033293
7nsd_chainA,134,E,N,0.047851,N,0.234042
7nsd_chainA,135,I,N,0.027733,N,0.036858
7nsd_chainA,136,E,N,0.022758,N,0.036227
7nsd_chainA,137,G,N,0.01301,N,0.010289
7nsd_chainA,138,I,N,0.070112,N,0.050598
7nsd_chainA,139,N,N,0.122621,N,0.057686
7nsd_chainA,140,K,N,0.021362,N,0.016297
7nsd_chainA,141,T,N,0.028387,N,0.021393
7nsd_chainA,142,E,N,0.065277,N,0.025172
7nsd_chainA,143,K,N,0.014954,N,0.017008
7nsd_chainA,144,E,N,0.004974,N,0.027805
7nsd_chainA,145,L,N,0.008369,N,0.007521
7nsd_chainA,146,I,N,0.011604,N,0.011594
7nsd_chainA,147,S,N,0.030044,N,0.0408
7nsd_chainA,148,F,N,0.017768,N,0.070898
7nsd_chainA,149,V,N,0.025914,N,0.019986
7nsd_chainA,150,D,N,0.018278,N,0.018494
7nsd_chainA,151,E,N,0.042562,N,0.063092
7nsd_chainA,152,F,N,0.021092,N,0.022168
7nsd_chainA,153,V,N,0.018799,N,0.017852
7nsd_chainA,154,K,N,0.02619,N,0.024579
7nsd_chainA,155,K,N,0.041608,N,0.126349
7nsd_chainA,156,H,N,0.044158,N,0.043205
7nsd_chainA,157,Q,N,0.028064,N,0.025959
7nsd_chainA,158,I,N,0.03819,N,0.022164
7nsd_chainA,159,Q,N,0.034532,N,0.034294
7nsd_chainA,160,Y,N,0.032265,N,0.0309
7nsd_chainA,161,E,N,0.035105,N,0.082633
7nsd_chainA,162,K,N,0.055403,N,0.060659
7nsd_chainA,163,T,N,0.015076,N,0.014632
7nsd_chainA,164,I,N,0.008826,N,0.007558
7nsd_chainA,165,K,N,0.043159,N,0.029102
7nsd_chainA,166,S,N,0.025358,N,0.021434
7nsd_chainA,167,Y,N,0.019308,N,0.016021
7nsd_chainA,168,L,N,0.019303,N,0.014103
7nsd_chainA,169,E,N,0.016246,N,0.016813
7nsd_chainA,170,L,N,0.015094,N,0.014215
7nsd_chainA,171,L,N,0.012717,N,0.010283
7nsd_chainA,172,V,N,0.011758,N,0.009826
7nsd_chainA,173,E,N,0.020534,N,0.014917
7nsd_chainA,174,H,N,0.026228,N,0.017106
7nsd_chainA,175,A,N,0.015291,N,0.013212
7nsd_chainA,176,K,N,0.011541,N,0.009434
