Prot.ID,NO,Residue,ATPseq Binding Sites,ATPseq Probability,ATPbind Binding Sites,ATPbind Probability
7tgk_chainD,1,H,N,0.010649,N,0.0087
7tgk_chainD,2,M,N,0.011765,N,0.008944
7tgk_chainD,3,S,N,0.018193,N,0.01018
7tgk_chainD,4,L,N,0.024343,N,0.015194
7tgk_chainD,5,T,N,0.018745,N,0.014739
7tgk_chainD,6,D,N,0.024907,N,0.019387
7tgk_chainD,7,A,N,0.016023,N,0.011489
7tgk_chainD,8,V,N,0.019915,N,0.015069
7tgk_chainD,9,A,N,0.032084,N,0.027613
7tgk_chainD,10,H,N,0.038894,N,0.032995
7tgk_chainD,11,L,N,0.021572,N,0.016921
7tgk_chainD,12,S,N,0.015541,N,0.015821
7tgk_chainD,13,P,N,0.015162,N,0.011103
7tgk_chainD,14,E,N,0.031265,N,0.024043
7tgk_chainD,15,R,N,0.02106,N,0.01566
7tgk_chainD,16,W,N,0.03163,N,0.025252
7tgk_chainD,17,E,N,0.052447,N,0.049622
7tgk_chainD,18,E,N,0.032243,N,0.031033
7tgk_chainD,19,A,N,0.021865,N,0.014208
7tgk_chainD,20,N,N,0.027494,N,0.024511
7tgk_chainD,21,R,N,0.035243,N,0.026707
7tgk_chainD,22,L,N,0.027026,N,0.019542
7tgk_chainD,23,L,N,0.01902,N,0.0192
7tgk_chainD,24,V,N,0.022012,N,0.012981
7tgk_chainD,25,R,N,0.026373,N,0.017719
7tgk_chainD,26,K,N,0.03613,N,0.025525
7tgk_chainD,27,A,N,0.018007,N,0.012928
7tgk_chainD,28,L,N,0.040078,N,0.02831
7tgk_chainD,29,A,N,0.019923,N,0.016592
7tgk_chainD,30,E,N,0.026159,N,0.017248
7tgk_chainD,31,F,N,0.01446,N,0.009887
7tgk_chainD,32,A,N,0.023189,N,0.018909
7tgk_chainD,33,H,N,0.021595,N,0.022547
7tgk_chainD,34,E,N,0.040258,N,0.031961
7tgk_chainD,35,R,N,0.032692,N,0.020918
7tgk_chainD,36,L,N,0.030661,N,0.018772
7tgk_chainD,37,F,N,0.051374,N,0.03211
7tgk_chainD,38,T,N,0.062848,N,0.039731
7tgk_chainD,39,P,N,0.0408,N,0.024687
7tgk_chainD,40,E,N,0.032812,N,0.025376
7tgk_chainD,41,P,N,0.030363,N,0.025719
7tgk_chainD,42,A,N,0.033063,N,0.024225
7tgk_chainD,43,D,N,0.039332,N,0.021881
7tgk_chainD,44,G,N,0.043926,N,0.034385
7tgk_chainD,45,Q,N,0.015211,N,0.013043
7tgk_chainD,46,D,N,0.035115,N,0.026349
7tgk_chainD,47,G,N,0.027013,N,0.030303
7tgk_chainD,48,R,N,0.063467,N,0.054635
7tgk_chainD,49,Y,N,0.07822,N,0.048903
7tgk_chainD,50,V,N,0.06332,N,0.067162
7tgk_chainD,51,V,N,0.042097,N,0.02396
7tgk_chainD,52,R,N,0.026969,N,0.02829
7tgk_chainD,53,S,N,0.037461,N,0.034796
7tgk_chainD,54,D,N,0.029654,N,0.028873
7tgk_chainD,55,D,N,0.021484,N,0.028392
7tgk_chainD,56,G,N,0.023542,N,0.017362
7tgk_chainD,57,L,N,0.024081,N,0.018774
7tgk_chainD,58,T,N,0.030775,N,0.026231
7tgk_chainD,59,S,N,0.072946,N,0.054415
7tgk_chainD,60,Y,N,0.038284,N,0.026324
7tgk_chainD,61,R,N,0.085435,N,0.08177
7tgk_chainD,62,F,N,0.061199,N,0.047201
7tgk_chainD,63,T,N,0.036206,N,0.043376
7tgk_chainD,64,A,N,0.032617,N,0.044988
7tgk_chainD,65,V,N,0.026059,N,0.046903
7tgk_chainD,66,R,N,0.041625,N,0.049077
7tgk_chainD,67,R,N,0.064686,N,0.058951
7tgk_chainD,68,A,N,0.033905,N,0.027483
7tgk_chainD,69,L,N,0.051701,N,0.043874
7tgk_chainD,70,D,N,0.045025,N,0.028321
7tgk_chainD,71,H,N,0.052622,N,0.041238
7tgk_chainD,72,W,N,0.047096,N,0.033575
7tgk_chainD,73,Q,N,0.049098,N,0.035123
7tgk_chainD,74,V,N,0.029105,N,0.018604
7tgk_chainD,75,D,N,0.03667,N,0.028668
7tgk_chainD,76,A,N,0.046125,N,0.037512
7tgk_chainD,77,G,N,0.023717,N,0.027605
7tgk_chainD,78,S,N,0.02387,N,0.029518
7tgk_chainD,79,I,N,0.037484,N,0.025503
7tgk_chainD,80,T,N,0.022607,N,0.020417
7tgk_chainD,81,R,N,0.04596,N,0.03866
7tgk_chainD,82,T,N,0.062249,N,0.03553
7tgk_chainD,83,R,N,0.070241,N,0.047958
7tgk_chainD,84,D,N,0.067065,N,0.047928
7tgk_chainD,85,G,N,0.02958,N,0.022905
7tgk_chainD,86,A,N,0.062808,N,0.043357
7tgk_chainD,87,E,N,0.058166,N,0.032429
7tgk_chainD,88,L,N,0.100422,N,0.070565
7tgk_chainD,89,P,N,0.083601,N,0.053276
7tgk_chainD,90,L,N,0.039355,N,0.030061
7tgk_chainD,91,A,N,0.012745,N,0.013679
7tgk_chainD,92,A,N,0.014251,N,0.01408
7tgk_chainD,93,L,N,0.018267,N,0.014077
7tgk_chainD,94,D,N,0.011871,N,0.013764
7tgk_chainD,95,F,N,0.014218,N,0.010314
7tgk_chainD,96,F,N,0.023605,N,0.018989
7tgk_chainD,97,I,N,0.021411,N,0.022483
7tgk_chainD,98,E,N,0.042061,N,0.03665
7tgk_chainD,99,L,N,0.03357,N,0.020663
7tgk_chainD,100,R,N,0.03315,N,0.025928
7tgk_chainD,101,H,N,0.021651,N,0.019548
7tgk_chainD,102,T,N,0.031446,N,0.030723
7tgk_chainD,103,L,N,0.031228,N,0.024034
7tgk_chainD,104,G,N,0.018691,N,0.016806
7tgk_chainD,105,L,N,0.031281,N,0.020232
7tgk_chainD,106,S,N,0.038462,N,0.034678
7tgk_chainD,107,D,N,0.026195,N,0.0218
7tgk_chainD,108,E,N,0.023256,N,0.021557
7tgk_chainD,109,I,N,0.015559,N,0.012685
7tgk_chainD,110,L,N,0.017549,N,0.013543
7tgk_chainD,111,P,N,0.013954,N,0.013376
7tgk_chainD,112,V,N,0.015716,N,0.015701
7tgk_chainD,113,Y,N,0.017827,N,0.016549
7tgk_chainD,114,L,N,0.016749,N,0.012813
7tgk_chainD,115,E,N,0.021197,N,0.018459
7tgk_chainD,116,E,N,0.04641,N,0.042524
7tgk_chainD,117,I,N,0.048755,N,0.027125
7tgk_chainD,118,S,N,0.027199,N,0.01558
7tgk_chainD,119,S,N,0.039024,N,0.02356
7tgk_chainD,120,T,N,0.050265,N,0.029989
7tgk_chainD,121,L,N,0.028042,N,0.018146
7tgk_chainD,122,S,N,0.033076,N,0.020851
7tgk_chainD,123,G,N,0.033528,N,0.021643
7tgk_chainD,124,T,N,0.055274,N,0.031817
7tgk_chainD,125,C,N,0.030091,N,0.021296
7tgk_chainD,126,Y,N,0.017194,N,0.016428
7tgk_chainD,127,K,N,0.062525,N,0.051151
7tgk_chainD,128,L,N,0.04172,N,0.033415
7tgk_chainD,129,T,N,0.061108,N,0.052882
7tgk_chainD,130,K,N,0.109492,N,0.100673
7tgk_chainD,131,P,N,0.02794,N,0.025508
7tgk_chainD,132,Q,N,0.044957,N,0.04242
7tgk_chainD,133,V,N,0.037031,N,0.035228
7tgk_chainD,134,T,N,0.055602,N,0.045686
7tgk_chainD,135,A,N,0.03846,N,0.028707
7tgk_chainD,136,A,N,0.036395,N,0.032338
7tgk_chainD,137,G,N,0.016847,N,0.017894
7tgk_chainD,138,L,N,0.031152,N,0.023597
7tgk_chainD,139,L,N,0.034154,N,0.020161
7tgk_chainD,140,E,N,0.030755,N,0.021722
7tgk_chainD,141,G,N,0.015778,N,0.010544
7tgk_chainD,142,G,N,0.022849,N,0.017913
7tgk_chainD,143,F,N,0.016782,N,0.009872
7tgk_chainD,144,Q,N,0.022516,N,0.018154
7tgk_chainD,145,A,N,0.026824,N,0.019037
7tgk_chainD,146,L,N,0.039558,N,0.029945
7tgk_chainD,147,E,N,0.077815,N,0.054916
7tgk_chainD,148,S,N,0.038261,N,0.027789
7tgk_chainD,149,G,N,0.016204,N,0.014939
7tgk_chainD,150,M,N,0.318528,B,0.3925
7tgk_chainD,151,T,N,0.033541,N,0.037231
7tgk_chainD,152,E,N,0.037747,N,0.039177
7tgk_chainD,153,G,B,0.7403,B,0.751891
7tgk_chainD,154,H,B,0.828605,B,0.863166
7tgk_chainD,155,P,N,0.0578,N,0.130782
7tgk_chainD,156,C,N,0.041815,N,0.039127
7tgk_chainD,157,F,N,0.084756,N,0.060988
7tgk_chainD,158,V,N,0.030312,N,0.026919
7tgk_chainD,159,A,N,0.05534,N,0.042283
7tgk_chainD,160,N,N,0.052065,N,0.071038
7tgk_chainD,161,N,N,0.070886,N,0.054155
7tgk_chainD,162,G,N,0.063328,N,0.053112
7tgk_chainD,163,R,N,0.054594,N,0.046622
7tgk_chainD,164,L,N,0.026574,N,0.029558
7tgk_chainD,165,G,N,0.042649,N,0.032841
7tgk_chainD,166,F,N,0.036222,N,0.026166
7tgk_chainD,167,G,N,0.024941,N,0.030349
7tgk_chainD,168,V,N,0.030364,N,0.017781
7tgk_chainD,169,D,N,0.017386,N,0.013823
7tgk_chainD,170,E,N,0.036427,N,0.028719
7tgk_chainD,171,Y,N,0.029964,N,0.022782
7tgk_chainD,172,L,N,0.052401,N,0.03724
7tgk_chainD,173,A,N,0.049499,N,0.029307
7tgk_chainD,174,Y,N,0.080406,N,0.053982
7tgk_chainD,175,A,N,0.023755,N,0.019402
7tgk_chainD,176,P,N,0.02118,N,0.018446
7tgk_chainD,177,E,N,0.032607,N,0.032929
7tgk_chainD,178,T,N,0.015349,N,0.01813
7tgk_chainD,179,A,N,0.034325,N,0.042398
7tgk_chainD,180,H,N,0.022233,N,0.024393
7tgk_chainD,181,P,N,0.029049,N,0.024793
7tgk_chainD,182,V,N,0.025484,N,0.023574
7tgk_chainD,183,R,N,0.038388,N,0.033165
7tgk_chainD,184,L,N,0.033275,N,0.032526
7tgk_chainD,185,V,N,0.024914,N,0.02777
7tgk_chainD,186,W,N,0.032503,N,0.026874
7tgk_chainD,187,L,N,0.073436,N,0.078882
7tgk_chainD,188,A,N,0.054378,N,0.045855
7tgk_chainD,189,A,N,0.057872,N,0.037906
7tgk_chainD,190,H,N,0.074911,N,0.057369
7tgk_chainD,191,R,N,0.087571,N,0.066358
7tgk_chainD,192,S,N,0.112744,N,0.097202
7tgk_chainD,193,R,N,0.045251,N,0.036266
7tgk_chainD,194,A,N,0.023409,N,0.014249
7tgk_chainD,195,A,N,0.045217,N,0.042471
7tgk_chainD,196,F,N,0.077072,N,0.05593
7tgk_chainD,197,T,N,0.037754,N,0.029973
7tgk_chainD,198,A,N,0.034667,N,0.032822
7tgk_chainD,199,G,N,0.019421,N,0.017194
7tgk_chainD,200,A,N,0.02824,N,0.023617
7tgk_chainD,201,G,N,0.058639,N,0.034472
7tgk_chainD,202,I,N,0.027123,N,0.021428
7tgk_chainD,203,D,N,0.050778,N,0.034207
7tgk_chainD,204,Y,N,0.036999,N,0.016191
7tgk_chainD,205,A,N,0.043651,N,0.02919
7tgk_chainD,206,S,N,0.039632,N,0.033403
7tgk_chainD,207,F,N,0.020589,N,0.019464
7tgk_chainD,208,V,N,0.021696,N,0.022439
7tgk_chainD,209,R,N,0.026782,N,0.024126
7tgk_chainD,210,Q,N,0.023306,N,0.02364
7tgk_chainD,211,E,N,0.029107,N,0.025091
7tgk_chainD,212,L,N,0.029769,N,0.025427
7tgk_chainD,213,G,N,0.034709,N,0.022935
7tgk_chainD,214,E,N,0.032183,N,0.019909
7tgk_chainD,215,E,N,0.025265,N,0.020567
7tgk_chainD,216,T,N,0.034535,N,0.024227
7tgk_chainD,217,V,N,0.04762,N,0.023346
7tgk_chainD,218,E,N,0.038226,N,0.020679
7tgk_chainD,219,R,N,0.050801,N,0.036411
7tgk_chainD,220,F,N,0.017608,N,0.013337
7tgk_chainD,221,D,N,0.023715,N,0.020186
7tgk_chainD,222,G,N,0.014352,N,0.010302
7tgk_chainD,223,V,N,0.03838,N,0.029542
7tgk_chainD,224,L,N,0.027575,N,0.028891
7tgk_chainD,225,R,N,0.027107,N,0.0262
7tgk_chainD,226,G,N,0.029288,N,0.027088
7tgk_chainD,227,R,N,0.032119,N,0.033602
7tgk_chainD,228,G,N,0.037243,N,0.033046
7tgk_chainD,229,L,N,0.025181,N,0.019066
7tgk_chainD,230,D,N,0.030949,N,0.027659
7tgk_chainD,231,P,N,0.024078,N,0.017432
7tgk_chainD,232,A,N,0.048185,N,0.033426
7tgk_chainD,233,D,N,0.01756,N,0.011745
7tgk_chainD,234,Y,N,0.029967,N,0.026447
7tgk_chainD,235,L,N,0.016975,N,0.016295
7tgk_chainD,236,L,N,0.030356,N,0.026173
7tgk_chainD,237,I,N,0.04474,N,0.029466
7tgk_chainD,238,P,N,0.100249,N,0.062823
7tgk_chainD,239,V,N,0.028598,N,0.019078
7tgk_chainD,240,H,N,0.15707,N,0.10528
7tgk_chainD,241,P,N,0.045064,N,0.036157
7tgk_chainD,242,W,N,0.042582,N,0.040921
7tgk_chainD,243,Q,N,0.07699,N,0.052469
7tgk_chainD,244,W,N,0.011763,N,0.009788
7tgk_chainD,245,W,N,0.028695,N,0.027254
7tgk_chainD,246,N,N,0.024935,N,0.020291
7tgk_chainD,247,K,N,0.018698,N,0.016178
7tgk_chainD,248,L,N,0.028831,N,0.027628
7tgk_chainD,249,S,N,0.015207,N,0.016679
7tgk_chainD,250,V,N,0.018041,N,0.019164
7tgk_chainD,251,T,N,0.018818,N,0.016965
7tgk_chainD,252,F,N,0.037163,N,0.037805
7tgk_chainD,253,A,N,0.032883,N,0.021559
7tgk_chainD,254,A,N,0.028341,N,0.020868
7tgk_chainD,255,E,N,0.031335,N,0.022319
7tgk_chainD,256,V,N,0.030462,N,0.023945
7tgk_chainD,257,A,N,0.047911,N,0.028482
7tgk_chainD,258,R,N,0.041016,N,0.031308
7tgk_chainD,259,Q,N,0.048246,N,0.041361
7tgk_chainD,260,N,N,0.030039,N,0.025923
7tgk_chainD,261,L,N,0.02734,N,0.021088
7tgk_chainD,262,V,N,0.03265,N,0.021944
7tgk_chainD,263,C,N,0.044545,N,0.039097
7tgk_chainD,264,L,N,0.040655,N,0.026303
7tgk_chainD,265,G,N,0.036928,N,0.031727
7tgk_chainD,266,E,N,0.016797,N,0.012964
7tgk_chainD,267,S,N,0.024009,N,0.016152
7tgk_chainD,268,D,N,0.023527,N,0.026015
7tgk_chainD,269,D,N,0.01696,N,0.016825
7tgk_chainD,270,E,N,0.031324,N,0.033885
7tgk_chainD,271,Y,N,0.039512,N,0.037789
7tgk_chainD,272,L,N,0.048605,N,0.038967
7tgk_chainD,273,A,N,0.050863,N,0.034819
7tgk_chainD,274,Q,N,0.076342,N,0.045749
7tgk_chainD,275,Q,N,0.18469,N,0.339807
7tgk_chainD,276,S,B,0.887361,B,0.872206
7tgk_chainD,277,I,N,0.088272,N,0.084811
7tgk_chainD,278,R,B,0.929895,B,0.952202
7tgk_chainD,279,T,B,0.913029,B,0.915092
7tgk_chainD,280,F,N,0.057833,N,0.044549
7tgk_chainD,281,F,N,0.0333,N,0.037841
7tgk_chainD,282,N,N,0.021655,N,0.030538
7tgk_chainD,283,A,N,0.027733,N,0.026886
7tgk_chainD,284,T,N,0.023649,N,0.024412
7tgk_chainD,285,H,N,0.022636,N,0.020679
7tgk_chainD,286,P,N,0.035358,N,0.034813
7tgk_chainD,287,E,N,0.028277,N,0.02594
7tgk_chainD,288,K,N,0.040325,N,0.029525
7tgk_chainD,289,H,N,0.036963,N,0.031104
7tgk_chainD,290,Y,N,0.114395,N,0.076034
7tgk_chainD,291,V,N,0.056277,N,0.045141
7tgk_chainD,292,K,B,0.89526,B,0.905943
7tgk_chainD,293,T,N,0.029169,N,0.022561
7tgk_chainD,294,A,N,0.031873,N,0.031516
7tgk_chainD,295,L,N,0.036644,N,0.027699
7tgk_chainD,296,S,N,0.034885,N,0.030617
7tgk_chainD,297,V,N,0.059958,N,0.038613
7tgk_chainD,298,L,N,0.042186,N,0.040743
7tgk_chainD,299,N,B,0.811617,B,0.803133
7tgk_chainD,300,M,B,0.738328,B,0.761598
7tgk_chainD,301,G,N,0.066149,N,0.050176
7tgk_chainD,302,F,N,0.070448,N,0.062751
7tgk_chainD,303,M,N,0.114874,N,0.098684
7tgk_chainD,304,R,B,0.871314,B,0.920524
7tgk_chainD,305,G,N,0.051958,N,0.052754
7tgk_chainD,306,L,N,0.023151,N,0.037096
7tgk_chainD,307,S,N,0.025061,N,0.038141
7tgk_chainD,308,A,N,0.016921,N,0.017081
7tgk_chainD,309,A,N,0.076749,N,0.070847
7tgk_chainD,310,Y,N,0.027517,N,0.027327
7tgk_chainD,311,M,N,0.016735,N,0.020471
7tgk_chainD,312,E,N,0.02641,N,0.027281
7tgk_chainD,313,A,N,0.022129,N,0.017039
7tgk_chainD,314,T,N,0.03538,N,0.026427
7tgk_chainD,315,P,N,0.035972,N,0.024694
7tgk_chainD,316,A,N,0.026386,N,0.020279
7tgk_chainD,317,I,N,0.026319,N,0.01608
7tgk_chainD,318,N,N,0.054395,N,0.031577
7tgk_chainD,319,D,N,0.024969,N,0.021965
7tgk_chainD,320,W,N,0.023838,N,0.015592
7tgk_chainD,321,L,N,0.04905,N,0.03598
7tgk_chainD,322,D,N,0.027783,N,0.022383
7tgk_chainD,323,R,N,0.032611,N,0.02562
7tgk_chainD,324,L,N,0.028151,N,0.018602
7tgk_chainD,325,I,N,0.011954,N,0.008913
7tgk_chainD,326,D,N,0.031102,N,0.02819
7tgk_chainD,327,N,N,0.055935,N,0.046208
7tgk_chainD,328,D,N,0.043599,N,0.033687
7tgk_chainD,329,P,N,0.046415,N,0.039301
7tgk_chainD,330,V,N,0.036108,N,0.02829
7tgk_chainD,331,L,N,0.03833,N,0.032921
7tgk_chainD,332,K,N,0.044892,N,0.034765
7tgk_chainD,333,S,N,0.011972,N,0.010339
7tgk_chainD,334,T,N,0.020064,N,0.01714
7tgk_chainD,335,G,N,0.018802,N,0.012134
7tgk_chainD,336,L,N,0.016857,N,0.014044
7tgk_chainD,337,S,N,0.027566,N,0.017686
7tgk_chainD,338,I,N,0.021399,N,0.015479
7tgk_chainD,339,I,N,0.034491,N,0.031068
7tgk_chainD,340,R,N,0.020639,N,0.022412
7tgk_chainD,341,E,N,0.041393,N,0.03969
7tgk_chainD,342,R,N,0.011238,N,0.017423
7tgk_chainD,343,A,N,0.025759,N,0.025337
7tgk_chainD,344,A,N,0.020433,N,0.021765
7tgk_chainD,345,V,N,0.026465,N,0.021237
7tgk_chainD,346,G,N,0.036568,N,0.022947
7tgk_chainD,347,Y,N,0.029044,N,0.01884
7tgk_chainD,348,R,N,0.051752,N,0.048019
7tgk_chainD,349,H,N,0.032379,N,0.019347
7tgk_chainD,350,L,N,0.027798,N,0.023194
7tgk_chainD,351,E,N,0.042083,N,0.029337
7tgk_chainD,352,Y,N,0.023686,N,0.017286
7tgk_chainD,353,E,N,0.035836,N,0.025182
7tgk_chainD,354,A,N,0.026711,N,0.017858
7tgk_chainD,355,A,N,0.031874,N,0.02482
7tgk_chainD,356,T,N,0.031179,N,0.021958
7tgk_chainD,357,D,N,0.041092,N,0.036124
7tgk_chainD,358,R,N,0.017833,N,0.016034
7tgk_chainD,359,Y,N,0.024433,N,0.021042
7tgk_chainD,360,S,N,0.022885,N,0.018923
7tgk_chainD,361,P,N,0.038415,N,0.028292
7tgk_chainD,362,Y,N,0.019609,N,0.012954
7tgk_chainD,363,R,N,0.043021,N,0.040297
7tgk_chainD,364,K,N,0.034029,N,0.023008
7tgk_chainD,365,M,N,0.031617,N,0.023214
7tgk_chainD,366,L,N,0.050494,N,0.035799
7tgk_chainD,367,A,N,0.043667,N,0.029882
7tgk_chainD,368,A,N,0.026755,N,0.016806
7tgk_chainD,369,L,N,0.061743,N,0.038395
7tgk_chainD,370,W,N,0.044822,N,0.039655
7tgk_chainD,371,R,N,0.247063,B,0.381054
7tgk_chainD,372,E,N,0.034768,N,0.032596
7tgk_chainD,373,S,N,0.026169,N,0.026625
7tgk_chainD,374,P,N,0.031311,N,0.036273
7tgk_chainD,375,V,N,0.023769,N,0.027837
7tgk_chainD,376,P,N,0.04426,N,0.040353
7tgk_chainD,377,A,N,0.022144,N,0.017881
7tgk_chainD,378,L,N,0.040725,N,0.039079
7tgk_chainD,379,R,N,0.031607,N,0.035277
7tgk_chainD,380,D,N,0.031754,N,0.021691
7tgk_chainD,381,G,N,0.030584,N,0.028438
7tgk_chainD,382,E,N,0.03228,N,0.02625
7tgk_chainD,383,S,N,0.024743,N,0.025019
7tgk_chainD,384,L,N,0.042894,N,0.030676
7tgk_chainD,385,T,N,0.05504,N,0.052191
7tgk_chainD,386,T,N,0.018743,N,0.019174
7tgk_chainD,387,M,N,0.11916,N,0.055255
7tgk_chainD,388,A,N,0.361107,B,0.676284
7tgk_chainD,389,A,N,0.041456,N,0.038263
7tgk_chainD,390,L,N,0.07789,N,0.067525
7tgk_chainD,391,V,N,0.217906,N,0.344816
7tgk_chainD,392,H,N,0.106354,N,0.077101
7tgk_chainD,393,V,N,0.03036,N,0.017392
7tgk_chainD,394,D,N,0.032165,N,0.016494
7tgk_chainD,395,H,N,0.017021,N,0.016525
7tgk_chainD,396,E,N,0.020293,N,0.015282
7tgk_chainD,397,G,N,0.015393,N,0.013122
7tgk_chainD,398,R,N,0.033445,N,0.026763
7tgk_chainD,399,S,N,0.03049,N,0.027019
7tgk_chainD,400,V,N,0.044511,N,0.023731
7tgk_chainD,401,A,N,0.023113,N,0.017373
7tgk_chainD,402,G,N,0.031869,N,0.031118
7tgk_chainD,403,E,N,0.018496,N,0.015445
7tgk_chainD,404,L,N,0.027437,N,0.024279
7tgk_chainD,405,I,N,0.028039,N,0.024268
7tgk_chainD,406,A,N,0.022323,N,0.018495
7tgk_chainD,407,R,N,0.062982,N,0.054285
7tgk_chainD,408,S,N,0.065414,N,0.045757
7tgk_chainD,409,G,N,0.046862,N,0.02791
7tgk_chainD,410,L,N,0.039175,N,0.029402
7tgk_chainD,411,A,N,0.019533,N,0.017477
7tgk_chainD,412,P,N,0.034435,N,0.021004
7tgk_chainD,413,T,N,0.027706,N,0.018393
7tgk_chainD,414,A,N,0.044557,N,0.04711
7tgk_chainD,415,W,N,0.041802,N,0.029299
7tgk_chainD,416,L,N,0.029774,N,0.021339
7tgk_chainD,417,R,N,0.029132,N,0.028281
7tgk_chainD,418,H,N,0.034821,N,0.031282
7tgk_chainD,419,Y,N,0.033932,N,0.024277
7tgk_chainD,420,L,N,0.024689,N,0.016182
7tgk_chainD,421,R,N,0.038065,N,0.024432
7tgk_chainD,422,A,N,0.053004,N,0.035934
7tgk_chainD,423,Y,N,0.044794,N,0.027834
7tgk_chainD,424,Y,N,0.036811,N,0.02397
7tgk_chainD,425,T,N,0.042318,N,0.028695
7tgk_chainD,426,P,N,0.036425,N,0.027534
7tgk_chainD,427,L,N,0.040711,N,0.029678
7tgk_chainD,428,L,N,0.030809,N,0.025585
7tgk_chainD,429,H,N,0.028105,N,0.02661
7tgk_chainD,430,S,N,0.018888,N,0.013863
7tgk_chainD,431,F,N,0.022083,N,0.01741
7tgk_chainD,432,Y,N,0.01376,N,0.012077
7tgk_chainD,433,A,N,0.033725,N,0.025531
7tgk_chainD,434,Y,N,0.029751,N,0.025273
7tgk_chainD,435,D,N,0.03444,N,0.030106
7tgk_chainD,436,L,N,0.031915,N,0.022343
7tgk_chainD,437,A,N,0.023869,N,0.021869
7tgk_chainD,438,F,N,0.048158,N,0.03885
7tgk_chainD,439,M,N,0.061855,N,0.05233
7tgk_chainD,440,P,N,0.048337,N,0.058619
7tgk_chainD,441,H,B,0.813385,B,0.932281
7tgk_chainD,442,G,B,0.858627,B,0.92447
7tgk_chainD,443,E,B,0.812855,B,0.919487
7tgk_chainD,444,N,B,0.8365,B,0.88223
7tgk_chainD,445,T,N,0.057189,N,0.079968
7tgk_chainD,446,I,N,0.091362,N,0.072577
7tgk_chainD,447,L,N,0.050472,N,0.047169
7tgk_chainD,448,V,N,0.021559,N,0.01676
7tgk_chainD,449,L,N,0.012055,N,0.016398
7tgk_chainD,450,K,N,0.023626,N,0.026616
7tgk_chainD,451,D,N,0.010053,N,0.010724
7tgk_chainD,452,G,N,0.077906,N,0.049368
7tgk_chainD,453,V,N,0.048295,N,0.039306
7tgk_chainD,454,V,N,0.040493,N,0.027936
7tgk_chainD,455,Q,N,0.020855,N,0.017537
7tgk_chainD,456,R,N,0.021953,N,0.022885
7tgk_chainD,457,A,N,0.036702,N,0.025609
7tgk_chainD,458,V,N,0.037398,N,0.029868
7tgk_chainD,459,Y,N,0.074691,N,0.071184
7tgk_chainD,460,K,N,0.220519,N,0.279653
7tgk_chainD,461,D,B,0.731646,B,0.67241
7tgk_chainD,462,I,N,0.094071,N,0.087587
7tgk_chainD,463,A,N,0.077564,N,0.084733
7tgk_chainD,464,E,N,0.128536,N,0.217327
7tgk_chainD,465,E,N,0.16259,N,0.116149
7tgk_chainD,466,I,N,0.062933,N,0.052699
7tgk_chainD,467,V,N,0.053387,N,0.055026
7tgk_chainD,468,V,N,0.044935,N,0.037649
7tgk_chainD,469,M,N,0.0313,N,0.025647
7tgk_chainD,470,D,N,0.055821,N,0.03916
7tgk_chainD,471,P,N,0.046938,N,0.032611
7tgk_chainD,472,D,N,0.046333,N,0.031573
7tgk_chainD,473,A,N,0.043084,N,0.025769
7tgk_chainD,474,V,N,0.06698,N,0.037267
7tgk_chainD,475,L,N,0.069581,N,0.023161
7tgk_chainD,476,P,N,0.042334,N,0.022116
7tgk_chainD,477,P,N,0.046061,N,0.031632
7tgk_chainD,478,E,N,0.037321,N,0.027408
7tgk_chainD,479,V,N,0.04596,N,0.02283
7tgk_chainD,480,R,N,0.037278,N,0.024758
7tgk_chainD,481,R,N,0.022397,N,0.022821
7tgk_chainD,482,V,N,0.024716,N,0.017136
7tgk_chainD,483,R,N,0.024581,N,0.023943
7tgk_chainD,484,A,N,0.03877,N,0.029051
7tgk_chainD,485,E,N,0.025866,N,0.020732
7tgk_chainD,486,V,N,0.033053,N,0.027384
7tgk_chainD,487,P,N,0.019779,N,0.01161
7tgk_chainD,488,E,N,0.013761,N,0.012328
7tgk_chainD,489,D,N,0.03146,N,0.02598
7tgk_chainD,490,M,N,0.0085,N,0.007429
7tgk_chainD,491,K,N,0.018091,N,0.015824
7tgk_chainD,492,L,N,0.029028,N,0.025254
7tgk_chainD,493,L,N,0.050971,N,0.037361
7tgk_chainD,494,S,N,0.031794,N,0.03346
7tgk_chainD,495,I,N,0.023462,N,0.015793
7tgk_chainD,496,F,N,0.060368,N,0.047747
7tgk_chainD,497,T,N,0.068048,N,0.048951
7tgk_chainD,498,D,N,0.029865,N,0.026024
7tgk_chainD,499,V,N,0.05906,N,0.044903
7tgk_chainD,500,F,N,0.036736,N,0.032747
7tgk_chainD,501,D,N,0.059969,N,0.059017
7tgk_chainD,502,C,N,0.160971,N,0.184147
7tgk_chainD,503,F,N,0.03869,N,0.072154
7tgk_chainD,504,F,N,0.042889,N,0.041521
7tgk_chainD,505,R,N,0.06171,N,0.054146
7tgk_chainD,506,F,N,0.061865,N,0.06162
7tgk_chainD,507,L,N,0.029343,N,0.028871
7tgk_chainD,508,A,N,0.026326,N,0.015299
7tgk_chainD,509,A,N,0.021061,N,0.021552
7tgk_chainD,510,G,N,0.024546,N,0.021027
7tgk_chainD,511,L,N,0.038735,N,0.022656
7tgk_chainD,512,A,N,0.018901,N,0.016003
7tgk_chainD,513,T,N,0.026372,N,0.025164
7tgk_chainD,514,E,N,0.048864,N,0.048242
7tgk_chainD,515,E,N,0.032753,N,0.024812
7tgk_chainD,516,V,N,0.034574,N,0.021674
7tgk_chainD,517,L,N,0.009092,N,0.007102
7tgk_chainD,518,A,N,0.016571,N,0.010881
7tgk_chainD,519,E,N,0.032186,N,0.019097
7tgk_chainD,520,D,N,0.03635,N,0.028694
7tgk_chainD,521,D,N,0.010091,N,0.009047
7tgk_chainD,522,F,N,0.01279,N,0.008353
7tgk_chainD,523,W,N,0.03594,N,0.026601
7tgk_chainD,524,R,N,0.045735,N,0.03984
7tgk_chainD,525,T,N,0.018567,N,0.017819
7tgk_chainD,526,V,N,0.019694,N,0.013674
7tgk_chainD,527,A,N,0.021002,N,0.01675
7tgk_chainD,528,E,N,0.027629,N,0.025233
7tgk_chainD,529,V,N,0.036745,N,0.034026
7tgk_chainD,530,T,N,0.037957,N,0.024062
7tgk_chainD,531,R,N,0.024437,N,0.015255
7tgk_chainD,532,E,N,0.048797,N,0.042885
7tgk_chainD,533,Y,N,0.03083,N,0.028176
7tgk_chainD,534,Q,N,0.048829,N,0.029292
7tgk_chainD,535,E,N,0.031701,N,0.022386
7tgk_chainD,536,A,N,0.033449,N,0.029855
7tgk_chainD,537,H,N,0.040689,N,0.037594
7tgk_chainD,538,P,N,0.040524,N,0.026986
7tgk_chainD,539,E,N,0.0605,N,0.050504
7tgk_chainD,540,L,N,0.028524,N,0.02282
7tgk_chainD,541,D,N,0.027923,N,0.02068
7tgk_chainD,542,D,N,0.02797,N,0.021034
7tgk_chainD,543,R,N,0.055131,N,0.041095
7tgk_chainD,544,F,N,0.036889,N,0.021966
7tgk_chainD,545,R,N,0.037208,N,0.030551
7tgk_chainD,546,Q,N,0.019161,N,0.016051
7tgk_chainD,547,Y,N,0.032425,N,0.021975
7tgk_chainD,548,D,N,0.04403,N,0.03448
7tgk_chainD,549,L,N,0.024262,N,0.018349
7tgk_chainD,550,F,N,0.050438,N,0.037554
7tgk_chainD,551,A,N,0.022635,N,0.018686
7tgk_chainD,552,P,N,0.025379,N,0.020323
7tgk_chainD,553,E,N,0.029599,N,0.030715
7tgk_chainD,554,F,N,0.017892,N,0.015226
7tgk_chainD,555,A,N,0.02379,N,0.017152
7tgk_chainD,556,L,N,0.024955,N,0.017634
7tgk_chainD,557,S,N,0.017767,N,0.014304
7tgk_chainD,558,C,N,0.021071,N,0.011672
7tgk_chainD,559,L,N,0.021755,N,0.012308
7tgk_chainD,560,N,N,0.027451,N,0.021101
7tgk_chainD,561,R,N,0.043552,N,0.034642
7tgk_chainD,562,L,N,0.028523,N,0.015171
7tgk_chainD,563,Q,N,0.06661,N,0.047997
7tgk_chainD,564,L,N,0.051875,N,0.033798
7tgk_chainD,565,R,N,0.033371,N,0.027173
7tgk_chainD,566,D,N,0.087673,N,0.081978
7tgk_chainD,567,N,N,0.054015,N,0.044979
7tgk_chainD,568,R,N,0.039366,N,0.035509
7tgk_chainD,569,Q,N,0.047155,N,0.037472
7tgk_chainD,570,M,N,0.032635,N,0.021735
7tgk_chainD,571,V,N,0.056304,N,0.052577
7tgk_chainD,572,D,N,0.053883,N,0.043475
7tgk_chainD,573,L,N,0.089528,N,0.069325
7tgk_chainD,574,A,N,0.044961,N,0.026878
7tgk_chainD,575,D,N,0.079793,N,0.042506
7tgk_chainD,576,P,N,0.049023,N,0.027474
7tgk_chainD,577,S,N,0.035993,N,0.022187
7tgk_chainD,578,A,N,0.021381,N,0.013452
7tgk_chainD,579,A,N,0.038715,N,0.024546
7tgk_chainD,580,L,N,0.026286,N,0.018749
7tgk_chainD,581,Q,N,0.017454,N,0.013066
7tgk_chainD,582,L,N,0.011771,N,0.009623
7tgk_chainD,583,V,N,0.014433,N,0.013794
7tgk_chainD,584,G,N,0.018695,N,0.016632
7tgk_chainD,585,T,N,0.029902,N,0.019386
7tgk_chainD,586,L,N,0.034056,N,0.021865
7tgk_chainD,587,R,N,0.017099,N,0.015296
7tgk_chainD,588,N,N,0.038708,N,0.026497
7tgk_chainD,589,P,N,0.043728,N,0.033884
7tgk_chainD,590,L,N,0.037893,N,0.02876
7tgk_chainD,591,A,N,0.011478,N,0.009801
7tgk_chainD,592,G,N,0.012382,N,0.013812
7tgk_chainD,593,L,N,0.022448,N,0.022217
