Prot.ID,NO,Residue,ATPseq Binding Sites,ATPseq Probability,ATPbind Binding Sites,ATPbind Probability
7uld_chainA,1,V,N,0.015196,N,0.019866
7uld_chainA,2,E,N,0.015502,N,0.019779
7uld_chainA,3,V,N,0.029591,N,0.033472
7uld_chainA,4,F,N,0.064413,N,0.07517
7uld_chainA,5,P,N,0.12774,N,0.079005
7uld_chainA,6,V,N,0.087262,N,0.078664
7uld_chainA,7,E,N,0.179596,N,0.094116
7uld_chainA,8,G,N,0.059365,N,0.043298
7uld_chainA,9,L,N,0.084151,N,0.079481
7uld_chainA,10,P,N,0.056245,N,0.054183
7uld_chainA,11,L,N,0.093734,N,0.079088
7uld_chainA,12,I,N,0.230588,N,0.073272
7uld_chainA,13,K,N,0.08852,N,0.056964
7uld_chainA,14,E,N,0.082936,N,0.078218
7uld_chainA,15,G,N,0.062065,N,0.061378
7uld_chainA,16,D,N,0.04421,N,0.03339
7uld_chainA,17,D,N,0.065101,N,0.039938
7uld_chainA,18,L,N,0.109932,N,0.035808
7uld_chainA,19,A,N,0.031286,N,0.061066
7uld_chainA,20,E,N,0.035119,N,0.034825
7uld_chainA,21,L,N,0.035921,N,0.040482
7uld_chainA,22,I,N,0.045566,N,0.100368
7uld_chainA,23,S,N,0.021422,N,0.056017
7uld_chainA,24,S,N,0.025171,N,0.031677
7uld_chainA,25,R,N,0.030301,N,0.045167
7uld_chainA,26,V,N,0.045921,N,0.065436
7uld_chainA,27,R,N,0.065872,N,0.044103
7uld_chainA,28,F,N,0.051724,N,0.027921
7uld_chainA,29,E,N,0.077945,N,0.043309
7uld_chainA,30,D,N,0.245062,N,0.129978
7uld_chainA,31,G,N,0.215927,N,0.093508
7uld_chainA,32,D,N,0.07781,N,0.059853
7uld_chainA,33,V,N,0.068529,N,0.108192
7uld_chainA,34,L,N,0.038551,N,0.094781
7uld_chainA,35,V,N,0.016981,N,0.066331
7uld_chainA,36,V,N,0.020457,N,0.089367
7uld_chainA,37,C,N,0.010313,N,0.085134
7uld_chainA,38,S,N,0.024707,N,0.162239
7uld_chainA,39,T,N,0.032429,N,0.191448
7uld_chainA,40,V,N,0.117406,N,0.229028
7uld_chainA,41,I,B,0.471598,N,0.260644
7uld_chainA,42,S,N,0.057038,N,0.036936
7uld_chainA,43,K,B,0.753771,N,0.308607
7uld_chainA,44,A,N,0.060682,N,0.042484
7uld_chainA,45,E,N,0.26749,N,0.119859
7uld_chainA,46,G,N,0.057046,N,0.033575
7uld_chainA,47,R,N,0.078362,N,0.081475
7uld_chainA,48,I,N,0.041862,N,0.031543
7uld_chainA,49,R,N,0.051004,N,0.039088
7uld_chainA,50,R,N,0.046892,N,0.028537
7uld_chainA,51,L,N,0.035696,N,0.02852
7uld_chainA,52,E,N,0.019601,N,0.016836
7uld_chainA,53,E,N,0.024153,N,0.020887
7uld_chainA,54,F,N,0.058155,N,0.057301
7uld_chainA,55,N,N,0.052722,N,0.054915
7uld_chainA,56,P,N,0.068302,N,0.050192
7uld_chainA,57,S,N,0.035771,N,0.035247
7uld_chainA,58,E,N,0.017069,N,0.01341
7uld_chainA,59,R,N,0.021285,N,0.016153
7uld_chainA,60,A,N,0.022529,N,0.048835
7uld_chainA,61,K,N,0.012449,N,0.010648
7uld_chainA,62,E,N,0.014638,N,0.012782
7uld_chainA,63,I,N,0.037214,N,0.031196
7uld_chainA,64,A,N,0.018774,N,0.013091
7uld_chainA,65,A,N,0.031155,N,0.029706
7uld_chainA,66,R,N,0.211792,N,0.129977
7uld_chainA,67,I,N,0.189632,N,0.113398
7uld_chainA,68,G,N,0.077996,N,0.251947
7uld_chainA,69,K,N,0.039804,N,0.108138
7uld_chainA,70,P,N,0.043219,N,0.098486
7uld_chainA,71,A,N,0.081752,N,0.133747
7uld_chainA,72,E,N,0.058577,N,0.135149
7uld_chainA,73,F,N,0.027565,N,0.065502
7uld_chainA,74,V,N,0.025743,N,0.015234
7uld_chainA,75,Q,N,0.033733,N,0.036233
7uld_chainA,76,A,N,0.013251,N,0.012562
7uld_chainA,77,V,N,0.014375,N,0.013431
7uld_chainA,78,L,N,0.020791,N,0.013743
7uld_chainA,79,E,N,0.039897,N,0.023134
7uld_chainA,80,E,N,0.07422,N,0.068147
7uld_chainA,81,S,N,0.032745,N,0.017163
7uld_chainA,82,E,N,0.036993,N,0.029384
7uld_chainA,83,E,N,0.033618,N,0.021712
7uld_chainA,84,V,N,0.049167,N,0.027172
7uld_chainA,85,L,N,0.074678,N,0.039174
7uld_chainA,86,L,N,0.047948,N,0.030729
7uld_chainA,87,D,N,0.017246,N,0.015154
7uld_chainA,88,F,N,0.005084,N,0.003766
7uld_chainA,89,P,N,0.012624,N,0.009353
7uld_chainA,90,F,N,0.021949,N,0.015676
7uld_chainA,91,L,N,0.064644,N,0.039905
7uld_chainA,92,L,N,0.022146,N,0.023767
7uld_chainA,93,V,N,0.044476,N,0.036588
7uld_chainA,94,K,N,0.030364,N,0.024754
7uld_chainA,95,A,N,0.036661,N,0.028841
7uld_chainA,96,K,N,0.029746,N,0.027261
7uld_chainA,97,F,N,0.063698,N,0.03454
7uld_chainA,98,G,N,0.11157,N,0.053278
7uld_chainA,99,N,N,0.151406,N,0.078727
7uld_chainA,100,V,N,0.139172,N,0.064539
7uld_chainA,101,C,N,0.119673,N,0.053459
7uld_chainA,102,V,N,0.03901,N,0.030141
7uld_chainA,103,N,N,0.053054,N,0.035403
7uld_chainA,104,A,N,0.049467,N,0.042925
7uld_chainA,105,G,N,0.121669,N,0.076813
7uld_chainA,106,I,N,0.283663,N,0.116068
7uld_chainA,107,D,N,0.287995,N,0.135127
7uld_chainA,108,A,N,0.070362,N,0.058972
7uld_chainA,109,S,N,0.202225,N,0.086567
7uld_chainA,110,N,B,0.508695,N,0.174977
7uld_chainA,111,V,N,0.043242,N,0.024603
7uld_chainA,112,E,N,0.020464,N,0.014588
7uld_chainA,113,E,N,0.027562,N,0.018347
7uld_chainA,114,G,N,0.101699,N,0.071361
7uld_chainA,115,S,N,0.041495,N,0.02896
7uld_chainA,116,L,N,0.034275,N,0.032352
7uld_chainA,117,L,N,0.037564,N,0.027686
7uld_chainA,118,L,N,0.073181,N,0.0447
7uld_chainA,119,P,N,0.068355,N,0.053391
7uld_chainA,120,P,N,0.05651,N,0.05383
7uld_chainA,121,L,N,0.027756,N,0.046432
7uld_chainA,122,D,N,0.069646,N,0.258063
7uld_chainA,123,P,N,0.222919,N,0.339728
7uld_chainA,124,D,N,0.061901,N,0.349904
7uld_chainA,125,G,N,0.029346,N,0.100116
7uld_chainA,126,S,N,0.050732,N,0.126766
7uld_chainA,127,A,N,0.104834,B,0.462215
7uld_chainA,128,E,N,0.017669,N,0.055037
7uld_chainA,129,K,N,0.022985,N,0.042386
7uld_chainA,130,L,N,0.051518,N,0.144973
7uld_chainA,131,R,N,0.045817,N,0.144013
7uld_chainA,132,R,N,0.032759,N,0.088195
7uld_chainA,133,R,N,0.016812,N,0.210197
7uld_chainA,134,I,N,0.052998,N,0.074876
7uld_chainA,135,L,N,0.030388,N,0.0813
7uld_chainA,136,E,N,0.039085,N,0.040738
7uld_chainA,137,L,N,0.03189,N,0.037727
7uld_chainA,138,T,N,0.021726,N,0.025803
7uld_chainA,139,G,N,0.030601,N,0.029714
7uld_chainA,140,K,N,0.054661,N,0.038672
7uld_chainA,141,R,N,0.04051,N,0.034193
7uld_chainA,142,V,N,0.027046,N,0.024937
7uld_chainA,143,G,N,0.018577,N,0.048097
7uld_chainA,144,V,N,0.013573,N,0.017313
7uld_chainA,145,I,N,0.040517,N,0.045656
7uld_chainA,146,I,N,0.07433,N,0.065341
7uld_chainA,147,T,B,0.494209,N,0.218032
7uld_chainA,148,D,B,0.775974,N,0.278569
7uld_chainA,149,T,B,0.523687,N,0.082349
7uld_chainA,150,N,B,0.637813,N,0.156087
7uld_chainA,151,G,B,0.474705,N,0.149619
7uld_chainA,152,R,B,0.641676,N,0.19935
7uld_chainA,153,C,N,0.108396,N,0.051722
7uld_chainA,154,F,N,0.150122,N,0.084392
7uld_chainA,155,R,N,0.261541,N,0.132279
7uld_chainA,156,R,N,0.044405,N,0.030994
7uld_chainA,157,G,N,0.050333,N,0.034914
7uld_chainA,158,V,N,0.088829,N,0.076606
7uld_chainA,159,V,N,0.023739,N,0.037938
7uld_chainA,160,G,N,0.040709,N,0.038978
7uld_chainA,161,F,N,0.015111,N,0.016887
7uld_chainA,162,A,N,0.048843,N,0.054377
7uld_chainA,163,I,N,0.028675,N,0.027519
7uld_chainA,164,G,N,0.085518,N,0.066659
7uld_chainA,165,I,N,0.034988,N,0.035418
7uld_chainA,166,S,N,0.083148,N,0.050959
7uld_chainA,167,G,N,0.181337,N,0.082255
7uld_chainA,168,V,N,0.040406,N,0.032048
7uld_chainA,169,K,N,0.066187,N,0.038227
7uld_chainA,170,A,N,0.016587,N,0.014185
7uld_chainA,171,M,N,0.071318,N,0.037545
7uld_chainA,172,K,N,0.090071,N,0.05925
7uld_chainA,173,D,N,0.068391,N,0.06107
7uld_chainA,174,W,N,0.083738,N,0.084427
7uld_chainA,175,I,N,0.13935,N,0.1597
7uld_chainA,176,G,N,0.123028,N,0.120398
7uld_chainA,177,R,N,0.08219,N,0.076008
7uld_chainA,178,K,N,0.11623,N,0.112964
7uld_chainA,179,D,N,0.15257,N,0.105307
7uld_chainA,180,L,N,0.133256,N,0.075134
7uld_chainA,181,Y,B,0.479372,N,0.213508
7uld_chainA,182,G,N,0.278029,N,0.089037
7uld_chainA,183,R,N,0.189246,N,0.090728
7uld_chainA,184,E,N,0.1467,N,0.068819
7uld_chainA,185,L,N,0.204888,N,0.086114
7uld_chainA,186,E,N,0.092596,N,0.064086
7uld_chainA,187,V,N,0.077824,N,0.048196
7uld_chainA,188,T,N,0.031722,N,0.035151
7uld_chainA,189,V,N,0.042112,N,0.064011
7uld_chainA,190,E,N,0.061659,N,0.069174
7uld_chainA,191,C,N,0.056005,N,0.047714
7uld_chainA,192,V,N,0.11746,N,0.052301
7uld_chainA,193,A,N,0.126617,N,0.054413
7uld_chainA,194,D,N,0.038795,N,0.043573
7uld_chainA,195,E,N,0.073998,N,0.078525
7uld_chainA,196,I,N,0.199902,N,0.09402
7uld_chainA,197,A,N,0.04286,N,0.028773
7uld_chainA,198,A,N,0.015149,N,0.013367
7uld_chainA,199,F,N,0.019563,N,0.017893
7uld_chainA,200,A,N,0.03015,N,0.023608
7uld_chainA,201,N,N,0.02516,N,0.021802
7uld_chainA,202,L,N,0.023801,N,0.020839
7uld_chainA,203,L,N,0.022074,N,0.022071
7uld_chainA,204,M,N,0.043359,N,0.039821
7uld_chainA,205,G,N,0.045328,N,0.036905
7uld_chainA,206,E,N,0.049451,N,0.042999
7uld_chainA,207,G,N,0.015589,N,0.010957
7uld_chainA,208,G,N,0.019505,N,0.012323
7uld_chainA,209,D,N,0.026139,N,0.020532
7uld_chainA,210,G,N,0.049735,N,0.02979
7uld_chainA,211,I,N,0.053743,N,0.033028
7uld_chainA,212,P,N,0.032564,N,0.032844
7uld_chainA,213,A,N,0.042656,N,0.031117
7uld_chainA,214,V,N,0.047412,N,0.017598
7uld_chainA,215,V,N,0.270051,N,0.081087
7uld_chainA,216,V,N,0.051644,N,0.036339
7uld_chainA,217,R,N,0.155141,N,0.131123
7uld_chainA,218,G,N,0.110052,N,0.089416
7uld_chainA,219,L,N,0.116303,N,0.065282
7uld_chainA,220,N,N,0.112056,N,0.09073
7uld_chainA,221,V,N,0.043677,N,0.038496
7uld_chainA,222,A,N,0.056881,N,0.046271
7uld_chainA,223,G,N,0.059314,N,0.041372
7uld_chainA,224,E,N,0.039966,N,0.053272
7uld_chainA,225,G,N,0.035707,N,0.039061
7uld_chainA,226,S,N,0.055211,N,0.094755
7uld_chainA,227,M,N,0.046224,N,0.034754
7uld_chainA,228,E,N,0.083436,N,0.052265
7uld_chainA,229,E,N,0.065249,N,0.04207
7uld_chainA,230,I,N,0.100596,N,0.073003
7uld_chainA,231,Y,N,0.0766,N,0.054639
7uld_chainA,232,R,N,0.097586,N,0.090042
7uld_chainA,233,S,N,0.032299,N,0.028915
7uld_chainA,234,E,N,0.024296,N,0.021139
7uld_chainA,235,E,N,0.030796,N,0.023034
7uld_chainA,236,E,N,0.017555,N,0.013195
7uld_chainA,237,D,N,0.056496,N,0.030048
7uld_chainA,238,V,N,0.020867,N,0.014989
7uld_chainA,239,I,N,0.017091,N,0.012688
7uld_chainA,240,R,N,0.049897,N,0.039173
7uld_chainA,241,R,N,0.030469,N,0.028318
7uld_chainA,242,C,N,0.012879,N,0.013367
7uld_chainA,243,L,N,0.025795,N,0.018333
7uld_chainA,244,K,N,0.015357,N,0.012214
7uld_chainA,245,R,N,0.023287,N,0.01846
7uld_chainA,246,C,N,0.031078,N,0.021509
7uld_chainA,247,L,N,0.01649,N,0.013718
