Prot.ID,NO,Residue,ATPseq Binding Sites,ATPseq Probability,ATPbind Binding Sites,ATPbind Probability
8dbj_chainA,1,P,N,0.010547,N,0.013822
8dbj_chainA,2,N,N,0.016787,N,0.018144
8dbj_chainA,3,I,N,0.034269,N,0.04103
8dbj_chainA,4,K,N,0.040771,N,0.029575
8dbj_chainA,5,I,N,0.042512,N,0.045422
8dbj_chainA,6,F,N,0.090692,N,0.075889
8dbj_chainA,7,S,N,0.041573,N,0.049331
8dbj_chainA,8,G,N,0.038781,N,0.036282
8dbj_chainA,9,S,N,0.041028,N,0.037843
8dbj_chainA,10,S,N,0.040049,N,0.031498
8dbj_chainA,11,H,N,0.048134,N,0.04151
8dbj_chainA,12,Q,N,0.017686,N,0.016164
8dbj_chainA,13,D,N,0.013195,N,0.012767
8dbj_chainA,14,L,N,0.054227,N,0.070913
8dbj_chainA,15,S,N,0.038746,N,0.030872
8dbj_chainA,16,Q,N,0.032479,N,0.038169
8dbj_chainA,17,K,N,0.026253,N,0.048651
8dbj_chainA,18,I,N,0.041484,N,0.03344
8dbj_chainA,19,A,N,0.027401,N,0.026262
8dbj_chainA,20,D,N,0.034148,N,0.023379
8dbj_chainA,21,R,N,0.032542,N,0.02808
8dbj_chainA,22,L,N,0.040702,N,0.028442
8dbj_chainA,23,G,N,0.015358,N,0.015034
8dbj_chainA,24,L,N,0.040676,N,0.025019
8dbj_chainA,25,E,N,0.092201,N,0.051297
8dbj_chainA,26,L,N,0.039698,N,0.032075
8dbj_chainA,27,G,N,0.05138,N,0.039319
8dbj_chainA,28,K,N,0.038266,N,0.030355
8dbj_chainA,29,V,N,0.018135,N,0.017379
8dbj_chainA,30,V,N,0.041984,N,0.04694
8dbj_chainA,31,T,N,0.021713,N,0.02559
8dbj_chainA,32,K,N,0.057401,N,0.041455
8dbj_chainA,33,K,N,0.021292,N,0.014383
8dbj_chainA,34,F,N,0.093148,N,0.064427
8dbj_chainA,35,S,N,0.034055,N,0.02609
8dbj_chainA,36,N,N,0.043555,N,0.050369
8dbj_chainA,37,Q,N,0.069951,N,0.072283
8dbj_chainA,38,E,N,0.085274,N,0.068533
8dbj_chainA,39,T,N,0.038267,N,0.032215
8dbj_chainA,40,C,N,0.062211,N,0.05637
8dbj_chainA,41,V,N,0.078781,N,0.04981
8dbj_chainA,42,E,N,0.138344,N,0.062556
8dbj_chainA,43,I,N,0.119388,N,0.073719
8dbj_chainA,44,G,N,0.027808,N,0.038616
8dbj_chainA,45,E,N,0.051174,N,0.037444
8dbj_chainA,46,S,N,0.112219,N,0.046617
8dbj_chainA,47,V,N,0.156819,N,0.063784
8dbj_chainA,48,R,N,0.117755,N,0.062029
8dbj_chainA,49,G,N,0.179882,N,0.09127
8dbj_chainA,50,E,N,0.035079,N,0.024776
8dbj_chainA,51,D,N,0.112273,N,0.062906
8dbj_chainA,52,V,N,0.070163,N,0.044188
8dbj_chainA,53,Y,N,0.044136,N,0.042245
8dbj_chainA,54,I,N,0.042883,N,0.045937
8dbj_chainA,55,V,N,0.071281,N,0.070271
8dbj_chainA,56,Q,B,0.533191,N,0.218505
8dbj_chainA,57,S,N,0.162991,N,0.077003
8dbj_chainA,58,G,N,0.213454,N,0.086813
8dbj_chainA,59,C,N,0.151812,N,0.116564
8dbj_chainA,60,G,N,0.043988,N,0.039236
8dbj_chainA,61,E,N,0.046681,N,0.039394
8dbj_chainA,62,I,N,0.021197,N,0.01739
8dbj_chainA,63,N,N,0.137802,N,0.080585
8dbj_chainA,64,D,N,0.049003,N,0.032679
8dbj_chainA,65,N,N,0.038449,N,0.025143
8dbj_chainA,66,L,N,0.023602,N,0.016242
8dbj_chainA,67,M,N,0.034584,N,0.027296
8dbj_chainA,68,E,N,0.032205,N,0.02946
8dbj_chainA,69,L,N,0.022397,N,0.022439
8dbj_chainA,70,L,N,0.048346,N,0.023885
8dbj_chainA,71,I,N,0.028854,N,0.02309
8dbj_chainA,72,M,N,0.017013,N,0.014499
8dbj_chainA,73,I,N,0.018693,N,0.018061
8dbj_chainA,74,N,N,0.036083,N,0.024345
8dbj_chainA,75,A,N,0.020437,N,0.016577
8dbj_chainA,76,C,N,0.012393,N,0.013468
8dbj_chainA,77,K,N,0.046571,N,0.031108
8dbj_chainA,78,I,N,0.036807,N,0.027302
8dbj_chainA,79,A,N,0.024101,N,0.017672
8dbj_chainA,80,S,N,0.034819,N,0.024391
8dbj_chainA,81,A,N,0.053943,N,0.033428
8dbj_chainA,82,S,N,0.02926,N,0.021719
8dbj_chainA,83,R,N,0.033711,N,0.029018
8dbj_chainA,84,V,N,0.077589,N,0.036417
8dbj_chainA,85,T,N,0.148005,N,0.063464
8dbj_chainA,86,A,N,0.086475,N,0.029487
8dbj_chainA,87,V,N,0.12893,N,0.043649
8dbj_chainA,88,I,N,0.046378,N,0.02113
8dbj_chainA,89,P,N,0.164358,N,0.118482
8dbj_chainA,90,C,N,0.120745,N,0.060906
8dbj_chainA,91,F,N,0.349833,N,0.157104
8dbj_chainA,92,P,N,0.232291,N,0.072002
8dbj_chainA,93,Y,N,0.41464,N,0.151258
8dbj_chainA,94,A,N,0.364774,N,0.146129
8dbj_chainA,95,R,N,0.391436,N,0.196398
8dbj_chainA,96,Q,N,0.310053,N,0.163707
8dbj_chainA,97,D,N,0.208269,N,0.10425
8dbj_chainA,98,K,N,0.177095,N,0.119189
8dbj_chainA,99,K,N,0.144837,N,0.092486
8dbj_chainA,100,D,N,0.05118,N,0.042296
8dbj_chainA,101,K,N,0.045125,N,0.044908
8dbj_chainA,102,S,N,0.110201,N,0.056747
8dbj_chainA,103,R,N,0.153958,N,0.102166
8dbj_chainA,104,A,N,0.164925,N,0.073443
8dbj_chainA,105,P,N,0.346023,N,0.111626
8dbj_chainA,106,I,B,0.46567,N,0.110021
8dbj_chainA,107,S,N,0.048275,N,0.035109
8dbj_chainA,108,A,N,0.072358,N,0.043656
8dbj_chainA,109,K,N,0.215869,N,0.122128
8dbj_chainA,110,L,N,0.021574,N,0.018528
8dbj_chainA,111,V,N,0.032663,N,0.033513
8dbj_chainA,112,A,N,0.027287,N,0.025994
8dbj_chainA,113,N,N,0.018653,N,0.017524
8dbj_chainA,114,M,N,0.021687,N,0.019037
8dbj_chainA,115,L,N,0.029419,N,0.021735
8dbj_chainA,116,S,N,0.020564,N,0.016725
8dbj_chainA,117,V,N,0.034389,N,0.026611
8dbj_chainA,118,A,N,0.036823,N,0.024651
8dbj_chainA,119,G,N,0.047923,N,0.04096
8dbj_chainA,120,A,N,0.038637,N,0.020857
8dbj_chainA,121,D,N,0.186131,N,0.06463
8dbj_chainA,122,H,N,0.192922,N,0.085364
8dbj_chainA,123,I,N,0.059176,N,0.030133
8dbj_chainA,124,I,N,0.107065,N,0.042018
8dbj_chainA,125,T,N,0.05173,N,0.048633
8dbj_chainA,126,M,N,0.071225,N,0.303333
8dbj_chainA,127,D,N,0.198089,N,0.302428
8dbj_chainA,128,L,N,0.072563,N,0.082688
8dbj_chainA,129,H,N,0.208606,N,0.19015
8dbj_chainA,130,A,N,0.025428,N,0.026387
8dbj_chainA,131,S,N,0.024379,N,0.02357
8dbj_chainA,132,Q,N,0.072265,N,0.059374
8dbj_chainA,133,I,N,0.058355,N,0.044797
8dbj_chainA,134,Q,N,0.058959,N,0.044893
8dbj_chainA,135,G,N,0.207942,N,0.064256
8dbj_chainA,136,F,N,0.150398,N,0.065901
8dbj_chainA,137,F,N,0.068092,N,0.051774
8dbj_chainA,138,D,N,0.024234,N,0.027602
8dbj_chainA,139,I,N,0.024145,N,0.028254
8dbj_chainA,140,P,N,0.074864,N,0.052889
8dbj_chainA,141,V,N,0.028563,N,0.033724
8dbj_chainA,142,D,N,0.034039,N,0.041331
8dbj_chainA,143,N,N,0.042869,N,0.128442
8dbj_chainA,144,L,N,0.024453,N,0.142499
8dbj_chainA,145,Y,N,0.039985,N,0.326611
8dbj_chainA,146,A,N,0.013856,N,0.264734
8dbj_chainA,147,E,N,0.040759,N,0.251577
8dbj_chainA,148,P,N,0.042962,N,0.16195
8dbj_chainA,149,A,N,0.028559,N,0.068326
8dbj_chainA,150,V,N,0.094988,N,0.069244
8dbj_chainA,151,L,N,0.051449,N,0.05486
8dbj_chainA,152,K,N,0.047682,N,0.037826
8dbj_chainA,153,W,N,0.052415,N,0.050834
8dbj_chainA,154,I,N,0.045861,N,0.047743
8dbj_chainA,155,R,N,0.03213,N,0.025083
8dbj_chainA,156,E,N,0.041917,N,0.027143
8dbj_chainA,157,N,N,0.107459,N,0.069859
8dbj_chainA,158,I,N,0.03909,N,0.030986
8dbj_chainA,159,S,N,0.035503,N,0.022479
8dbj_chainA,160,E,N,0.120356,N,0.051306
8dbj_chainA,161,W,N,0.02775,N,0.020378
8dbj_chainA,162,R,N,0.039362,N,0.031826
8dbj_chainA,163,N,N,0.029258,N,0.025791
8dbj_chainA,164,C,N,0.019682,N,0.016257
8dbj_chainA,165,T,N,0.086024,N,0.054142
8dbj_chainA,166,I,N,0.227529,N,0.099794
8dbj_chainA,167,V,B,0.439165,N,0.299636
8dbj_chainA,168,S,N,0.365287,B,0.452761
8dbj_chainA,169,P,N,0.246114,N,0.364351
8dbj_chainA,170,D,N,0.413648,N,0.306913
8dbj_chainA,171,A,N,0.156302,N,0.127623
8dbj_chainA,172,G,N,0.343556,N,0.147997
8dbj_chainA,173,G,N,0.37604,N,0.159063
8dbj_chainA,174,A,N,0.153994,N,0.073747
8dbj_chainA,175,K,N,0.117686,N,0.059981
8dbj_chainA,176,R,N,0.236367,N,0.137149
8dbj_chainA,177,V,N,0.107238,N,0.048637
8dbj_chainA,178,T,N,0.069236,N,0.055993
8dbj_chainA,179,S,N,0.028568,N,0.026137
8dbj_chainA,180,I,N,0.026862,N,0.021922
8dbj_chainA,181,A,N,0.037374,N,0.03791
8dbj_chainA,182,D,N,0.023856,N,0.019339
8dbj_chainA,183,R,N,0.033396,N,0.029358
8dbj_chainA,184,L,N,0.075307,N,0.049853
8dbj_chainA,185,N,N,0.077447,N,0.046029
8dbj_chainA,186,V,N,0.046546,N,0.026163
8dbj_chainA,187,D,N,0.162485,N,0.057997
8dbj_chainA,188,F,N,0.044144,N,0.026982
8dbj_chainA,189,A,N,0.16397,N,0.071134
8dbj_chainA,190,L,N,0.033927,N,0.042152
8dbj_chainA,191,I,N,0.070184,N,0.089081
8dbj_chainA,192,H,N,0.079208,N,0.094727
8dbj_chainA,193,K,N,0.068115,N,0.065454
8dbj_chainA,194,E,N,0.097765,N,0.127517
8dbj_chainA,195,D,N,0.035173,N,0.041333
8dbj_chainA,196,R,N,0.078294,N,0.077994
8dbj_chainA,197,M,N,0.048545,N,0.044338
8dbj_chainA,198,V,N,0.100344,N,0.079951
8dbj_chainA,199,L,N,0.10205,N,0.094388
8dbj_chainA,200,V,N,0.212198,N,0.087563
8dbj_chainA,201,G,N,0.380648,N,0.130847
8dbj_chainA,202,D,N,0.380706,N,0.087589
8dbj_chainA,203,V,N,0.151647,N,0.039246
8dbj_chainA,204,K,N,0.073344,N,0.047918
8dbj_chainA,205,D,N,0.270586,N,0.108561
8dbj_chainA,206,R,N,0.110811,N,0.054802
8dbj_chainA,207,V,N,0.063436,N,0.036163
8dbj_chainA,208,A,N,0.122184,N,0.048272
8dbj_chainA,209,I,N,0.099555,N,0.048312
8dbj_chainA,210,L,N,0.413034,N,0.115218
8dbj_chainA,211,V,N,0.170999,N,0.117546
8dbj_chainA,212,D,B,0.566496,B,0.490153
8dbj_chainA,213,D,N,0.270303,N,0.208189
8dbj_chainA,214,M,N,0.403719,N,0.315516
8dbj_chainA,215,A,N,0.248166,N,0.192654
8dbj_chainA,216,D,N,0.0808,N,0.067139
8dbj_chainA,217,T,B,0.489797,N,0.176567
8dbj_chainA,218,C,N,0.105759,N,0.094138
8dbj_chainA,219,G,N,0.029372,N,0.02792
8dbj_chainA,220,T,N,0.08136,N,0.127702
8dbj_chainA,221,I,N,0.065981,N,0.093601
8dbj_chainA,222,C,N,0.017861,N,0.031158
8dbj_chainA,223,H,N,0.032355,N,0.069368
8dbj_chainA,224,A,N,0.031272,N,0.074406
8dbj_chainA,225,A,N,0.027191,N,0.029344
8dbj_chainA,226,D,N,0.01463,N,0.024517
8dbj_chainA,227,K,N,0.045697,N,0.038623
8dbj_chainA,228,L,N,0.094024,N,0.063194
8dbj_chainA,229,L,N,0.056297,N,0.038469
8dbj_chainA,230,S,N,0.069212,N,0.050351
8dbj_chainA,231,A,N,0.098108,N,0.052203
8dbj_chainA,232,G,N,0.11674,N,0.051339
8dbj_chainA,233,A,N,0.121361,N,0.049137
8dbj_chainA,234,T,N,0.11099,N,0.055307
8dbj_chainA,235,R,N,0.157468,N,0.073975
8dbj_chainA,236,V,N,0.336035,N,0.10213
8dbj_chainA,237,Y,N,0.226053,N,0.079095
8dbj_chainA,238,A,N,0.221848,N,0.080105
8dbj_chainA,239,I,N,0.21935,N,0.20679
8dbj_chainA,240,L,N,0.13195,N,0.149307
8dbj_chainA,241,T,N,0.126502,N,0.148138
8dbj_chainA,242,H,N,0.029292,N,0.071579
8dbj_chainA,243,G,N,0.022873,N,0.031731
8dbj_chainA,244,I,N,0.059254,N,0.042098
8dbj_chainA,245,F,N,0.017962,N,0.023705
8dbj_chainA,246,S,N,0.014597,N,0.021119
8dbj_chainA,247,G,N,0.012367,N,0.01684
8dbj_chainA,248,P,N,0.021762,N,0.027995
8dbj_chainA,249,A,N,0.035185,N,0.031815
8dbj_chainA,250,I,N,0.011707,N,0.011837
8dbj_chainA,251,S,N,0.027819,N,0.035416
8dbj_chainA,252,R,N,0.057086,N,0.045393
8dbj_chainA,253,I,N,0.03363,N,0.034013
8dbj_chainA,254,N,N,0.039771,N,0.042793
8dbj_chainA,255,N,N,0.047387,N,0.040438
8dbj_chainA,256,A,N,0.05642,N,0.032555
8dbj_chainA,257,C,N,0.066307,N,0.057352
8dbj_chainA,258,F,N,0.125634,N,0.07203
8dbj_chainA,259,E,N,0.069069,N,0.036078
8dbj_chainA,260,A,N,0.127668,N,0.052046
8dbj_chainA,261,V,N,0.066597,N,0.03648
8dbj_chainA,262,V,N,0.196551,N,0.099813
8dbj_chainA,263,V,N,0.035378,N,0.042028
8dbj_chainA,264,T,N,0.09886,N,0.059111
8dbj_chainA,265,N,N,0.183122,N,0.136861
8dbj_chainA,266,T,N,0.090061,N,0.08417
8dbj_chainA,267,I,N,0.044275,N,0.072316
8dbj_chainA,268,P,N,0.009371,N,0.022637
8dbj_chainA,269,Q,N,0.009909,N,0.010788
8dbj_chainA,270,E,N,0.02018,N,0.02484
8dbj_chainA,271,D,N,0.01177,N,0.014262
8dbj_chainA,272,K,N,0.027982,N,0.038929
8dbj_chainA,273,M,N,0.029987,N,0.027154
8dbj_chainA,274,K,N,0.027531,N,0.020661
8dbj_chainA,275,H,N,0.017636,N,0.014921
8dbj_chainA,276,C,N,0.014771,N,0.01069
8dbj_chainA,277,S,N,0.01937,N,0.017428
8dbj_chainA,278,K,N,0.032271,N,0.025672
8dbj_chainA,279,I,N,0.02014,N,0.021825
8dbj_chainA,280,Q,N,0.012399,N,0.020481
8dbj_chainA,281,V,N,0.078257,N,0.056557
8dbj_chainA,282,I,N,0.067371,N,0.072057
8dbj_chainA,283,D,N,0.088859,N,0.054263
8dbj_chainA,284,I,N,0.056644,N,0.077304
8dbj_chainA,285,S,N,0.090014,N,0.111506
8dbj_chainA,286,M,N,0.045848,N,0.042235
8dbj_chainA,287,I,N,0.108543,N,0.113019
8dbj_chainA,288,L,N,0.194183,N,0.083897
8dbj_chainA,289,A,N,0.073869,N,0.047804
8dbj_chainA,290,E,N,0.10562,N,0.087585
8dbj_chainA,291,A,N,0.045871,N,0.048833
8dbj_chainA,292,I,N,0.077275,N,0.045807
8dbj_chainA,293,R,N,0.052525,N,0.035708
8dbj_chainA,294,R,N,0.048109,N,0.035619
8dbj_chainA,295,T,N,0.043466,N,0.026815
8dbj_chainA,296,H,N,0.032092,N,0.026385
8dbj_chainA,297,N,N,0.031527,N,0.027314
8dbj_chainA,298,G,N,0.048508,N,0.034398
8dbj_chainA,299,E,N,0.045412,N,0.02373
8dbj_chainA,300,S,N,0.178838,N,0.074217
8dbj_chainA,301,V,N,0.103008,N,0.110557
8dbj_chainA,302,S,N,0.094795,N,0.050564
8dbj_chainA,303,Y,N,0.021494,N,0.022202
8dbj_chainA,304,L,N,0.045819,N,0.050054
8dbj_chainA,305,F,N,0.083345,N,0.074974
8dbj_chainA,306,S,N,0.015726,N,0.021804
8dbj_chainA,307,H,N,0.012288,N,0.014286
8dbj_chainA,308,V,N,0.015508,N,0.0163
8dbj_chainA,309,P,N,0.010366,N,0.009761
