Prot.ID,NO,Residue,ATPseq Binding Sites,ATPseq Probability,ATPbind Binding Sites,ATPbind Probability
8dcd_chainA,1,M,N,0.009959,N,0.008735
8dcd_chainA,2,V,N,0.012075,N,0.011967
8dcd_chainA,3,V,N,0.025607,N,0.024761
8dcd_chainA,4,P,N,0.044664,N,0.033924
8dcd_chainA,5,L,N,0.044063,N,0.040981
8dcd_chainA,6,K,N,0.041544,N,0.044251
8dcd_chainA,7,R,N,0.060375,N,0.042928
8dcd_chainA,8,I,N,0.066316,N,0.058484
8dcd_chainA,9,D,N,0.074779,N,0.067075
8dcd_chainA,10,K,N,0.023457,N,0.021017
8dcd_chainA,11,I,N,0.015204,N,0.01299
8dcd_chainA,12,R,N,0.016776,N,0.018303
8dcd_chainA,13,W,N,0.050993,N,0.05259
8dcd_chainA,14,E,N,0.035817,N,0.024527
8dcd_chainA,15,I,N,0.035593,N,0.02291
8dcd_chainA,16,P,N,0.04334,N,0.041359
8dcd_chainA,17,K,N,0.046236,N,0.051202
8dcd_chainA,18,F,N,0.041391,N,0.038855
8dcd_chainA,19,D,N,0.056567,N,0.053742
8dcd_chainA,20,K,N,0.039053,N,0.031759
8dcd_chainA,21,R,N,0.026515,N,0.028823
8dcd_chainA,22,M,N,0.04498,N,0.04806
8dcd_chainA,23,R,N,0.11119,N,0.085058
8dcd_chainA,24,V,N,0.042881,N,0.031984
8dcd_chainA,25,P,N,0.025295,N,0.02177
8dcd_chainA,26,G,N,0.013456,N,0.018318
8dcd_chainA,27,R,N,0.032211,N,0.039464
8dcd_chainA,28,V,N,0.019619,N,0.020524
8dcd_chainA,29,Y,N,0.034199,N,0.046548
8dcd_chainA,30,A,N,0.009795,N,0.016601
8dcd_chainA,31,D,N,0.024614,N,0.127689
8dcd_chainA,32,E,N,0.023382,N,0.030135
8dcd_chainA,33,V,N,0.024899,N,0.039431
8dcd_chainA,34,L,N,0.027365,N,0.127485
8dcd_chainA,35,L,N,0.02139,N,0.099017
8dcd_chainA,36,E,N,0.026176,N,0.025215
8dcd_chainA,37,K,N,0.020797,N,0.023121
8dcd_chainA,38,M,N,0.016362,N,0.068564
8dcd_chainA,39,K,N,0.022656,N,0.024136
8dcd_chainA,40,N,N,0.027012,N,0.025119
8dcd_chainA,41,D,N,0.015447,N,0.016387
8dcd_chainA,42,R,N,0.012191,N,0.014404
8dcd_chainA,43,T,N,0.015543,N,0.01461
8dcd_chainA,44,L,N,0.016122,N,0.009802
8dcd_chainA,45,E,N,0.025559,N,0.022291
8dcd_chainA,46,Q,N,0.024701,N,0.025541
8dcd_chainA,47,A,N,0.02507,N,0.022233
8dcd_chainA,48,T,N,0.02227,N,0.023333
8dcd_chainA,49,N,N,0.028178,N,0.019837
8dcd_chainA,50,V,N,0.031952,N,0.026882
8dcd_chainA,51,A,N,0.027663,N,0.018282
8dcd_chainA,52,M,N,0.019705,N,0.01246
8dcd_chainA,53,L,N,0.017928,N,0.014489
8dcd_chainA,54,P,N,0.024087,N,0.019648
8dcd_chainA,55,G,N,0.006859,N,0.006353
8dcd_chainA,56,I,N,0.039047,N,0.032088
8dcd_chainA,57,Y,N,0.024236,N,0.018592
8dcd_chainA,58,K,N,0.012746,N,0.011138
8dcd_chainA,59,Y,N,0.012727,N,0.009459
8dcd_chainA,60,S,N,0.011682,N,0.01093
8dcd_chainA,61,I,N,0.015946,N,0.012853
8dcd_chainA,62,V,N,0.012439,N,0.007765
8dcd_chainA,63,M,N,0.017283,N,0.018247
8dcd_chainA,64,P,N,0.044276,N,0.04126
8dcd_chainA,65,D,N,0.041107,N,0.032273
8dcd_chainA,66,G,N,0.02355,N,0.018829
8dcd_chainA,67,H,N,0.045516,N,0.034858
8dcd_chainA,68,Q,N,0.020259,N,0.020384
8dcd_chainA,69,G,N,0.02382,N,0.027046
8dcd_chainA,70,Y,N,0.030232,N,0.027708
8dcd_chainA,71,G,N,0.021069,N,0.02499
8dcd_chainA,72,F,N,0.027226,N,0.028024
8dcd_chainA,73,P,N,0.021093,N,0.022673
8dcd_chainA,74,I,N,0.042644,N,0.037791
8dcd_chainA,75,G,N,0.190241,N,0.114884
8dcd_chainA,76,G,N,0.10137,N,0.063175
8dcd_chainA,77,V,N,0.046128,N,0.035072
8dcd_chainA,78,A,N,0.040943,N,0.042727
8dcd_chainA,79,A,N,0.026278,N,0.022066
8dcd_chainA,80,F,N,0.05349,N,0.026662
8dcd_chainA,81,D,N,0.072949,N,0.031811
8dcd_chainA,82,V,N,0.017414,N,0.01687
8dcd_chainA,83,K,N,0.021336,N,0.021068
8dcd_chainA,84,E,N,0.012657,N,0.015522
8dcd_chainA,85,G,N,0.012014,N,0.010281
8dcd_chainA,86,V,N,0.028994,N,0.024929
8dcd_chainA,87,I,N,0.032159,N,0.023689
8dcd_chainA,88,S,N,0.02042,N,0.015389
8dcd_chainA,89,P,N,0.053601,N,0.039986
8dcd_chainA,90,G,N,0.062215,N,0.048431
8dcd_chainA,91,G,N,0.410862,N,0.141187
8dcd_chainA,92,I,N,0.053817,N,0.028322
8dcd_chainA,93,G,N,0.053852,N,0.037365
8dcd_chainA,94,Y,N,0.052856,N,0.032937
8dcd_chainA,95,D,N,0.167837,N,0.084891
8dcd_chainA,96,I,N,0.120479,N,0.047379
8dcd_chainA,97,N,N,0.118906,N,0.070265
8dcd_chainA,98,C,N,0.064007,N,0.055753
8dcd_chainA,99,G,N,0.042945,N,0.054782
8dcd_chainA,100,V,N,0.038695,N,0.201031
8dcd_chainA,101,R,N,0.076853,N,0.090667
8dcd_chainA,102,L,N,0.029007,N,0.176667
8dcd_chainA,103,I,N,0.02395,N,0.019597
8dcd_chainA,104,R,N,0.103349,N,0.085454
8dcd_chainA,105,T,N,0.025269,N,0.023746
8dcd_chainA,106,N,N,0.051053,N,0.028333
8dcd_chainA,107,L,N,0.027274,N,0.020307
8dcd_chainA,108,T,N,0.019545,N,0.012407
8dcd_chainA,109,E,N,0.066662,N,0.050224
8dcd_chainA,110,K,N,0.038658,N,0.030006
8dcd_chainA,111,E,N,0.031027,N,0.022965
8dcd_chainA,112,V,N,0.057824,N,0.033107
8dcd_chainA,113,R,N,0.076067,N,0.033504
8dcd_chainA,114,P,N,0.031747,N,0.017579
8dcd_chainA,115,R,N,0.015448,N,0.012305
8dcd_chainA,116,I,N,0.027597,N,0.02196
8dcd_chainA,117,K,N,0.018517,N,0.00997
8dcd_chainA,118,Q,N,0.025434,N,0.020025
8dcd_chainA,119,L,N,0.017856,N,0.013369
8dcd_chainA,120,V,N,0.018712,N,0.015625
8dcd_chainA,121,D,N,0.032232,N,0.024382
8dcd_chainA,122,T,N,0.018086,N,0.013503
8dcd_chainA,123,L,N,0.032097,N,0.025734
8dcd_chainA,124,F,N,0.040967,N,0.024799
8dcd_chainA,125,K,N,0.044239,N,0.033905
8dcd_chainA,126,N,N,0.040428,N,0.030465
8dcd_chainA,127,V,N,0.035277,N,0.027906
8dcd_chainA,128,P,N,0.047616,N,0.051145
8dcd_chainA,129,S,N,0.056084,N,0.033698
8dcd_chainA,130,G,N,0.203846,N,0.08127
8dcd_chainA,131,V,N,0.210188,N,0.07885
8dcd_chainA,132,G,N,0.152923,N,0.082756
8dcd_chainA,133,S,N,0.069097,N,0.040848
8dcd_chainA,134,Q,N,0.116627,N,0.092866
8dcd_chainA,135,G,N,0.080817,N,0.080847
8dcd_chainA,136,R,N,0.075282,N,0.220101
8dcd_chainA,137,I,N,0.079771,N,0.313353
8dcd_chainA,138,K,N,0.081155,B,0.401738
8dcd_chainA,139,L,N,0.025485,N,0.200864
8dcd_chainA,140,H,N,0.023544,N,0.205463
8dcd_chainA,141,W,N,0.032266,N,0.33583
8dcd_chainA,142,T,N,0.020158,N,0.169388
8dcd_chainA,143,Q,N,0.028439,B,0.558096
8dcd_chainA,144,I,N,0.034116,N,0.049642
8dcd_chainA,145,D,N,0.129342,N,0.057365
8dcd_chainA,146,D,N,0.022685,N,0.020296
8dcd_chainA,147,V,N,0.0325,N,0.029523
8dcd_chainA,148,L,N,0.046093,N,0.034817
8dcd_chainA,149,V,N,0.015608,N,0.017303
8dcd_chainA,150,D,N,0.032595,N,0.04006
8dcd_chainA,151,G,N,0.048805,N,0.133377
8dcd_chainA,152,A,N,0.024421,N,0.025243
8dcd_chainA,153,K,N,0.020961,N,0.027601
8dcd_chainA,154,W,N,0.054181,N,0.03643
8dcd_chainA,155,A,N,0.025347,N,0.029131
8dcd_chainA,156,V,N,0.04358,N,0.035663
8dcd_chainA,157,D,N,0.089692,N,0.044493
8dcd_chainA,158,N,N,0.106717,N,0.045287
8dcd_chainA,159,G,N,0.216938,N,0.057911
8dcd_chainA,160,Y,N,0.171828,N,0.059328
8dcd_chainA,161,G,N,0.140306,N,0.053105
8dcd_chainA,162,W,N,0.108617,N,0.070185
8dcd_chainA,163,E,N,0.061798,N,0.038221
8dcd_chainA,164,R,N,0.050278,N,0.029528
8dcd_chainA,165,D,N,0.051669,N,0.039481
8dcd_chainA,166,L,N,0.042835,N,0.034977
8dcd_chainA,167,E,N,0.036496,N,0.023157
8dcd_chainA,168,R,N,0.10324,N,0.06459
8dcd_chainA,169,L,N,0.044702,N,0.028972
8dcd_chainA,170,E,N,0.075649,N,0.042219
8dcd_chainA,171,E,N,0.040006,N,0.034306
8dcd_chainA,172,G,N,0.034767,N,0.023124
8dcd_chainA,173,G,N,0.058833,N,0.029258
8dcd_chainA,174,R,N,0.107373,N,0.055227
8dcd_chainA,175,M,N,0.120096,N,0.056773
8dcd_chainA,176,E,N,0.038803,N,0.02799
8dcd_chainA,177,G,N,0.043005,N,0.031358
8dcd_chainA,178,A,N,0.059134,N,0.034379
8dcd_chainA,179,D,N,0.103547,N,0.063214
8dcd_chainA,180,P,N,0.059659,N,0.044819
8dcd_chainA,181,E,N,0.030099,N,0.027391
8dcd_chainA,182,A,N,0.022033,N,0.023301
8dcd_chainA,183,V,N,0.086875,N,0.053571
8dcd_chainA,184,S,N,0.055366,N,0.173539
8dcd_chainA,185,Q,N,0.022265,N,0.029205
8dcd_chainA,186,R,N,0.035237,N,0.042409
8dcd_chainA,187,A,N,0.052222,N,0.055394
8dcd_chainA,188,K,N,0.068995,N,0.265203
8dcd_chainA,189,Q,N,0.067302,N,0.070674
8dcd_chainA,190,R,N,0.054681,N,0.044102
8dcd_chainA,191,G,N,0.049713,N,0.04493
8dcd_chainA,192,A,N,0.169491,N,0.086536
8dcd_chainA,193,P,N,0.167246,N,0.067313
8dcd_chainA,194,Q,N,0.224604,N,0.115424
8dcd_chainA,195,L,N,0.145443,N,0.089486
8dcd_chainA,196,G,N,0.103326,N,0.072571
8dcd_chainA,197,S,N,0.062106,N,0.053081
8dcd_chainA,198,L,N,0.207813,N,0.146751
8dcd_chainA,199,G,N,0.150214,N,0.061228
8dcd_chainA,200,S,N,0.119924,N,0.057008
8dcd_chainA,201,G,N,0.245182,N,0.08253
8dcd_chainA,202,N,N,0.106108,N,0.048653
8dcd_chainA,203,H,N,0.074384,N,0.072715
8dcd_chainA,204,F,N,0.123991,N,0.13302
8dcd_chainA,205,L,N,0.049923,N,0.166699
8dcd_chainA,206,E,N,0.127693,B,0.450443
8dcd_chainA,207,V,N,0.096635,B,0.410864
8dcd_chainA,208,Q,N,0.085004,B,0.74583
8dcd_chainA,209,V,N,0.065866,N,0.098022
8dcd_chainA,210,V,N,0.304193,N,0.220017
8dcd_chainA,211,D,N,0.212377,N,0.09513
8dcd_chainA,212,K,N,0.112572,N,0.056001
8dcd_chainA,213,I,N,0.231216,N,0.076666
8dcd_chainA,214,F,N,0.143226,N,0.049578
8dcd_chainA,215,D,N,0.026149,N,0.019786
8dcd_chainA,216,P,N,0.020467,N,0.01629
8dcd_chainA,217,E,N,0.024608,N,0.025202
8dcd_chainA,218,V,N,0.050818,N,0.033156
8dcd_chainA,219,A,N,0.029416,N,0.023957
8dcd_chainA,220,K,N,0.037301,N,0.027983
8dcd_chainA,221,A,N,0.044578,N,0.035666
8dcd_chainA,222,Y,N,0.027355,N,0.029601
8dcd_chainA,223,G,N,0.021501,N,0.015796
8dcd_chainA,224,L,N,0.037017,N,0.021284
8dcd_chainA,225,F,N,0.019341,N,0.014522
8dcd_chainA,226,E,N,0.043639,N,0.032956
8dcd_chainA,227,G,N,0.031472,N,0.025294
8dcd_chainA,228,Q,N,0.016173,N,0.014302
8dcd_chainA,229,V,N,0.025048,N,0.023389
8dcd_chainA,230,V,N,0.021404,N,0.028986
8dcd_chainA,231,V,N,0.02385,N,0.116902
8dcd_chainA,232,M,N,0.04908,B,0.643948
8dcd_chainA,233,V,N,0.051164,N,0.373641
8dcd_chainA,234,H,N,0.08408,B,0.440186
8dcd_chainA,235,T,N,0.096704,N,0.120989
8dcd_chainA,236,G,N,0.210463,N,0.139584
8dcd_chainA,237,S,N,0.147636,N,0.095993
8dcd_chainA,238,R,N,0.131076,N,0.07418
8dcd_chainA,239,G,N,0.090902,N,0.038994
8dcd_chainA,240,L,N,0.03257,N,0.017071
8dcd_chainA,241,G,N,0.100689,N,0.041507
8dcd_chainA,242,H,N,0.171326,N,0.107479
8dcd_chainA,243,Q,N,0.042011,N,0.037598
8dcd_chainA,244,V,N,0.029793,N,0.020815
8dcd_chainA,245,A,N,0.047025,N,0.026959
8dcd_chainA,246,S,N,0.012469,N,0.011023
8dcd_chainA,247,D,N,0.030945,N,0.020487
8dcd_chainA,248,Y,N,0.017624,N,0.014768
8dcd_chainA,249,L,N,0.016646,N,0.012113
8dcd_chainA,250,R,N,0.022574,N,0.021451
8dcd_chainA,251,I,N,0.024206,N,0.01837
8dcd_chainA,252,M,N,0.015079,N,0.0089
8dcd_chainA,253,E,N,0.04433,N,0.029561
8dcd_chainA,254,R,N,0.029315,N,0.022538
8dcd_chainA,255,A,N,0.015346,N,0.014177
8dcd_chainA,256,I,N,0.025855,N,0.019405
8dcd_chainA,257,R,N,0.040993,N,0.02414
8dcd_chainA,258,K,N,0.045111,N,0.033125
8dcd_chainA,259,Y,N,0.027737,N,0.022385
8dcd_chainA,260,R,N,0.01929,N,0.022355
8dcd_chainA,261,I,N,0.033181,N,0.031736
8dcd_chainA,262,P,N,0.021749,N,0.022829
8dcd_chainA,263,W,N,0.014741,N,0.018501
8dcd_chainA,264,P,N,0.065155,N,0.051971
8dcd_chainA,265,D,N,0.047521,N,0.043952
8dcd_chainA,266,R,N,0.261826,N,0.128563
8dcd_chainA,267,E,N,0.102121,N,0.068855
8dcd_chainA,268,L,N,0.152711,N,0.097395
8dcd_chainA,269,V,N,0.076634,N,0.076308
8dcd_chainA,270,S,N,0.042683,N,0.259735
8dcd_chainA,271,V,N,0.038601,N,0.307921
8dcd_chainA,272,P,N,0.029276,N,0.367146
8dcd_chainA,273,F,N,0.047142,N,0.312401
8dcd_chainA,274,Q,N,0.012069,N,0.146146
8dcd_chainA,275,S,N,0.024933,N,0.129047
8dcd_chainA,276,E,N,0.013434,N,0.024858
8dcd_chainA,277,E,N,0.020931,N,0.026617
8dcd_chainA,278,G,N,0.04236,N,0.037259
8dcd_chainA,279,Q,N,0.037235,N,0.033008
8dcd_chainA,280,R,N,0.020463,N,0.019904
8dcd_chainA,281,Y,N,0.047779,N,0.03208
8dcd_chainA,282,F,N,0.033818,N,0.022059
8dcd_chainA,283,S,N,0.022831,N,0.019511
8dcd_chainA,284,A,N,0.031785,N,0.025068
8dcd_chainA,285,M,N,0.055218,N,0.035087
8dcd_chainA,286,K,N,0.025885,N,0.053233
8dcd_chainA,287,A,N,0.030753,N,0.023951
8dcd_chainA,288,A,N,0.035929,N,0.07359
8dcd_chainA,289,A,N,0.032678,N,0.025511
8dcd_chainA,290,N,N,0.030665,N,0.025935
8dcd_chainA,291,F,N,0.04302,N,0.029499
8dcd_chainA,292,A,N,0.030853,N,0.02208
8dcd_chainA,293,W,N,0.020243,N,0.019904
8dcd_chainA,294,A,N,0.019728,N,0.016646
8dcd_chainA,295,N,N,0.043004,N,0.026676
8dcd_chainA,296,R,N,0.050321,N,0.037223
8dcd_chainA,297,Q,N,0.021696,N,0.022031
8dcd_chainA,298,M,N,0.015453,N,0.047098
8dcd_chainA,299,I,N,0.017171,N,0.015958
8dcd_chainA,300,T,N,0.044845,N,0.038197
8dcd_chainA,301,H,N,0.034654,N,0.038862
8dcd_chainA,302,W,N,0.015316,N,0.054958
8dcd_chainA,303,V,N,0.045516,N,0.030036
8dcd_chainA,304,R,N,0.118971,N,0.057633
8dcd_chainA,305,E,N,0.034317,N,0.034535
8dcd_chainA,306,S,N,0.037105,N,0.023787
8dcd_chainA,307,F,N,0.129443,N,0.076134
8dcd_chainA,308,Q,N,0.036436,N,0.025997
8dcd_chainA,309,E,N,0.025056,N,0.052762
8dcd_chainA,310,V,N,0.045393,N,0.047933
8dcd_chainA,311,F,N,0.076789,N,0.057743
8dcd_chainA,312,K,N,0.040363,N,0.043934
8dcd_chainA,313,Q,N,0.026926,N,0.018919
8dcd_chainA,314,D,N,0.03651,N,0.029574
8dcd_chainA,315,P,N,0.042501,N,0.035952
8dcd_chainA,316,E,N,0.047979,N,0.039859
8dcd_chainA,317,G,N,0.023583,N,0.019888
8dcd_chainA,318,D,N,0.051766,N,0.045981
8dcd_chainA,319,L,N,0.028608,N,0.02396
8dcd_chainA,320,G,N,0.025305,N,0.025662
8dcd_chainA,321,M,N,0.046301,N,0.038425
8dcd_chainA,322,D,N,0.041247,N,0.028105
8dcd_chainA,323,I,N,0.01146,N,0.010676
8dcd_chainA,324,V,N,0.052949,N,0.035032
8dcd_chainA,325,Y,N,0.161154,N,0.086003
8dcd_chainA,326,D,N,0.061164,N,0.046906
8dcd_chainA,327,V,N,0.037396,N,0.023415
8dcd_chainA,328,A,N,0.051496,N,0.062049
8dcd_chainA,329,H,N,0.064998,N,0.274864
8dcd_chainA,330,N,N,0.048568,N,0.048439
8dcd_chainA,331,I,N,0.060002,N,0.040502
8dcd_chainA,332,G,N,0.078578,N,0.033266
8dcd_chainA,333,K,N,0.111247,N,0.073403
8dcd_chainA,334,V,N,0.022238,N,0.027575
8dcd_chainA,335,E,N,0.033735,N,0.027066
8dcd_chainA,336,E,N,0.050262,N,0.054317
8dcd_chainA,337,H,N,0.180042,N,0.130937
8dcd_chainA,338,E,N,0.053748,N,0.040811
8dcd_chainA,339,V,N,0.053971,N,0.033048
8dcd_chainA,340,D,N,0.07501,N,0.038746
8dcd_chainA,341,G,N,0.106257,N,0.040126
8dcd_chainA,342,K,N,0.032572,N,0.023166
8dcd_chainA,343,R,N,0.02952,N,0.01967
8dcd_chainA,344,V,N,0.029551,N,0.024864
8dcd_chainA,345,K,N,0.030465,N,0.031151
8dcd_chainA,346,V,N,0.09747,N,0.039094
8dcd_chainA,347,I,N,0.124213,N,0.034618
8dcd_chainA,348,V,N,0.188965,N,0.054276
8dcd_chainA,349,H,N,0.184181,N,0.098646
8dcd_chainA,350,R,N,0.188761,N,0.11612
8dcd_chainA,351,K,N,0.100918,N,0.090013
8dcd_chainA,352,G,N,0.103618,N,0.231945
8dcd_chainA,353,A,N,0.111576,N,0.075429
8dcd_chainA,354,T,N,0.057556,N,0.056049
8dcd_chainA,355,R,N,0.398056,N,0.259514
8dcd_chainA,356,A,N,0.084395,N,0.068242
8dcd_chainA,357,F,N,0.04868,N,0.066273
8dcd_chainA,358,P,N,0.03332,N,0.030612
8dcd_chainA,359,P,N,0.028898,N,0.028825
8dcd_chainA,360,G,N,0.026202,N,0.021527
8dcd_chainA,361,H,N,0.039905,N,0.037185
8dcd_chainA,362,E,N,0.024635,N,0.017463
8dcd_chainA,363,A,N,0.029052,N,0.022367
8dcd_chainA,364,V,N,0.034942,N,0.021617
8dcd_chainA,365,P,N,0.062225,N,0.045478
8dcd_chainA,366,R,N,0.024773,N,0.017039
8dcd_chainA,367,L,N,0.032575,N,0.025133
8dcd_chainA,368,Y,N,0.050669,N,0.052089
8dcd_chainA,369,R,N,0.040917,N,0.039924
8dcd_chainA,370,D,N,0.015639,N,0.01362
8dcd_chainA,371,V,N,0.027084,N,0.019223
8dcd_chainA,372,G,N,0.055605,N,0.068407
8dcd_chainA,373,Q,N,0.025999,N,0.024902
8dcd_chainA,374,P,N,0.04666,N,0.031682
8dcd_chainA,375,V,N,0.050898,N,0.021427
8dcd_chainA,376,L,N,0.305318,N,0.108634
8dcd_chainA,377,I,N,0.078682,N,0.028965
8dcd_chainA,378,P,N,0.242259,N,0.075111
8dcd_chainA,379,G,N,0.193753,N,0.091364
8dcd_chainA,380,S,N,0.116013,N,0.04957
8dcd_chainA,381,M,N,0.042765,N,0.024266
8dcd_chainA,382,G,N,0.191248,N,0.061353
8dcd_chainA,383,T,N,0.04655,N,0.024371
8dcd_chainA,384,A,N,0.111989,N,0.030607
8dcd_chainA,385,S,N,0.283386,N,0.075969
8dcd_chainA,386,Y,N,0.093953,N,0.056951
8dcd_chainA,387,I,N,0.05815,N,0.037233
8dcd_chainA,388,L,N,0.084514,N,0.044445
8dcd_chainA,389,A,N,0.035706,N,0.027929
8dcd_chainA,390,G,N,0.027033,N,0.024794
8dcd_chainA,391,T,N,0.02018,N,0.021914
8dcd_chainA,392,E,N,0.011095,N,0.015793
8dcd_chainA,393,G,N,0.012972,N,0.013074
8dcd_chainA,394,A,N,0.025624,N,0.019268
8dcd_chainA,395,M,N,0.036043,N,0.028444
8dcd_chainA,396,K,N,0.048,N,0.031514
8dcd_chainA,397,E,N,0.030595,N,0.020184
8dcd_chainA,398,T,N,0.039544,N,0.028361
8dcd_chainA,399,F,N,0.074606,N,0.054768
8dcd_chainA,400,G,N,0.022069,N,0.019054
8dcd_chainA,401,S,N,0.062181,N,0.052569
8dcd_chainA,402,T,N,0.042322,N,0.040445
8dcd_chainA,403,C,N,0.108294,N,0.055233
8dcd_chainA,404,H,N,0.186879,N,0.338036
8dcd_chainA,405,G,N,0.227093,N,0.092616
8dcd_chainA,406,A,N,0.081794,N,0.051887
8dcd_chainA,407,G,N,0.074838,N,0.041731
8dcd_chainA,408,R,B,0.636524,B,0.673189
8dcd_chainA,409,V,N,0.080746,N,0.049152
8dcd_chainA,410,L,N,0.102149,N,0.042773
8dcd_chainA,411,S,N,0.0873,N,0.044797
8dcd_chainA,412,R,N,0.144701,N,0.115633
8dcd_chainA,413,K,N,0.032767,N,0.017639
8dcd_chainA,414,A,N,0.054411,N,0.034327
8dcd_chainA,415,A,N,0.031395,N,0.018441
8dcd_chainA,416,T,N,0.056659,N,0.040968
8dcd_chainA,417,R,N,0.046243,N,0.033059
8dcd_chainA,418,Q,N,0.024052,N,0.019149
8dcd_chainA,419,Y,N,0.024762,N,0.019614
8dcd_chainA,420,R,N,0.016809,N,0.014883
8dcd_chainA,421,G,N,0.034666,N,0.029085
8dcd_chainA,422,D,N,0.028041,N,0.026364
8dcd_chainA,423,R,N,0.023207,N,0.023153
8dcd_chainA,424,I,N,0.019399,N,0.01404
8dcd_chainA,425,R,N,0.032339,N,0.028112
8dcd_chainA,426,Q,N,0.02259,N,0.020719
8dcd_chainA,427,E,N,0.023624,N,0.019705
8dcd_chainA,428,L,N,0.023687,N,0.015801
8dcd_chainA,429,L,N,0.019036,N,0.015886
8dcd_chainA,430,N,N,0.030219,N,0.023755
8dcd_chainA,431,R,N,0.024501,N,0.024289
8dcd_chainA,432,G,N,0.015415,N,0.018683
8dcd_chainA,433,I,N,0.031253,N,0.028726
8dcd_chainA,434,Y,N,0.018781,N,0.01925
8dcd_chainA,435,V,N,0.02148,N,0.021564
8dcd_chainA,436,R,N,0.082622,N,0.083707
8dcd_chainA,437,A,N,0.027299,N,0.027208
8dcd_chainA,438,A,N,0.013891,N,0.018477
8dcd_chainA,439,S,N,0.017177,N,0.024207
8dcd_chainA,440,M,N,0.013959,N,0.022502
8dcd_chainA,441,R,N,0.01751,N,0.0227
8dcd_chainA,442,V,N,0.012987,N,0.017942
8dcd_chainA,443,V,N,0.014706,N,0.010336
8dcd_chainA,444,A,N,0.017993,N,0.014488
8dcd_chainA,445,E,N,0.041828,N,0.034167
8dcd_chainA,446,E,N,0.056709,N,0.042281
8dcd_chainA,447,A,N,0.062242,N,0.036385
8dcd_chainA,448,P,N,0.04571,N,0.028538
8dcd_chainA,449,G,N,0.01746,N,0.017008
8dcd_chainA,450,A,N,0.033215,N,0.024292
8dcd_chainA,451,Y,N,0.06316,N,0.060959
8dcd_chainA,452,K,N,0.033697,N,0.041524
8dcd_chainA,453,N,N,0.034718,N,0.14353
8dcd_chainA,454,V,N,0.050305,N,0.165184
8dcd_chainA,455,D,N,0.020669,N,0.02216
8dcd_chainA,456,N,N,0.010617,N,0.050725
8dcd_chainA,457,V,N,0.020445,N,0.095895
8dcd_chainA,458,V,N,0.025497,N,0.026074
8dcd_chainA,459,K,N,0.017476,N,0.022607
8dcd_chainA,460,V,N,0.01203,N,0.041234
8dcd_chainA,461,V,N,0.019291,N,0.019446
8dcd_chainA,462,S,N,0.019807,N,0.016294
8dcd_chainA,463,E,N,0.02893,N,0.031802
8dcd_chainA,464,A,N,0.02953,N,0.018928
8dcd_chainA,465,G,N,0.017624,N,0.013078
8dcd_chainA,466,I,N,0.026112,N,0.014818
8dcd_chainA,467,A,N,0.02844,N,0.021967
8dcd_chainA,468,K,N,0.021352,N,0.020161
8dcd_chainA,469,L,N,0.018095,N,0.016806
8dcd_chainA,470,V,N,0.02459,N,0.01498
8dcd_chainA,471,A,N,0.021156,N,0.009722
8dcd_chainA,472,R,N,0.057224,N,0.0283
8dcd_chainA,473,M,N,0.032377,N,0.023155
8dcd_chainA,474,R,N,0.041732,N,0.026787
8dcd_chainA,475,P,N,0.023007,N,0.025939
8dcd_chainA,476,I,N,0.026503,N,0.036536
8dcd_chainA,477,G,N,0.011932,N,0.059281
8dcd_chainA,478,V,N,0.045169,N,0.116429
8dcd_chainA,479,A,N,0.011487,N,0.015257
8dcd_chainA,480,K,N,0.013016,N,0.017333
8dcd_chainA,481,G,N,0.019997,N,0.023691
